"Date","Price","Open","High","Low","Vol.","Change %"
"2026-09-18","398.98","400.30","400.49","398.14","2.59M","0.16%"
"2026-09-17","398.36","400.28","401.44","398.04","7.75M","1.69%"
"2026-09-16","391.74","398.91","400.60","388.39","15.77M","-0.61%"
"2026-09-15","394.15","393.11","395.31","391.81","6.71M","0.33%"
"2026-09-14","392.84","391.89","395.90","390.96","7.44M","-1.49%"
"2026-09-11","398.77","402.53","403.65","398.14","10.96M","0.61%"
"2026-09-10","396.36","399.53","401.15","395.45","10.20M","-1.73%"
"2026-09-09","403.35","406.11","406.56","401.18","8.19M","0.91%"
"2026-09-08","399.72","403.56","404.28","399.48","8.99M","-1.73%"
"2026-09-04","406.77","404.66","408.00","403.96","9.82M","-0.84%"
"2026-09-03","410.22","410.71","413.54","408.54","12.51M","1.85%"
"2026-09-02","402.78","399.71","403.33","399.58","13.71M","1.52%"
"2026-09-01","396.75","398.29","401.25","396.45","13.14M","-2.86%"
"2026-08-31","408.42","407.76","408.80","404.90","9.49M","-0.11%"
"2026-08-28","408.89","422.24","424.79","407.62","25.04M","-3.24%"
"2026-08-27","422.60","420.82","423.35","418.43","7.09M","0.30%"
"2026-08-26","421.32","423.00","424.95","420.31","9.82M","-1.58%"
"2026-08-25","428.07","422.77","428.14","422.33","12.45M","0.32%"
"2026-08-24","426.69","428.55","429.42","424.20","18.94M","0.79%"
"2026-08-21","423.36","420.53","424.89","419.42","14.53M","1.95%"
"2026-08-20","415.26","410.08","416.45","409.82","13.90M","0.34%"
"2026-08-19","413.84","408.81","414.00","407.47","17.48M","3.84%"
"2026-08-18","398.55","402.55","404.32","397.87","10.66M","-1.71%"
"2026-08-17","405.49","402.33","406.23","402.18","9.60M","1.00%"
"2026-08-14","401.48","402.18","403.33","400.93","6.75M","0.63%"
"2026-08-13","398.96","402.17","402.58","398.28","8.70M","-1.47%"
"2026-08-12","404.92","405.31","407.36","403.22","10.38M","0.99%"
"2026-08-11","400.96","403.44","404.03","399.89","7.44M","-0.39%"
"2026-08-10","402.54","397.71","403.24","395.93","11.06M","1.02%"
"2026-08-07","398.47","399.60","400.66","396.95","13.32M","2.26%"
"2026-08-06","389.67","389.50","392.12","387.27","10.95M","0.01%"
"2026-08-05","389.64","384.96","391.51","384.32","14.76M","4.14%"
"2026-08-04","374.16","374.14","376.69","373.71","5.72M","0.66%"
"2026-08-03","371.71","370.10","372.04","368.64","4.97M","0.05%"
"2026-07-31","371.54","370.84","372.01","368.82","6.83M","-1.49%"
"2026-07-30","377.16","374.16","377.86","373.76","5.97M","1.64%"
"2026-07-29","371.08","368.29","377.62","366.53","11.84M","0.46%"
"2026-07-28","369.37","369.61","371.23","367.98","4.82M","-1.40%"
"2026-07-27","374.63","373.89","375.53","372.91","3.70M","0.73%"
"2026-07-24","371.90","371.26","374.49","371.03","3.85M","0.10%"
"2026-07-23","371.52","372.36","373.09","370.53","9.82M","-2.00%"
"2026-07-22","379.12","379.07","382.22","378.83","7.12M","1.15%"
"2026-07-21","374.81","371.70","375.01","371.07","6.07M","1.96%"
"2026-07-20","367.60","367.79","368.79","366.80","3.92M","-0.22%"
"2026-07-17","368.41","364.11","369.21","363.60","6.46M","0.95%"
"2026-07-16","364.96","367.45","368.43","364.05","9.05M","-1.98%"
"2026-07-15","372.35","372.11","374.49","369.50","7.68M","0.05%"
"2026-07-14","372.15","374.53","376.28","370.92","6.30M","1.37%"
"2026-07-13","367.13","372.77","372.89","365.77","7.16M","-2.62%"
"2026-07-10","377.01","375.00","377.55","373.70","5.46M","-0.31%"
"2026-07-09","378.18","378.51","379.65","377.41","4.75M","1.00%"
"2026-07-08","374.45","373.17","375.47","368.95","7.73M","-0.81%"
"2026-07-07","377.49","382.39","383.60","375.52","4.82M","-1.21%"
"2026-07-06","382.13","380.21","382.43","378.83","3.91M","1.06%"
"2026-07-02","378.13","377.43","380.27","376.29","7.61M","2.03%"
"2026-07-01","370.60","371.20","377.78","370.21","9.06M","0.60%"
"2026-06-30","368.38","369.22","372.83","368.26","5.30M","-0.05%"
"2026-06-29","368.58","370.58","371.19","366.97","5.01M","-1.35%"
"2026-06-26","373.63","372.27","375.85","371.18","5.60M","1.13%"
"2026-06-25","369.46","368.99","371.04","366.80","9.16M","0.97%"
"2026-06-24","365.92","364.81","370.90","363.32","12.74M","-3.02%"
"2026-06-23","377.32","377.72","380.35","377.17","7.39M","-1.89%"
"2026-06-22","384.59","384.25","386.41","382.64","7.84M","-0.65%"
"2026-06-18","387.12","391.24","392.50","385.60","7.63M","-0.38%"
"2026-06-17","388.60","397.82","402.04","387.08","13.34M","-2.27%"
"2026-06-16","397.63","397.83","398.96","395.82","6.00M","0.27%"
"2026-06-15","396.55","399.49","401.00","396.15","10.48M","2.59%"
"2026-06-12","386.54","385.73","388.77","383.35","7.53M","0.06%"
"2026-06-11","386.32","373.96","387.21","371.88","12.62M","3.13%"
"2026-06-10","374.58","380.75","384.21","374.55","13.96M","-4.15%"
"2026-06-09","390.78","397.57","400.48","388.75","9.57M","-1.63%"
"2026-06-08","397.27","397.52","398.98","396.03","8.06M","0.26%"
"2026-06-05","396.24","404.38","404.72","395.92","11.47M","-3.65%"
"2026-06-04","411.27","413.37","414.37","409.01","4.65M","0.83%"
"2026-06-03","407.87","408.38","409.38","406.23","5.04M","-0.99%"
"2026-06-02","411.95","414.08","414.40","411.10","3.82M","0.17%"
"2026-06-01","411.26","409.86","412.61","408.24","6.16M","-1.40%"
"2026-05-29","417.12","415.62","421.82","415.08","7.71M","1.05%"
"2026-05-28","412.77","406.48","414.51","405.41","7.18M","1.05%"
"2026-05-27","408.49","404.33","409.25","404.30","6.62M","-1.33%"
"2026-05-26","414.00","415.16","415.98","411.50","5.10M","0.04%"
"2026-05-22","413.82","415.17","415.68","412.00","5.53M","-0.76%"
"2026-05-21","416.99","413.14","418.42","411.95","4.68M","-0.10%"
"2026-05-20","417.40","412.14","417.99","410.08","6.00M","1.43%"
"2026-05-19","411.50","412.45","414.47","409.88","5.42M","-1.66%"
"2026-05-18","418.43","419.82","420.93","416.06","5.63M","0.27%"
"2026-05-15","417.29","417.64","419.25","414.12","9.36M","-2.32%"
"2026-05-14","427.21","430.30","431.54","427.10","4.02M","-0.76%"
"2026-05-13","430.50","430.52","432.49","428.75","4.18M","-0.56%"
"2026-05-12","432.93","430.70","432.98","425.85","6.66M","-0.40%"
"2026-05-11","434.65","434.18","436.04","432.21","5.57M","0.20%"
"2026-05-08","433.77","434.05","436.20","431.70","5.38M","0.48%"
"2026-05-07","431.68","435.61","437.42","430.25","6.82M","0.17%"
"2026-05-06","430.96","430.15","433.19","429.60","7.01M","3.03%"
"2026-05-05","418.27","420.15","421.16","417.90","4.28M","0.86%"
"2026-05-04","414.71","418.84","420.86","413.28","7.29M","-2.00%"
"2026-05-01","423.18","421.41","427.93","421.08","5.91M","-0.11%"
"2026-04-30","423.66","425.34","425.46","422.74","6.73M","1.50%"
"2026-04-29","417.41","416.74","419.17","414.16","6.45M","-1.07%"
"2026-04-28","421.91","420.72","422.52","418.40","7.72M","-1.86%"
"2026-04-27","429.89","431.66","431.80","428.52","6.11M","-0.78%"
"2026-04-24","433.25","431.33","435.28","430.65","5.92M","0.51%"
"2026-04-23","431.04","433.96","435.29","428.22","4.98M","-0.97%"
"2026-04-22","435.26","436.27","437.17","433.78","5.18M","1.32%"
"2026-04-21","429.57","438.55","440.24","428.71","9.48M","-2.83%"
"2026-04-20","442.09","443.13","443.42","440.05","8.47M","-0.86%"
"2026-04-17","445.93","445.65","448.70","445.32","9.71M","1.33%"
"2026-04-16","440.08","442.15","442.98","438.18","5.35M","-0.09%"
"2026-04-15","440.46","442.88","443.74","439.60","6.46M","-1.04%"
"2026-04-14","445.09","439.32","445.18","439.02","8.73M","2.23%"
"2026-04-13","435.36","434.77","436.22","431.63","5.55M","-0.40%"
"2026-04-10","437.13","438.59","440.35","436.00","6.19M","-0.18%"
"2026-04-09","437.91","436.47","440.90","435.87","6.75M","0.78%"
"2026-04-08","434.53","439.98","440.44","431.31","9.69M","0.63%"
"2026-04-07","431.81","427.89","433.43","423.10","7.26M","0.97%"
"2026-04-06","427.65","428.87","431.49","426.71","5.42M","-0.41%"
"2026-04-02","429.41","422.29","431.67","421.17","10.84M","-1.92%"
"2026-04-01","437.82","435.00","440.19","433.76","14.13M","1.75%"
"2026-03-31","430.29","420.08","430.57","419.59","14.53M","3.79%"
"2026-03-30","414.58","419.54","420.10","412.66","13.17M","-0.03%"
"2026-03-27","414.70","406.20","418.40","405.41","16.58M","3.51%"
"2026-03-26","400.64","408.53","411.37","400.26","15.76M","-3.76%"
"2026-03-25","416.29","419.70","420.66","412.25","15.71M","3.01%"
"2026-03-24","404.13","400.24","407.29","399.20","17.48M","0.02%"
"2026-03-23","404.04","405.12","414.54","399.64","36.80M","-2.26%"
"2026-03-20","413.38","428.09","428.59","411.23","27.20M","-3.06%"
"2026-03-19","426.41","420.36","428.27","416.80","30.21M","-4.12%"
"2026-03-18","444.74","446.66","450.06","444.39","18.38M","-3.16%"
"2026-03-17","459.27","460.51","462.21","456.87","7.61M","-0.25%"
"2026-03-16","460.43","461.27","462.80","456.90","8.96M","-0.09%"
"2026-03-13","460.84","469.31","470.10","460.22","11.74M","-1.29%"
"2026-03-12","466.88","475.02","475.02","466.60","11.90M","-1.97%"
"2026-03-11","476.24","476.13","477.45","473.13","7.52M","-0.34%"
"2026-03-10","477.86","479.74","481.31","474.21","9.62M","1.13%"
"2026-03-09","472.53","468.09","472.68","464.79","8.83M","-0.21%"
"2026-03-06","473.51","469.04","475.46","467.07","10.49M","1.58%"
"2026-03-05","466.13","470.45","470.67","463.91","11.67M","-1.20%"
"2026-03-04","471.80","474.82","476.42","469.39","9.99M","0.78%"
"2026-03-03","468.14","472.83","473.20","458.93","22.59M","-4.46%"
"2026-03-02","490.00","490.10","492.15","483.28","19.92M","1.29%"
"2026-02-27","483.75","480.75","483.90","479.11","16.80M","1.31%"
"2026-02-26","477.48","474.95","477.83","442.04","12.38M","0.86%"
"2026-02-25","473.42","475.74","479.53","472.90","12.95M","-0.25%"
"2026-02-24","474.61","470.08","475.44","469.55","14.15M","-1.39%"
"2026-02-23","481.28","474.65","481.46","474.61","17.44M","2.70%"
"2026-02-20","468.62","463.25","468.62","458.34","14.32M","1.97%"
"2026-02-19","459.56","457.34","461.51","456.03","8.41M","0.28%"
"2026-02-18","458.28","455.81","460.51","455.32","10.23M","2.25%"
"2026-02-17","448.20","450.26","451.37","445.53","10.98M","-3.12%"
"2026-02-13","462.62","459.73","463.84","456.25","12.36M","2.49%"
"2026-02-12","451.39","464.90","466.38","448.06","20.49M","-3.47%"
"2026-02-11","467.63","466.00","468.61","462.82","11.21M","1.13%"
"2026-02-10","462.40","465.96","466.75","459.52","7.86M","-0.99%"
"2026-02-09","467.03","461.39","467.56","460.85","12.33M","2.54%"
"2026-02-06","455.46","450.73","456.93","450.03","12.66M","3.07%"
"2026-02-05","441.88","444.29","450.90","440.35","17.72M","-2.66%"
"2026-02-04","453.97","462.47","463.10","445.71","24.43M","-0.07%"
"2026-02-03","454.29","452.63","459.00","448.31","28.70M","6.36%"
"2026-02-02","427.13","434.01","440.78","422.55","41.63M","-4.00%"
"2026-01-30","444.95","466.24","470.06","430.80","86.59M","-10.27%"
"2026-01-29","495.90","509.51","509.70","468.51","69.97M","0.27%"
"2026-01-28","494.56","483.39","495.88","481.25","44.15M","3.88%"
"2026-01-27","476.10","465.07","476.49","463.95","28.39M","2.45%"
"2026-01-26","464.70","466.78","469.28","460.36","34.16M","1.46%"
"2026-01-23","458.00","454.11","458.75","453.45","21.53M","1.37%"
"2026-01-22","451.79","443.84","452.98","443.56","19.25M","1.85%"
"2026-01-21","443.60","446.87","448.00","437.11","38.83M","1.46%"
"2026-01-20","437.23","436.69","438.14","434.10","21.31M","3.78%"
"2026-01-16","421.29","422.80","424.80","417.04","20.95M","-0.48%"
"2026-01-15","423.33","423.02","425.06","422.79","14.25M","-0.61%"
"2026-01-14","425.94","426.03","426.86","422.84","18.31M","1.02%"
"2026-01-13","421.63","424.59","426.12","420.07","16.68M","-0.14%"
"2026-01-12","422.23","421.52","425.74","421.52","20.90M","1.87%"
"2026-01-09","414.47","413.21","415.29","411.80","14.01M","0.72%"
"2026-01-08","411.49","406.96","411.64","406.40","8.71M","0.55%"
"2026-01-07","409.23","408.63","410.81","406.65","10.59M","-0.96%"
"2026-01-06","413.18","410.67","413.48","410.31","11.64M","1.08%"
"2026-01-05","408.76","406.39","409.72","406.15","13.41M","2.63%"
"2026-01-02","398.28","401.62","401.82","396.25","10.37M","0.50%"
"2025-12-31","396.31","398.60","400.13","395.59","10.19M","-0.65%"
"2025-12-30","398.89","403.60","403.80","398.56","10.18M","0.07%"
"2025-12-29","398.60","403.66","403.76","395.33","20.68M","-4.35%"
"2025-12-26","416.74","416.48","418.45","414.75","10.48M","1.17%"
"2025-12-25","411.93","412.25","411.93","411.93","6.72M","0.00%"
"2025-12-24","411.93","412.25","412.63","408.83","6.72M","-0.41%"
"2025-12-23","413.64","410.30","413.76","407.10","13.19M","1.33%"
"2025-12-22","408.23","406.98","408.52","405.72","14.20M","2.31%"
"2025-12-19","399.02","397.92","400.63","397.17","9.89M","0.11%"
"2025-12-18","398.57","398.28","402.21","396.05","11.84M","-0.18%"
"2025-12-17","399.29","398.08","399.98","397.25","10.46M","0.86%"
"2025-12-16","395.89","397.75","398.71","394.59","9.20M","0.02%"
"2025-12-15","395.80","397.76","398.71","394.07","11.35M","0.09%"
"2025-12-12","395.44","399.15","400.39","391.47","16.79M","0.56%"
"2025-12-11","393.24","389.02","394.09","388.50","11.24M","1.08%"
"2025-12-10","389.05","385.95","389.76","384.50","9.12M","0.43%"
"2025-12-09","387.40","385.62","388.21","385.27","6.36M","0.51%"
"2025-12-08","385.42","387.02","387.24","384.01","6.82M","-0.26%"
"2025-12-05","386.44","389.12","391.73","386.17","9.45M","-0.18%"
"2025-12-04","387.13","386.92","388.00","385.40","6.75M","0.06%"
"2025-12-03","386.88","388.46","390.13","385.83","7.89M","-0.09%"
"2025-12-02","387.24","388.87","388.98","382.91","8.10M","-0.64%"
"2025-12-01","389.75","390.61","390.70","388.06","11.18M","0.48%"
"2025-11-28","387.88","385.98","388.00","384.99","7.18M","1.24%"
"2025-11-26","383.12","381.05","383.77","380.46","9.18M","0.80%"
"2025-11-25","380.08","380.26","382.52","378.06","10.46M","-0.03%"
"2025-11-24","380.20","374.88","380.28","374.19","10.09M","1.58%"
"2025-11-21","374.27","374.02","377.23","372.94","13.19M","-0.15%"
"2025-11-20","374.85","375.29","377.69","371.85","10.51M","-0.03%"
"2025-11-19","374.96","377.77","380.17","373.03","10.98M","0.16%"
"2025-11-18","374.35","374.83","375.54","371.62","7.82M","0.73%"
"2025-11-17","371.65","374.04","375.46","368.52","13.30M","-1.15%"
"2025-11-14","375.96","372.87","378.20","370.89","15.20M","-1.80%"
"2025-11-13","382.87","387.29","388.18","381.21","15.87M","-0.81%"
"2025-11-12","385.99","380.07","387.46","379.44","16.20M","1.61%"
"2025-11-11","379.87","379.98","380.40","376.87","10.75M","0.39%"
"2025-11-10","378.38","375.93","378.66","374.78","13.46M","2.73%"
"2025-11-07","368.31","367.94","370.42","366.42","11.06M","0.61%"
"2025-11-06","366.07","367.16","368.18","364.70","6.89M","-0.12%"
"2025-11-05","366.51","366.39","367.10","364.65","8.36M","1.16%"
"2025-11-04","362.32","363.48","365.74","361.39","11.54M","-1.75%"
"2025-11-03","368.78","368.91","370.84","367.54","7.25M","0.18%"
"2025-10-31","368.12","370.47","370.66","365.50","11.08M","-0.54%"
"2025-10-30","370.13","365.09","370.36","364.50","14.81M","1.96%"
"2025-10-29","363.00","369.65","370.08","361.36","18.89M","-0.38%"
"2025-10-28","364.38","361.81","365.30","360.12","19.26M","-0.72%"
"2025-10-27","367.01","371.13","371.59","365.34","23.66M","-2.78%"
"2025-10-24","377.52","378.51","380.77","376.81","13.26M","-0.34%"
"2025-10-23","378.79","381.46","382.25","378.65","13.70M","0.40%"
"2025-10-22","377.28","372.75","378.47","368.93","30.52M","0.01%"
"2025-10-21","377.24","386.54","388.89","375.65","54.10M","-6.43%"
"2025-10-20","403.15","397.45","403.30","394.20","34.52M","3.64%"
"2025-10-17","388.99","397.14","397.28","385.22","62.02M","-1.88%"
"2025-10-16","396.45","391.15","396.87","390.40","33.62M","2.34%"
"2025-10-15","387.39","385.93","387.76","384.59","20.60M","1.73%"
"2025-10-14","380.79","378.21","382.38","377.90","18.41M","0.71%"
"2025-10-13","378.09","376.50","378.86","375.58","18.51M","2.43%"
"2025-10-10","369.12","367.54","370.31","365.44","24.19M","1.01%"
"2025-10-09","365.43","373.14","373.22","362.83","33.67M","-1.85%"
"2025-10-08","372.30","371.65","373.57","370.50","28.05M","1.65%"
"2025-10-07","366.26","366.51","367.27","364.55","16.84M","0.52%"
"2025-10-06","364.38","362.16","365.30","361.37","17.09M","1.88%"
"2025-10-03","357.64","357.12","358.14","355.80","14.46M","0.80%"
"2025-10-02","354.79","358.26","358.67","351.40","16.16M","-0.35%"
"2025-10-01","356.03","356.17","356.97","354.79","15.57M","0.16%"
"2025-09-30","355.47","351.13","355.57","350.86","13.31M","0.85%"
"2025-09-29","352.46","351.79","352.83","351.28","15.72M","1.65%"
"2025-09-26","346.74","345.83","348.25","345.31","11.70M","0.58%"
"2025-09-25","344.75","344.39","345.83","342.47","12.64M","0.42%"
"2025-09-24","343.32","346.70","346.83","342.14","12.71M","-0.91%"
"2025-09-23","346.46","348.23","348.75","345.32","18.38M","0.41%"
"2025-09-22","345.05","342.75","345.07","341.84","12.39M","1.73%"
"2025-09-19","339.18","336.51","339.23","336.31","14.98M","1.06%"
"2025-09-18","335.62","336.22","336.32","333.81","14.91M","-0.40%"
"2025-09-17","336.97","338.53","341.24","335.52","16.54M","-0.77%"
"2025-09-16","339.59","340.09","340.88","338.62","12.16M","0.20%"
"2025-09-15","338.91","336.31","339.28","336.23","10.57M","1.04%"
"2025-09-12","335.42","335.88","336.39","335.23","9.62M","0.20%"
"2025-09-11","334.76","333.37","335.16","332.97","9.08M","-0.15%"
"2025-09-10","335.26","335.73","336.50","326.19","11.95M","0.36%"
"2025-09-09","334.06","337.03","338.31","333.85","21.64M","-0.23%"
"2025-09-08","334.82","333.66","335.67","333.23","18.62M","1.14%"
"2025-09-05","331.05","329.53","331.44","328.93","16.07M","1.33%"
"2025-09-04","326.69","327.03","327.56","325.35","11.70M","-0.44%"
"2025-09-03","328.14","327.76","329.45","326.73","16.06M","0.78%"
"2025-09-02","325.59","320.82","325.92","320.24","21.25M","2.36%"
"2025-08-29","318.07","314.72","318.09","314.64","15.64M","0.96%"
"2025-08-28","315.03","313.32","315.08","313.07","9.61M","0.74%"
"2025-08-27","312.71","311.39","312.91","310.77","4.32M","0.20%"
"2025-08-26","312.08","310.62","312.21","310.30","11.70M","0.73%"
"2025-08-25","309.83","309.67","310.84","309.67","4.04M","-0.24%"
"2025-08-22","310.58","306.52","311.02","306.43","8.53M","1.07%"
"2025-08-21","307.29","307.86","308.15","307.03","4.81M","-0.35%"
"2025-08-20","308.36","307.54","308.47","307.40","6.52M","1.01%"
"2025-08-19","305.27","306.76","307.48","305.19","5.03M","-0.55%"
"2025-08-18","306.95","307.79","307.89","306.63","6.15M","-0.16%"
"2025-08-15","307.43","307.34","308.00","306.87","5.99M","0.06%"
"2025-08-14","307.25","307.92","308.34","306.52","5.82M","-0.63%"
"2025-08-13","309.21","309.10","310.39","308.45","4.72M","0.30%"
"2025-08-12","308.27","308.22","309.30","306.71","9.70M","-0.09%"
"2025-08-11","308.55","308.62","309.66","307.63","10.33M","-1.44%"
"2025-08-08","313.05","312.35","313.53","311.00","19.89M","-0.02%"
"2025-08-07","313.12","311.72","313.14","310.70","10.89M","0.84%"
"2025-08-06","310.50","310.32","311.24","309.84","7.42M","-0.21%"
"2025-08-05","311.16","310.37","312.24","310.22","7.00M","0.08%"
"2025-08-04","310.91","310.80","311.74","310.37","7.64M","0.58%"
"2025-08-01","309.11","308.61","309.55","307.45","12.84M","2.03%"
"2025-07-31","302.96","304.59","304.61","302.86","8.98M","0.66%"
"2025-07-30","300.96","304.42","304.65","300.95","13.46M","-1.73%"
"2025-07-29","306.25","305.80","307.03","304.98","5.74M","0.28%"
"2025-07-28","305.41","306.44","306.58","304.05","9.28M","-0.65%"
"2025-07-25","307.40","307.82","308.31","306.20","9.38M","-0.92%"
"2025-07-24","310.27","309.29","310.99","309.06","7.70M","-0.61%"
"2025-07-23","312.18","314.00","314.96","311.42","10.55M","-1.24%"
"2025-07-22","316.10","314.48","316.24","313.62","13.69M","0.95%"
"2025-07-21","313.13","311.88","313.31","311.61","11.00M","1.54%"
"2025-07-18","308.39","309.24","309.37","308.32","5.57M","0.26%"
"2025-07-17","307.59","305.50","307.67","305.12","6.64M","-0.22%"
"2025-07-16","308.26","307.11","311.09","305.73","17.69M","0.50%"
"2025-07-15","306.73","307.73","308.74","305.79","8.15M","-0.42%"
"2025-07-14","308.01","309.07","309.38","307.73","5.77M","-0.37%"
"2025-07-11","309.14","308.86","310.28","308.52","9.19M","0.96%"
"2025-07-10","306.20","306.11","306.51","304.82","7.06M","0.22%"
"2025-07-09","305.52","303.58","305.54","303.23","10.64M","0.45%"
"2025-07-08","304.16","306.30","306.45","302.77","11.84M","-1.04%"
"2025-07-07","307.37","305.07","307.70","304.53","7.35M","0.07%"
"2025-07-03","307.14","307.05","307.57","306.15","5.28M","-0.68%"
"2025-07-02","309.25","308.04","309.39","306.96","8.32M","0.55%"
"2025-07-01","307.55","308.55","309.00","307.36","9.34M","0.89%"
"2025-06-30","304.83","302.39","304.92","301.95","8.19M","1.20%"
"2025-06-27","301.22","300.03","302.36","299.89","13.30M","-1.81%"
"2025-06-26","306.78","305.77","307.28","304.86","6.79M","-0.11%"
"2025-06-25","307.12","305.31","307.36","305.12","6.73M","0.30%"
"2025-06-24","306.19","305.07","306.34","303.54","12.04M","-1.57%"
"2025-06-23","311.08","310.34","312.67","310.31","12.69M","0.31%"
"2025-06-20","310.13","309.33","310.89","309.25","8.79M","-0.04%"
"2025-06-18","310.26","312.89","312.98","309.86","9.37M","-0.54%"
"2025-06-17","311.94","312.66","313.00","310.12","8.23M","0.05%"
"2025-06-16","311.78","314.80","314.87","311.65","12.85M","-1.43%"
"2025-06-13","316.29","317.26","317.60","315.04","16.59M","1.31%"
"2025-06-12","312.20","311.74","313.10","311.15","11.53M","1.24%"
"2025-06-11","308.37","307.50","308.61","305.85","9.25M","0.54%"
"2025-06-10","306.71","308.31","308.60","305.87","7.07M","0.03%"
"2025-06-09","306.62","305.39","307.61","305.06","7.16M","0.47%"
"2025-06-06","305.18","309.09","309.20","305.10","7.79M","-1.34%"
"2025-06-05","309.33","311.24","312.20","307.65","10.86M","-0.50%"
"2025-06-04","310.90","309.41","311.88","308.74","7.46M","0.64%"
"2025-06-03","308.91","309.56","309.56","307.15","9.32M","-0.89%"
"2025-06-02","311.67","309.21","311.72","308.72","13.59M","2.66%"
"2025-05-30","303.60","303.64","304.02","301.50","9.55M","-0.66%"
"2025-05-29","305.61","305.74","306.89","304.46","9.50M","0.59%"
"2025-05-28","303.81","304.64","304.99","303.06","8.80M","-0.23%"
"2025-05-27","304.50","303.81","304.88","302.74","9.58M","-1.69%"
"2025-05-23","309.75","308.86","310.25","307.47","13.34M","2.19%"
"2025-05-22","303.11","305.09","305.28","302.10","9.70M","-0.89%"
"2025-05-21","305.82","304.55","306.46","303.67","12.41M","0.74%"
"2025-05-20","303.58","298.35","303.68","298.30","12.85M","1.86%"
"2025-05-19","298.03","297.85","298.58","296.48","11.66M","1.29%"
"2025-05-16","294.24","292.62","294.58","291.78","14.17M","-1.21%"
"2025-05-15","297.84","294.10","297.90","293.75","13.50M","1.60%"
"2025-05-14","293.16","293.67","294.80","291.96","14.80M","-2.10%"
"2025-05-13","299.46","299.02","300.30","297.24","10.23M","0.43%"
"2025-05-12","298.19","298.33","299.47","296.82","14.38M","-2.82%"
"2025-05-09","306.84","307.79","308.57","306.01","6.91M","0.73%"
"2025-05-08","304.63","309.76","310.48","303.05","11.93M","-1.97%"
"2025-05-07","310.75","312.10","313.26","310.08","7.91M","-1.50%"
"2025-05-06","315.48","313.12","315.62","311.40","11.45M","2.80%"
"2025-05-05","306.88","305.92","307.65","304.67","8.92M","2.99%"
"2025-05-02","297.98","300.17","300.85","297.03","8.68M","0.17%"
"2025-05-01","297.46","297.41","297.94","295.32","14.97M","-2.08%"
"2025-04-30","303.77","304.61","306.07","303.44","8.33M","-0.75%"
"2025-04-29","306.06","305.81","306.95","304.00","6.85M","-0.97%"
"2025-04-28","309.07","304.15","309.11","302.97","9.38M","1.42%"
"2025-04-25","304.73","301.78","305.37","301.01","10.69M","-1.08%"
"2025-04-24","308.07","306.98","308.49","304.71","10.84M","1.46%"
"2025-04-23","303.65","304.18","304.74","300.59","25.42M","-2.40%"
"2025-04-22","311.11","317.49","317.63","310.36","35.24M","-1.42%"
"2025-04-21","315.59","315.02","316.41","313.95","20.37M","3.09%"
"2025-04-17","306.12","306.31","307.13","302.73","18.29M","-0.44%"
"2025-04-16","307.47","304.65","308.06","303.80","20.78M","3.25%"
"2025-04-15","297.78","296.93","298.02","296.09","7.92M","0.52%"
"2025-04-14","296.23","295.54","296.58","294.53","12.43M","-0.57%"
"2025-04-11","297.93","297.96","299.27","296.81","21.08M","1.91%"
"2025-04-10","292.35","288.80","292.86","287.23","19.84M","2.44%"
"2025-04-09","285.38","282.22","285.87","281.04","25.34M","3.70%"
"2025-04-08","275.20","277.87","278.32","274.24","12.64M","0.54%"
"2025-04-07","273.71","278.86","280.14","272.58","19.81M","-2.15%"
"2025-04-04","279.72","283.64","284.03","278.02","21.52M","-2.34%"
"2025-04-03","286.42","282.78","289.09","282.45","20.52M","-0.60%"
"2025-04-02","288.16","288.28","289.03","287.36","11.07M","0.21%"
"2025-04-01","287.57","288.54","289.13","285.91","15.92M","-0.20%"
"2025-03-31","288.14","287.53","288.39","285.85","13.93M","1.44%"
"2025-03-28","284.06","283.82","284.64","282.86","9.56M","0.74%"
"2025-03-27","281.97","280.55","282.07","279.59","8.48M","1.34%"
"2025-03-26","278.24","278.93","279.02","277.78","3.74M","-0.08%"
"2025-03-25","278.47","278.78","279.96","278.27","5.09M","0.44%"
"2025-03-24","277.25","278.91","279.09","276.86","7.87M","-0.45%"
"2025-03-21","278.49","279.46","279.46","276.59","9.36M","-0.80%"
"2025-03-20","280.75","279.49","280.90","279.43","5.86M","-0.13%"
"2025-03-19","281.11","279.85","281.48","279.06","8.82M","0.41%"
"2025-03-18","279.96","279.90","280.21","278.97","9.60M","1.17%"
"2025-03-17","276.73","275.54","276.79","275.39","8.58M","0.54%"
"2025-03-14","275.24","276.27","276.30","274.66","13.36M","0.04%"
"2025-03-13","275.13","271.57","275.35","271.55","13.74M","1.78%"
"2025-03-12","270.33","268.47","271.23","268.36","7.24M","0.43%"
"2025-03-11","269.16","268.47","269.73","268.44","8.44M","1.17%"
"2025-03-10","266.04","267.62","268.44","265.64","7.59M","-0.88%"
"2025-03-07","268.39","269.09","270.34","267.64","10.43M","0.05%"
"2025-03-06","268.25","268.25","269.51","268.16","6.14M","-0.51%"
"2025-03-05","269.62","267.97","270.26","267.96","6.99M","0.21%"
"2025-03-04","269.06","269.01","269.40","267.52","8.48M","0.87%"
"2025-03-03","266.74","265.07","266.88","265.07","7.73M","1.32%"
"2025-02-28","263.27","262.55","263.40","261.25","11.50M","-0.63%"
"2025-02-27","264.93","266.49","266.67","264.45","9.37M","-1.52%"
"2025-02-26","269.03","267.08","269.08","266.66","7.28M","0.15%"
"2025-02-25","268.62","271.46","271.68","266.45","10.08M","-1.32%"
"2025-02-24","272.21","271.45","272.32","270.38","5.37M","0.54%"
"2025-02-21","270.74","270.80","271.51","269.51","8.92M","-0.09%"
"2025-02-20","270.99","270.23","271.84","270.17","7.36M","0.05%"
"2025-02-19","270.85","270.68","271.33","269.24","9.34M","0.06%"
"2025-02-18","270.70","269.68","271.01","269.60","8.19M","1.66%"
"2025-02-14","266.29","270.07","270.21","265.45","11.55M","-1.49%"
"2025-02-13","270.31","268.40","270.39","268.22","8.35M","0.99%"
"2025-02-12","267.67","267.15","268.43","266.35","9.33M","0.10%"
"2025-02-11","267.39","267.70","268.36","266.71","7.17M","-0.37%"
"2025-02-10","268.37","268.00","268.66","267.24","13.25M","1.69%"
"2025-02-07","263.90","265.22","266.35","263.26","9.15M","0.18%"
"2025-02-06","263.43","263.66","263.72","261.49","8.73M","-0.27%"
"2025-02-05","264.13","264.45","265.99","263.89","12.68M","0.62%"
"2025-02-04","262.50","261.83","262.54","261.35","9.85M","0.98%"
"2025-02-03","259.94","259.75","261.39","259.52","11.52M","0.53%"
"2025-01-31","258.56","259.08","259.99","257.86","8.97M","0.20%"
"2025-01-30","258.05","257.20","258.29","256.45","12.98M","1.51%"
"2025-01-29","254.20","254.55","254.82","253.30","5.67M","-0.38%"
"2025-01-28","255.18","254.23","255.25","253.89","5.33M","0.87%"
"2025-01-27","252.99","253.86","254.26","251.92","5.80M","-1.04%"
"2025-01-24","255.65","255.96","257.07","255.61","7.34M","0.62%"
"2025-01-23","254.07","253.19","254.54","252.82","6.51M","-0.14%"
"2025-01-22","254.43","254.29","254.68","253.78","5.21M","0.51%"
"2025-01-21","253.13","251.95","253.36","251.83","7.67M","1.55%"
"2025-01-17","249.27","249.70","250.81","249.15","8.31M","-0.53%"
"2025-01-16","250.60","250.56","251.39","250.27","9.24M","0.69%"
"2025-01-15","248.88","248.21","248.90","247.01","6.34M","0.75%"
"2025-01-14","247.03","245.62","247.04","245.52","4.91M","0.52%"
"2025-01-13","245.74","246.34","246.79","245.15","8.45M","-1.00%"
"2025-01-10","248.21","248.01","249.04","247.55","12.38M","0.96%"
"2025-01-08","245.86","245.72","246.45","244.51","6.30M","0.53%"
"2025-01-07","244.56","245.52","245.77","243.81","5.09M","0.56%"
"2025-01-06","243.19","242.33","243.79","242.05","3.76M","-0.12%"
"2025-01-03","243.49","244.56","244.82","243.36","4.88M","-0.79%"
"2025-01-02","245.42","244.22","245.53","244.08","6.24M","1.36%"
"2024-12-31","242.13","241.05","242.52","241.05","2.52M","0.62%"
"2024-12-30","240.63","241.08","241.08","239.58","3.52M","-0.32%"
"2024-12-27","241.40","241.20","241.95","241.05","4.73M","-0.69%"
"2024-12-26","243.07","242.39","243.56","242.20","4.65M","0.68%"
"2024-12-24","241.44","241.49","241.66","240.82","2.42M","0.20%"
"2024-12-23","240.96","241.60","241.67","240.65","5.84M","-0.47%"
"2024-12-20","242.10","241.41","242.96","241.17","9.53M","1.04%"
"2024-12-19","239.60","239.67","240.05","238.73","8.11M","0.14%"
"2024-12-18","239.26","243.57","243.71","238.82","8.02M","-1.92%"
"2024-12-17","243.94","243.80","244.55","243.23","4.42M","-0.38%"
"2024-12-16","244.88","245.41","245.54","244.29","3.31M","0.24%"
"2024-12-13","244.29","245.67","245.94","244.27","6.60M","-1.21%"
"2024-12-12","247.28","247.81","248.24","246.87","10.15M","-1.47%"
"2024-12-11","250.96","249.35","251.26","248.97","11.03M","0.95%"
"2024-12-10","248.59","247.86","248.86","247.83","4.64M","1.32%"
"2024-12-09","245.36","246.28","247.11","245.26","4.71M","0.99%"
"2024-12-06","242.95","242.79","243.86","242.43","3.54M","0.04%"
"2024-12-05","242.86","244.16","244.38","242.15","4.81M","-0.74%"
"2024-12-04","244.67","244.93","245.34","244.37","4.61M","0.30%"
"2024-12-03","243.93","244.96","245.18","243.30","3.56M","0.20%"
"2024-12-02","243.44","244.46","244.58","243.14","4.77M","-0.88%"
"2024-11-29","245.59","245.25","245.81","244.73","2.71M","0.86%"
"2024-11-27","243.49","244.85","245.18","243.20","6.93M","0.22%"
"2024-11-26","242.95","242.71","243.09","241.58","4.95M","0.19%"
"2024-11-25","242.48","244.27","244.40","241.48","10.73M","-2.95%"
"2024-11-22","249.84","248.20","250.39","247.86","7.50M","1.29%"
"2024-11-21","246.66","246.23","246.81","245.69","7.65M","0.83%"
"2024-11-20","244.62","243.74","245.21","243.51","6.63M","0.56%"
"2024-11-19","243.25","242.75","243.31","242.03","6.58M","0.90%"
"2024-11-18","241.09","240.46","241.49","240.45","6.51M","1.90%"
"2024-11-15","236.59","237.57","237.88","236.33","7.30M","-0.18%"
"2024-11-14","237.01","236.57","237.99","236.13","8.26M","-0.26%"
"2024-11-13","237.63","241.31","241.47","237.59","8.43M","-1.01%"
"2024-11-12","240.05","241.29","241.66","239.39","10.15M","-0.86%"
"2024-11-11","242.14","242.73","242.73","241.06","11.65M","-2.35%"
"2024-11-08","247.96","249.07","249.35","247.78","6.27M","-0.68%"
"2024-11-07","249.65","248.29","250.24","248.12","8.82M","1.61%"
"2024-11-06","245.70","245.63","247.35","244.95","14.60M","-3.04%"
"2024-11-05","253.40","253.78","253.99","252.41","6.03M","0.23%"
"2024-11-04","252.83","253.32","253.58","252.27","4.58M","0.14%"
"2024-11-01","252.47","254.33","254.86","252.43","6.47M","-0.41%"
"2024-10-31","253.51","255.52","255.60","252.20","9.93M","-1.55%"
"2024-10-30","257.50","256.76","257.71","255.91","6.39M","0.55%"
"2024-10-29","256.09","254.49","256.29","254.23","8.88M","1.09%"
"2024-10-28","253.33","253.01","253.63","252.95","4.03M","0.00%"
"2024-10-25","253.32","252.00","253.55","251.77","4.42M","0.21%"
"2024-10-24","252.80","253.27","253.32","251.40","5.96M","0.77%"
"2024-10-23","250.87","253.08","253.18","250.20","8.08M","-1.21%"
"2024-10-22","253.93","253.06","253.94","252.52","5.76M","1.08%"
"2024-10-21","251.22","252.74","253.14","250.73","9.26M","-0.02%"
"2024-10-18","251.27","250.00","251.37","249.90","7.83M","1.06%"
"2024-10-17","248.63","247.75","249.06","247.62","5.18M","0.60%"
"2024-10-16","247.15","247.62","248.09","246.36","5.43M","0.50%"
"2024-10-15","245.92","244.99","246.55","244.53","5.64M","0.35%"
"2024-10-14","245.07","245.16","245.86","244.26","3.92M","-0.16%"
"2024-10-11","245.47","244.50","245.92","244.47","5.79M","1.09%"
"2024-10-10","242.82","241.77","243.02","241.51","4.79M","0.73%"
"2024-10-09","241.05","241.16","241.84","240.64","4.12M","-0.54%"
"2024-10-08","242.37","243.79","244.04","240.63","7.67M","-0.74%"
"2024-10-07","244.17","244.58","244.82","243.81","3.85M","-0.34%"
"2024-10-04","245.00","245.00","246.69","244.04","5.95M","-0.20%"
"2024-10-03","245.49","244.72","245.91","243.69","5.67M","-0.07%"
"2024-10-02","245.66","245.61","246.07","243.99","6.80M","0.02%"
"2024-10-01","245.61","245.20","246.98","245.06","10.61M","1.05%"
"2024-09-30","243.06","243.97","244.08","242.50","6.92M","-0.80%"
"2024-09-27","245.02","246.31","246.75","244.19","8.33M","-0.79%"
"2024-09-26","246.98","246.44","247.37","245.19","7.04M","0.51%"
"2024-09-25","245.73","246.19","246.47","244.79","7.39M","-0.14%"
"2024-09-24","246.07","243.39","246.19","243.15","8.39M","1.40%"
"2024-09-23","242.68","242.97","243.46","242.59","5.43M","0.19%"
"2024-09-20","242.21","241.11","242.63","240.47","7.74M","1.27%"
"2024-09-19","239.17","238.24","239.51","237.39","6.11M","1.55%"
"2024-09-18","235.51","238.19","240.29","235.30","11.08M","-0.77%"
"2024-09-17","237.34","238.08","238.60","236.61","5.26M","-0.55%"
"2024-09-16","238.66","238.73","239.28","238.05","4.71M","-0.01%"
"2024-09-13","238.68","238.13","238.98","237.76","7.46M","0.99%"
"2024-09-12","236.33","234.63","236.45","234.42","9.94M","1.76%"
"2024-09-11","232.25","231.72","232.87","231.09","4.64M","-0.16%"
"2024-09-10","232.62","232.39","232.74","231.12","4.38M","0.44%"
"2024-09-09","231.60","231.26","231.62","230.39","3.55M","0.42%"
"2024-09-06","230.63","231.83","232.76","229.62","6.32M","-0.74%"
"2024-09-05","232.35","232.72","232.89","231.33","4.84M","0.83%"
"2024-09-04","230.43","229.79","231.06","229.38","4.70M","0.06%"
"2024-09-03","230.29","230.38","230.54","228.52","6.42M","-0.43%"
"2024-08-30","231.29","232.53","232.86","230.55","5.74M","-0.71%"
"2024-08-29","232.95","231.95","233.61","231.92","5.52M","0.52%"
"2024-08-28","231.75","232.00","232.02","230.73","4.96M","-0.70%"
"2024-08-27","233.39","231.69","233.47","231.57","4.44M","0.27%"
"2024-08-26","232.76","233.45","233.50","232.06","3.15M","0.32%"
"2024-08-23","232.02","231.04","232.73","230.52","5.42M","1.16%"
"2024-08-22","229.37","230.35","230.38","228.26","5.77M","-1.20%"
"2024-08-21","232.15","231.69","232.87","230.48","5.34M","-0.13%"
"2024-08-20","232.46","233.71","234.01","231.13","9.07M","0.37%"
"2024-08-19","231.61","230.15","231.78","229.74","5.16M","-0.16%"
"2024-08-16","231.99","229.99","232.02","229.01","11.92M","2.24%"
"2024-08-15","226.91","226.51","227.50","225.12","5.27M","0.31%"
"2024-08-14","226.20","226.55","227.48","225.35","5.46M","-0.82%"
"2024-08-13","228.06","228.07","228.87","227.59","6.74M","-0.15%"
"2024-08-12","228.41","226.14","228.54","225.96","5.56M","1.71%"
"2024-08-09","224.56","224.82","225.28","223.82","4.44M","0.25%"
"2024-08-08","224.01","222.73","224.25","222.51","6.33M","1.57%"
"2024-08-07","220.55","221.94","222.31","220.35","5.29M","-0.07%"
"2024-08-06","220.70","221.50","222.14","220.11","14.36M","-0.80%"
"2024-08-05","222.48","220.56","223.10","220.24","8.94M","-1.27%"
"2024-08-02","225.34","227.95","228.76","222.87","11.11M","-0.19%"
"2024-08-01","225.77","226.74","227.57","225.05","7.22M","-0.34%"
"2024-07-31","226.55","223.73","226.60","223.64","7.32M","1.81%"
"2024-07-30","222.52","221.41","222.92","220.35","4.94M","1.00%"
"2024-07-29","220.32","221.26","221.55","219.04","4.67M","-0.14%"
"2024-07-26","220.63","219.96","221.04","219.70","6.33M","1.05%"
"2024-07-25","218.33","219.02","219.26","217.52","9.78M","-1.56%"
"2024-07-24","221.80","223.47","224.88","221.74","6.84M","-0.35%"
"2024-07-23","222.58","222.34","222.75","221.86","4.44M","0.35%"
"2024-07-22","221.80","221.58","221.92","220.40","5.33M","0.03%"
"2024-07-19","221.73","221.52","222.68","221.41","8.67M","-1.79%"
"2024-07-18","225.78","227.71","228.32","225.57","5.49M","-0.64%"
"2024-07-17","227.23","228.79","229.65","226.67","8.62M","-0.46%"
"2024-07-16","228.29","225.45","228.29","225.30","11.07M","1.99%"
"2024-07-15","223.83","223.39","225.59","223.02","5.72M","0.32%"
"2024-07-12","223.11","222.03","223.62","221.86","5.18M","-0.06%"
"2024-07-11","223.25","222.65","224.15","221.48","9.32M","1.77%"
"2024-07-10","219.36","220.14","220.71","219.16","5.56M","0.37%"
"2024-07-09","218.56","218.57","219.29","217.26","3.90M","0.17%"
"2024-07-08","218.19","219.64","220.04","217.41","5.79M","-1.24%"
"2024-07-05","220.93","219.58","221.28","219.58","5.95M","1.35%"
"2024-07-03","217.99","217.34","218.74","217.33","5.06M","1.13%"
"2024-07-02","215.56","215.33","216.08","214.62","4.92M","0.00%"
"2024-07-01","215.57","215.25","216.00","214.49","3.80M","0.26%"
"2024-06-28","215.01","215.64","215.81","214.82","3.96M","0.01%"
"2024-06-27","214.99","214.71","215.50","214.45","4.98M","1.13%"
"2024-06-26","212.58","212.39","213.11","212.12","4.69M","-0.92%"
"2024-06-25","214.56","214.96","215.31","214.12","3.85M","-0.50%"
"2024-06-24","215.63","215.55","215.94","215.20","4.63M","0.40%"
"2024-06-21","214.78","217.83","217.90","214.26","8.94M","-1.55%"
"2024-06-20","218.16","216.32","218.74","216.15","7.29M","1.25%"
"2024-06-18","215.47","214.38","215.83","214.04","4.92M","0.40%"
"2024-06-17","214.61","214.90","215.24","213.60","3.88M","-0.52%"
"2024-06-14","215.73","215.34","216.04","214.98","7.08M","1.30%"
"2024-06-13","212.97","214.44","214.96","212.26","5.86M","-0.82%"
"2024-06-12","214.72","216.47","216.55","214.20","5.91M","0.27%"
"2024-06-11","214.15","213.95","214.38","213.24","4.00M","0.29%"
"2024-06-10","213.54","213.13","214.02","212.76","4.22M","0.92%"
"2024-06-07","211.60","215.07","215.19","211.54","12.20M","-3.57%"
"2024-06-06","219.43","218.36","219.97","218.10","5.28M","0.74%"
"2024-06-05","217.82","216.69","218.08","215.93","5.48M","1.18%"
"2024-06-04","215.27","216.24","216.24","214.20","5.51M","-0.90%"
"2024-06-03","217.22","215.92","217.82","215.54","6.17M","0.89%"
"2024-05-31","215.30","217.77","217.96","214.65","5.62M","-0.59%"
"2024-05-30","216.57","216.69","217.51","216.41","3.07M","0.19%"
"2024-05-29","216.16","216.92","217.16","216.12","4.18M","-0.93%"
"2024-05-28","218.19","218.43","218.59","217.21","3.81M","1.05%"
"2024-05-24","215.92","216.96","217.21","215.74","4.21M","0.09%"
"2024-05-23","215.72","218.78","219.23","215.66","9.54M","-1.99%"
"2024-05-22","220.11","223.09","223.24","219.74","8.90M","-1.84%"
"2024-05-21","224.23","224.77","225.21","223.70","4.00M","-0.15%"
"2024-05-20","224.56","223.79","225.66","223.02","5.99M","0.40%"
"2024-05-17","223.66","222.18","223.85","221.67","10.48M","1.65%"
"2024-05-16","220.03","220.14","220.59","219.41","4.30M","-0.39%"
"2024-05-15","220.89","219.06","221.19","217.65","9.30M","1.28%"
"2024-05-14","218.09","217.31","218.38","216.98","4.66M","0.85%"
"2024-05-13","216.26","217.06","217.31","215.80","4.90M","-1.12%"
"2024-05-10","218.71","219.22","219.60","218.08","8.70M","0.81%"
"2024-05-09","216.95","214.48","216.95","214.44","7.73M","1.58%"
"2024-05-08","213.58","213.62","214.80","213.50","4.46M","-0.29%"
"2024-05-07","214.21","214.52","214.93","213.88","5.66M","-0.46%"
"2024-05-06","215.20","215.14","215.91","214.47","6.84M","1.05%"
"2024-05-03","212.96","212.89","213.23","210.71","8.68M","-0.08%"
"2024-05-02","213.13","211.90","213.71","211.49","6.29M","-0.31%"
"2024-05-01","213.79","212.96","215.50","212.41","10.37M","0.91%"
"2024-04-30","211.87","213.38","214.13","211.80","11.25M","-1.99%"
"2024-04-29","216.18","216.02","217.21","215.25","6.41M","-0.20%"
"2024-04-26","216.62","216.77","217.07","215.53","6.27M","0.32%"
"2024-04-25","215.92","214.47","217.05","214.34","6.61M","0.60%"
"2024-04-24","214.64","214.76","216.35","214.36","5.74M","-0.19%"
"2024-04-23","215.04","213.96","215.86","213.87","10.73M","-0.25%"
"2024-04-22","215.57","216.35","216.96","215.14","13.40M","-2.47%"
"2024-04-19","221.03","220.49","222.36","220.08","8.69M","0.31%"
"2024-04-18","220.34","221.31","221.46","219.31","6.50M","0.34%"
"2024-04-17","219.59","221.05","221.76","218.52","11.52M","-0.74%"
"2024-04-16","221.22","220.18","221.99","218.78","10.75M","0.12%"
"2024-04-15","220.95","217.94","221.03","215.16","13.24M","1.87%"
"2024-04-12","216.89","221.87","225.09","216.02","30.90M","-1.32%"
"2024-04-11","219.80","216.85","219.84","215.89","11.42M","1.94%"
"2024-04-10","215.61","215.37","217.78","214.68","13.32M","-0.95%"
"2024-04-09","217.67","217.81","218.86","216.45","13.08M","0.55%"
"2024-04-08","216.48","215.98","216.81","214.61","10.33M","0.62%"
"2024-04-05","215.14","212.49","215.74","212.22","13.38M","1.71%"
"2024-04-04","211.52","212.00","213.45","211.02","12.31M","-0.57%"
"2024-04-03","212.74","210.57","212.83","210.30","11.42M","0.88%"
"2024-04-02","210.89","209.07","211.03","208.36","13.42M","1.48%"
"2024-04-01","207.82","208.68","208.73","206.29","13.68M","1.02%"
"2024-03-28","205.72","204.54","206.05","203.87","9.19M","1.29%"
"2024-03-27","203.10","202.32","203.22","202.32","6.04M","0.72%"
"2024-03-26","201.64","202.65","202.76","201.07","5.75M","0.32%"
"2024-03-25","200.99","201.19","201.95","200.96","4.03M","0.32%"
"2024-03-22","200.35","201.32","201.86","199.71","6.92M","-0.80%"
"2024-03-21","201.97","203.88","203.92","200.60","7.40M","-0.10%"
"2024-03-20","202.18","199.16","202.66","199.12","9.59M","1.19%"
"2024-03-19","199.80","199.62","199.81","198.93","4.66M","-0.11%"
"2024-03-18","200.03","199.66","200.15","199.51","7.21M","0.16%"
"2024-03-15","199.71","199.94","200.63","199.57","4.56M","-0.32%"
"2024-03-14","200.35","200.37","200.47","199.34","6.87M","-0.42%"
"2024-03-13","201.19","200.44","201.86","200.35","5.93M","0.70%"
"2024-03-12","199.79","200.42","200.63","199.16","9.44M","-1.09%"
"2024-03-11","202.00","201.71","202.41","201.46","7.33M","0.18%"
"2024-03-08","201.63","200.89","203.30","200.45","13.54M","0.85%"
"2024-03-07","199.94","199.54","200.11","198.91","8.40M","0.57%"
"2024-03-06","198.81","198.08","199.30","197.44","10.46M","0.82%"
"2024-03-05","197.19","197.44","198.14","196.65","9.67M","0.60%"
"2024-03-04","196.01","194.15","196.33","193.88","12.22M","1.62%"
"2024-03-01","192.89","190.27","193.40","189.44","13.41M","1.89%"
"2024-02-29","189.31","189.64","189.92","189.23","6.85M","0.52%"
"2024-02-28","188.34","188.34","188.52","188.03","2.82M","0.18%"
"2024-02-27","188.00","188.58","188.72","187.88","5.17M","-0.11%"
"2024-02-26","188.20","187.79","188.36","187.53","4.49M","-0.22%"
"2024-02-23","188.62","187.56","189.18","187.46","6.83M","0.57%"
"2024-02-22","187.56","187.56","187.64","187.05","4.55M","0.04%"
"2024-02-21","187.48","187.88","188.04","187.10","5.79M","0.01%"
"2024-02-20","187.47","187.96","188.03","187.40","5.53M","0.61%"
"2024-02-16","186.34","185.08","186.67","184.84","6.52M","0.37%"
"2024-02-15","185.66","185.60","186.02","185.10","6.23M","0.67%"
"2024-02-14","184.42","184.27","184.88","183.78","7.03M","-0.06%"
"2024-02-13","184.53","185.35","185.38","184.33","9.53M","-1.38%"
"2024-02-12","187.11","186.60","187.27","186.36","4.71M","-0.26%"
"2024-02-09","187.60","187.56","187.77","187.14","4.41M","-0.39%"
"2024-02-08","188.33","187.91","188.53","187.82","3.87M","-0.09%"
"2024-02-07","188.50","188.45","189.39","188.28","6.28M","-0.03%"
"2024-02-06","188.55","187.94","188.85","187.74","4.87M","0.52%"
"2024-02-05","187.57","186.88","187.82","186.70","5.44M","-0.55%"
"2024-02-02","188.61","188.07","188.87","187.85","7.34M","-0.95%"
"2024-02-01","190.41","189.71","191.36","188.99","10.28M","1.04%"
"2024-01-31","188.45","189.37","190.46","188.13","7.89M","-0.07%"
"2024-01-30","188.59","189.70","189.83","187.98","4.98M","0.14%"
"2024-01-29","188.33","188.31","188.54","187.19","5.63M","0.71%"
"2024-01-26","187.01","187.27","187.38","186.76","5.06M","-0.07%"
"2024-01-25","187.14","187.34","187.64","186.46","4.65M","0.40%"
"2024-01-24","186.40","188.33","188.37","186.32","6.09M","-0.82%"
"2024-01-23","187.95","187.45","188.15","187.28","5.04M","0.39%"
"2024-01-22","187.22","187.23","187.76","186.85","4.40M","-0.38%"
"2024-01-19","187.93","188.26","188.30","187.44","5.72M","0.30%"
"2024-01-18","187.37","186.36","187.40","186.30","4.69M","0.82%"
"2024-01-17","185.84","187.31","187.42","185.45","8.64M","-1.10%"
"2024-01-16","187.91","189.15","189.26","187.54","6.55M","-0.95%"
"2024-01-12","189.71","190.67","191.08","189.16","6.83M","0.98%"
"2024-01-11","187.87","188.02","188.55","186.56","6.83M","0.20%"
"2024-01-10","187.50","188.14","188.44","187.21","4.50M","-0.23%"
"2024-01-09","187.93","188.68","188.78","187.73","4.44M","0.03%"
"2024-01-08","187.87","187.21","188.74","187.11","6.21M","-0.78%"
"2024-01-05","189.35","189.68","191.26","189.08","7.48M","0.02%"
"2024-01-04","189.32","189.08","189.75","188.69","4.42M","0.10%"
"2024-01-03","189.13","188.77","189.86","188.16","8.66M","-0.83%"
"2024-01-02","190.72","191.44","191.89","190.50","6.03M","-0.24%"
"2023-12-29","191.17","190.99","191.64","190.74","4.61M","-0.16%"
"2023-12-28","191.47","192.34","192.89","191.44","6.17M","-0.58%"
"2023-12-27","192.59","191.77","193.18","191.54","5.81M","0.45%"
"2023-12-26","191.72","190.97","191.74","190.40","4.50M","0.76%"
"2023-12-22","190.27","191.60","191.88","190.07","7.18M","0.44%"
"2023-12-21","189.43","189.21","189.62","188.75","4.62M","0.71%"
"2023-12-20","188.10","188.69","188.96","188.09","6.00M","-0.54%"
"2023-12-19","189.13","188.23","189.72","188.13","6.03M","0.68%"
"2023-12-18","187.85","187.50","188.49","187.24","5.36M","0.45%"
"2023-12-15","187.00","188.52","188.96","186.82","8.32M","-0.92%"
"2023-12-14","188.73","188.86","189.82","188.08","9.11M","0.59%"
"2023-12-13","187.63","183.82","187.66","183.38","10.64M","2.26%"
"2023-12-12","183.49","183.84","183.98","183.26","5.06M","-0.05%"
"2023-12-11","183.59","184.50","184.53","183.15","8.52M","-1.10%"
"2023-12-08","185.64","185.93","186.78","184.90","7.88M","-1.33%"
"2023-12-07","188.15","188.45","188.59","187.26","5.80M","0.17%"
"2023-12-06","187.84","188.32","188.46","187.50","5.78M","0.37%"
"2023-12-05","187.15","187.55","187.88","186.30","7.03M","-0.38%"
"2023-12-04","187.86","189.60","190.38","187.26","18.46M","-2.16%"
"2023-12-01","192.01","188.80","192.40","188.68","16.73M","1.73%"
"2023-11-30","188.75","188.89","189.24","188.28","7.56M","-0.42%"
"2023-11-29","189.54","189.16","189.99","189.02","8.41M","0.15%"
"2023-11-28","189.26","187.90","189.40","187.52","10.90M","1.33%"
"2023-11-27","186.77","186.56","186.80","185.93","6.32M","0.67%"
"2023-11-24","185.52","185.47","185.75","185.16","2.45M","0.52%"
"2023-11-22","184.56","185.47","185.72","184.27","4.34M","-0.43%"
"2023-11-21","185.35","185.57","186.12","185.07","7.32M","1.08%"
"2023-11-20","183.37","182.32","183.48","182.23","5.39M","-0.16%"
"2023-11-17","183.67","183.96","184.13","183.45","4.87M","-0.01%"
"2023-11-16","183.69","182.85","184.32","182.80","8.25M","1.13%"
"2023-11-15","181.64","182.03","182.18","181.31","4.91M","-0.26%"
"2023-11-14","182.12","181.70","182.75","181.62","6.83M","0.89%"
"2023-11-13","180.51","179.40","180.73","179.11","5.39M","0.56%"
"2023-11-10","179.51","180.51","180.59","179.24","7.61M","-1.09%"
"2023-11-09","181.49","180.98","182.28","180.89","6.49M","0.40%"
"2023-11-08","180.77","182.01","182.07","180.57","6.74M","-1.00%"
"2023-11-07","182.59","182.25","182.65","181.75","6.80M","-0.41%"
"2023-11-06","183.35","184.14","184.23","183.34","8.27M","-0.78%"
"2023-11-03","184.79","184.48","185.47","184.35","8.53M","0.36%"
"2023-11-02","184.12","184.13","184.28","183.50","7.34M","0.33%"
"2023-11-01","183.51","183.91","185.00","182.67","9.05M","-0.32%"
"2023-10-31","184.09","185.08","186.21","183.49","10.10M","-0.55%"
"2023-10-30","185.10","185.54","185.70","184.73","8.76M","-0.56%"
"2023-10-27","186.15","183.76","186.36","183.47","14.10M","1.16%"
"2023-10-26","184.01","183.40","184.49","182.87","7.67M","0.16%"
"2023-10-25","183.72","183.42","184.30","182.04","10.09M","0.42%"
"2023-10-24","182.95","182.07","183.40","181.68","6.59M","-0.01%"
"2023-10-23","182.97","183.51","183.56","182.71","9.48M","-0.34%"
"2023-10-20","183.59","183.43","185.23","183.09","12.79M","0.27%"
"2023-10-19","183.09","181.04","183.43","180.82","13.41M","1.23%"
"2023-10-18","180.87","180.89","182.02","179.75","13.92M","1.45%"
"2023-10-17","178.29","178.37","179.13","177.98","8.23M","0.19%"
"2023-10-16","177.96","177.84","178.33","177.54","8.39M","-0.49%"
"2023-10-13","178.83","176.89","179.10","176.72","18.80M","3.21%"
"2023-10-12","173.26","174.06","174.23","173.24","5.91M","-0.30%"
"2023-10-11","173.79","173.60","174.13","173.26","7.13M","0.73%"
"2023-10-10","172.53","172.08","172.79","171.90","5.84M","-0.17%"
"2023-10-09","172.82","171.18","172.86","171.07","10.20M","1.84%"
"2023-10-06","169.70","169.17","170.23","168.50","9.95M","0.52%"
"2023-10-05","168.83","168.74","169.00","168.30","6.97M","-0.18%"
"2023-10-04","169.14","169.21","169.41","168.50","10.03M","-0.01%"
"2023-10-03","169.16","169.14","170.08","168.74","11.46M","-0.29%"
"2023-10-02","169.65","170.23","170.46","169.50","12.71M","-1.05%"
"2023-09-29","171.45","173.92","174.03","171.26","10.43M","-1.03%"
"2023-09-28","173.23","173.91","174.13","172.32","10.06M","-0.50%"
"2023-09-27","174.10","175.27","175.32","173.70","10.92M","-1.24%"
"2023-09-26","176.28","176.82","177.14","176.16","7.18M","-0.80%"
"2023-09-25","177.70","178.41","178.71","177.64","5.58M","-0.52%"
"2023-09-22","178.62","178.65","178.95","178.51","3.64M","0.32%"
"2023-09-21","178.05","177.86","178.49","177.69","7.57M","-0.72%"
"2023-09-20","179.35","179.34","180.66","179.32","9.33M","0.07%"
"2023-09-19","179.22","179.54","179.65","179.03","4.23M","-0.09%"
"2023-09-18","179.39","178.82","179.41","178.38","5.05M","0.59%"
"2023-09-15","178.34","178.55","179.10","178.34","5.62M","0.66%"
"2023-09-14","177.17","176.50","177.39","176.36","6.18M","0.05%"
"2023-09-13","177.08","177.53","177.75","177.04","3.87M","-0.23%"
"2023-09-12","177.49","177.11","177.70","177.05","4.45M","-0.52%"
"2023-09-11","178.41","178.97","179.07","178.26","3.69M","0.19%"
"2023-09-08","178.08","178.36","179.04","177.90","3.29M","0.03%"
"2023-09-07","178.02","178.31","178.37","177.90","3.26M","0.11%"
"2023-09-06","177.83","178.33","179.01","177.70","6.43M","-0.45%"
"2023-09-05","178.64","179.33","179.44","178.64","7.06M","-0.82%"
"2023-09-01","180.11","180.80","181.12","179.51","4.97M","0.05%"
"2023-08-31","180.02","180.37","180.49","179.94","4.80M","-0.17%"
"2023-08-30","180.32","180.58","180.88","180.29","6.59M","0.25%"
"2023-08-29","179.87","178.03","179.88","177.90","7.58M","0.98%"
"2023-08-28","178.13","177.65","178.73","177.51","4.74M","0.29%"
"2023-08-25","177.62","177.58","178.38","176.63","6.13M","-0.13%"
"2023-08-24","177.85","177.66","178.49","177.41","5.53M","-0.02%"
"2023-08-23","177.89","177.32","178.22","177.07","7.95M","1.02%"
"2023-08-22","176.10","175.83","176.25","175.31","5.89M","0.16%"
"2023-08-21","175.81","175.90","175.94","174.96","4.21M","0.27%"
"2023-08-18","175.33","175.83","176.05","175.10","6.25M","0.02%"
"2023-08-17","175.30","176.53","176.56","174.93","7.94M","-0.15%"
"2023-08-16","175.57","176.62","176.95","175.56","6.56M","-0.58%"
"2023-08-15","176.59","176.75","177.43","176.33","7.58M","-0.27%"
"2023-08-14","177.06","176.86","177.58","176.58","9.55M","-0.30%"
"2023-08-11","177.60","177.70","178.36","177.49","5.29M","0.00%"
"2023-08-10","177.60","178.22","178.70","177.54","5.93M","-0.11%"
"2023-08-09","177.79","178.68","178.92","177.78","4.64M","-0.48%"
"2023-08-08","178.64","178.64","179.33","178.46","6.16M","-0.63%"
"2023-08-07","179.78","180.15","180.15","179.27","4.51M","-0.23%"
"2023-08-04","180.19","180.25","180.77","179.85","5.33M","0.36%"
"2023-08-03","179.54","179.44","179.95","179.28","4.64M","-0.03%"
"2023-08-02","179.60","180.57","180.79","179.41","6.35M","-0.48%"
"2023-08-01","180.46","180.85","181.38","180.19","6.29M","-1.04%"
"2023-07-31","182.35","182.43","183.09","182.31","5.50M","0.27%"
"2023-07-28","181.86","181.48","182.27","181.25","3.83M","0.80%"
"2023-07-27","180.42","181.64","181.64","180.32","7.59M","-1.57%"
"2023-07-26","183.30","182.66","183.64","182.31","6.16M","0.49%"
"2023-07-25","182.41","181.72","182.47","181.10","4.09M","0.56%"
"2023-07-24","181.40","182.22","182.54","181.34","4.37M","-0.43%"
"2023-07-21","182.18","182.06","182.46","181.68","3.85M","-0.31%"
"2023-07-20","182.74","183.73","183.77","182.47","4.97M","-0.51%"
"2023-07-19","183.67","183.45","183.84","182.87","3.91M","0.02%"
"2023-07-18","183.64","182.79","184.23","182.32","8.24M","1.15%"
"2023-07-17","181.56","180.99","181.63","180.64","4.15M","0.07%"
"2023-07-14","181.43","181.59","182.17","181.11","5.39M","-0.32%"
"2023-07-13","182.01","181.96","182.15","181.49","4.53M","0.07%"
"2023-07-12","181.88","181.18","181.95","181.10","7.06M","1.35%"
"2023-07-11","179.45","179.43","179.71","179.13","2.82M","0.37%"
"2023-07-10","178.78","178.37","178.92","178.26","3.32M","0.08%"
"2023-07-07","178.64","178.38","179.65","178.35","5.20M","0.75%"
"2023-07-06","177.31","177.51","177.80","176.66","5.13M","-0.30%"
"2023-07-05","177.84","179.41","179.42","177.82","5.65M","-0.35%"
"2023-07-03","178.47","178.61","179.34","178.46","4.09M","0.11%"
"2023-06-30","178.27","177.69","178.53","177.32","6.42M","0.67%"
"2023-06-29","177.09","175.83","177.63","175.79","6.86M","-0.11%"
"2023-06-28","177.28","177.23","177.68","176.70","5.87M","-0.23%"
"2023-06-27","177.69","179.07","179.29","177.43","5.04M","-0.46%"
"2023-06-26","178.51","179.05","179.07","178.42","3.22M","0.17%"
"2023-06-23","178.20","179.60","179.95","178.09","5.42M","0.28%"
"2023-06-22","177.71","178.36","178.99","177.63","7.95M","-0.99%"
"2023-06-21","179.49","179.15","179.95","178.19","6.70M","-0.14%"
"2023-06-20","179.75","180.06","180.09","179.22","7.59M","-1.04%"
"2023-06-16","181.63","181.93","182.62","181.41","8.78M","-0.15%"
"2023-06-15","181.91","180.28","182.05","180.18","6.74M","0.70%"
"2023-06-14","180.64","181.69","181.96","180.14","6.81M","0.06%"
"2023-06-13","180.54","182.10","182.43","180.16","5.13M","-0.74%"
"2023-06-12","181.88","181.80","181.94","181.04","4.88M","-0.09%"
"2023-06-09","182.04","182.36","182.79","181.72","4.38M","-0.27%"
"2023-06-08","182.53","182.00","183.04","181.96","6.39M","1.32%"
"2023-06-07","180.15","181.94","183.00","180.15","9.07M","-1.20%"
"2023-06-06","182.34","182.36","182.65","181.52","4.97M","0.11%"
"2023-06-05","182.14","180.79","182.44","180.60","6.40M","0.60%"
"2023-06-02","181.05","183.53","183.56","180.96","8.73M","-1.47%"
"2023-06-01","183.76","182.81","184.21","182.72","7.30M","0.79%"
"2023-05-31","182.32","182.39","183.45","182.10","8.50M","0.15%"
"2023-05-30","182.04","181.72","182.40","181.17","4.91M","0.62%"
"2023-05-26","180.92","181.01","181.30","180.09","5.82M","0.40%"
"2023-05-25","180.20","181.18","181.31","180.10","6.92M","-0.96%"
"2023-05-24","181.95","183.54","183.54","181.77","6.73M","-0.81%"
"2023-05-23","183.43","182.78","183.76","182.48","6.35M","0.12%"
"2023-05-22","183.21","183.22","183.84","182.91","4.83M","-0.23%"
"2023-05-19","183.64","182.25","184.34","181.81","8.43M","0.99%"
"2023-05-18","181.84","182.10","182.28","181.34","8.81M","-1.30%"
"2023-05-17","184.23","184.30","184.45","183.48","7.47M","-0.35%"
"2023-05-16","184.87","186.58","186.82","184.46","9.53M","-1.25%"
"2023-05-15","187.21","187.30","187.88","187.03","5.52M","0.21%"
"2023-05-12","186.81","187.43","187.92","186.58","7.09M","-0.17%"
"2023-05-11","187.13","188.44","188.81","186.86","8.25M","-0.86%"
"2023-05-10","188.75","188.98","189.64","187.82","9.39M","-0.14%"
"2023-05-09","189.02","188.12","189.33","188.07","7.10M","0.71%"
"2023-05-08","187.69","187.82","188.67","187.49","6.08M","0.12%"
"2023-05-05","187.46","186.56","187.58","185.77","12.51M","-1.56%"
"2023-05-04","190.44","188.86","191.36","188.81","14.15M","0.70%"
"2023-05-03","189.11","187.61","189.21","186.93","11.13M","0.85%"
"2023-05-02","187.52","184.65","187.64","184.51","13.55M","1.93%"
"2023-05-01","183.97","186.05","186.22","183.91","8.00M","-0.45%"
"2023-04-28","184.80","184.79","185.38","184.17","6.70M","0.03%"
"2023-04-27","184.75","183.90","184.99","183.38","9.11M","0.01%"
"2023-04-26","184.74","186.63","186.65","184.30","8.20M","-0.54%"
"2023-04-25","185.75","184.84","186.22","184.30","8.45M","0.51%"
"2023-04-24","184.81","184.07","185.02","183.46","8.30M","0.30%"
"2023-04-21","184.25","184.98","185.68","183.22","10.70M","-0.99%"
"2023-04-20","186.09","186.14","187.03","185.78","5.79M","0.39%"
"2023-04-19","185.36","184.35","185.58","184.28","7.37M","-0.48%"
"2023-04-18","186.25","185.24","186.99","185.04","8.06M","0.39%"
"2023-04-17","185.53","185.89","185.93","184.10","7.47M","-0.45%"
"2023-04-14","186.36","188.08","188.49","185.17","13.27M","-1.77%"
"2023-04-13","189.72","189.76","190.41","188.99","14.06M","1.35%"
"2023-04-12","187.19","187.54","187.66","185.97","10.00M","0.49%"
"2023-04-11","186.28","185.90","186.51","185.63","6.03M","0.63%"
"2023-04-10","185.11","185.18","185.36","184.19","6.41M","-0.74%"
"2023-04-06","186.49","186.89","187.26","185.95","6.65M","-0.71%"
"2023-04-05","187.83","188.34","188.86","186.78","11.44M","-0.08%"
"2023-04-04","187.98","184.72","188.23","184.66","13.77M","1.86%"
"2023-04-03","184.54","183.85","185.04","183.32","9.21M","0.72%"
"2023-03-31","183.22","184.11","184.42","182.80","8.00M","-0.52%"
"2023-03-30","184.18","182.75","184.44","182.55","6.36M","0.90%"
"2023-03-29","182.53","182.49","183.27","182.24","5.00M","-0.50%"
"2023-03-28","183.44","182.31","183.62","182.12","6.20M","0.82%"
"2023-03-27","181.95","181.15","182.15","180.69","6.93M","-0.93%"
"2023-03-24","183.65","185.61","185.99","183.62","9.25M","-1.13%"
"2023-03-23","185.74","183.91","186.24","183.60","11.35M","1.25%"
"2023-03-22","183.44","180.40","183.94","180.28","11.97M","1.70%"
"2023-03-21","180.37","182.65","182.73","179.90","10.73M","-1.89%"
"2023-03-20","183.84","184.19","184.54","182.74","11.85M","0.04%"
"2023-03-17","183.77","181.02","184.81","180.77","24.16M","2.91%"
"2023-03-16","178.57","179.51","179.65","177.87","10.76M","0.20%"
"2023-03-15","178.21","178.86","180.13","177.49","14.55M","0.78%"
"2023-03-14","176.83","177.35","177.59","176.21","10.02M","-0.58%"
"2023-03-13","177.86","176.66","178.02","176.30","20.55M","2.29%"
"2023-03-10","173.87","171.93","173.88","171.92","13.80M","2.16%"
"2023-03-09","170.20","169.75","170.65","169.71","5.58M","0.98%"
"2023-03-08","168.54","168.61","169.59","168.52","5.72M","-0.05%"
"2023-03-07","168.62","170.42","170.47","168.52","8.71M","-1.75%"
"2023-03-06","171.62","172.32","172.37","171.54","4.26M","-0.50%"
"2023-03-03","172.49","171.45","172.60","170.98","6.89M","1.07%"
"2023-03-02","170.66","170.52","170.98","170.36","3.95M","-0.06%"
"2023-03-01","170.76","170.95","171.49","170.47","6.59M","0.58%"
"2023-02-28","169.78","168.78","170.25","168.59","6.76M","0.46%"
"2023-02-27","169.01","168.88","169.23","168.55","4.51M","0.39%"
"2023-02-24","168.35","168.42","168.84","168.19","6.50M","-0.72%"
"2023-02-23","169.57","169.84","170.13","169.08","5.07M","-0.05%"
"2023-02-22","169.66","170.81","170.96","169.56","4.11M","-0.56%"
"2023-02-21","170.62","171.20","171.50","170.34","4.04M","-0.37%"
"2023-02-17","171.26","169.87","171.47","169.52","4.81M","0.30%"
"2023-02-16","170.75","170.34","171.60","169.96","4.54M","-0.08%"
"2023-02-15","170.89","170.60","170.99","170.16","5.44M","-1.00%"
"2023-02-14","172.61","171.97","173.51","171.41","5.40M","0.08%"
"2023-02-13","172.48","172.70","172.90","172.07","3.97M","-0.51%"
"2023-02-10","173.36","173.63","173.68","172.63","2.97M","0.19%"
"2023-02-09","173.03","175.49","175.52","172.87","5.36M","-0.79%"
"2023-02-08","174.41","174.94","174.99","173.83","4.08M","0.25%"
"2023-02-07","173.98","173.72","175.27","173.47","6.79M","0.09%"
"2023-02-06","173.82","174.11","174.46","173.28","8.96M","0.21%"
"2023-02-03","173.46","174.92","175.43","173.12","13.67M","-2.50%"
"2023-02-02","177.90","181.08","181.11","177.74","8.84M","-2.08%"
"2023-02-01","181.67","179.75","181.73","178.63","8.00M","1.26%"
"2023-01-31","179.41","178.82","179.70","178.54","5.98M","0.36%"
"2023-01-30","178.76","179.29","179.43","178.65","4.21M","-0.26%"
"2023-01-27","179.22","179.27","179.72","178.26","6.05M","-0.14%"
"2023-01-26","179.47","180.15","180.26","178.46","5.86M","-0.91%"
"2023-01-25","181.11","179.35","181.22","179.29","6.93M","0.46%"
"2023-01-24","180.28","179.56","180.32","178.35","4.60M","0.36%"
"2023-01-23","179.63","178.35","179.69","177.78","5.27M","0.19%"
"2023-01-20","179.29","179.06","179.66","178.65","5.75M","-0.33%"
"2023-01-19","179.89","178.37","180.03","178.09","6.68M","1.59%"
"2023-01-18","177.08","178.92","179.18","176.90","5.38M","-0.29%"
"2023-01-17","177.59","178.21","178.24","177.09","6.61M","-0.65%"
"2023-01-13","178.76","176.96","178.82","176.89","7.47M","1.20%"
"2023-01-12","176.64","176.01","176.71","174.88","6.94M","1.16%"
"2023-01-11","174.62","174.76","174.79","173.72","3.37M","-0.07%"
"2023-01-10","174.74","174.61","174.98","174.06","4.40M","0.37%"
"2023-01-09","174.10","174.51","175.04","173.88","5.13M","0.22%"
"2023-01-06","173.71","171.76","173.96","171.23","7.89M","1.87%"
"2023-01-05","170.52","170.82","171.00","169.79","4.69M","-1.25%"
"2023-01-04","172.67","172.86","173.09","171.85","7.57M","0.94%"
"2023-01-03","171.06","171.32","172.09","170.02","7.99M","0.84%"
"2022-12-30","169.64","169.26","169.90","168.79","2.86M","0.47%"
"2022-12-29","168.85","168.54","169.35","168.52","3.35M","0.56%"
"2022-12-28","167.91","168.05","168.34","167.10","3.66M","-0.45%"
"2022-12-27","168.67","167.89","170.61","167.80","6.89M","0.84%"
"2022-12-23","167.26","166.88","167.79","166.66","2.91M","0.30%"
"2022-12-22","166.76","167.76","167.76","166.06","5.67M","-1.21%"
"2022-12-21","168.80","169.04","169.71","168.68","3.99M","-0.17%"
"2022-12-20","169.08","168.10","169.53","168.03","7.80M","1.66%"
"2022-12-19","166.32","166.71","167.11","165.99","3.94M","-0.28%"
"2022-12-16","166.79","166.02","166.98","165.84","5.37M","0.87%"
"2022-12-15","165.35","165.73","166.21","165.10","8.37M","-1.64%"
"2022-12-14","168.10","168.43","168.81","167.14","5.64M","-0.24%"
"2022-12-13","168.51","169.21","169.79","168.02","6.75M","1.71%"
"2022-12-12","165.68","166.44","166.60","165.43","3.50M","-0.83%"
"2022-12-09","167.06","167.26","168.09","166.60","5.43M","0.35%"
"2022-12-08","166.47","166.58","167.04","166.07","3.22M","0.08%"
"2022-12-07","166.33","165.47","166.64","165.32","4.61M","0.90%"
"2022-12-06","164.84","165.20","165.54","164.45","3.60M","0.27%"
"2022-12-05","164.39","166.55","166.72","164.32","5.44M","-1.72%"
"2022-12-02","167.26","166.18","167.47","165.76","5.19M","-0.35%"
"2022-12-01","167.84","167.48","167.95","166.98","8.63M","1.84%"
"2022-11-30","164.81","163.69","164.81","162.40","4.87M","1.28%"
"2022-11-29","162.73","162.70","163.63","162.60","2.62M","0.49%"
"2022-11-28","161.93","162.93","163.06","161.91","4.05M","-0.79%"
"2022-11-25","163.22","162.85","163.43","162.76","1.44M","0.09%"
"2022-11-23","163.08","161.69","163.24","161.56","4.17M","0.62%"
"2022-11-22","162.07","162.30","162.60","161.72","3.20M","0.12%"
"2022-11-21","161.88","162.44","162.50","161.28","4.77M","-0.56%"
"2022-11-18","162.79","163.38","163.69","162.68","4.32M","-0.69%"
"2022-11-17","163.92","163.79","164.11","163.40","4.58M","-0.73%"
"2022-11-16","165.12","165.41","165.71","164.83","3.65M","-0.23%"
"2022-11-15","165.50","165.27","166.23","164.56","9.90M","0.35%"
"2022-11-14","164.92","164.20","165.24","164.15","6.19M","0.22%"
"2022-11-11","164.56","163.91","164.58","163.42","4.62M","0.66%"
"2022-11-10","163.48","162.01","163.51","161.65","9.94M","3.04%"
"2022-11-09","158.65","159.36","160.35","158.45","6.04M","-0.50%"
"2022-11-08","159.45","155.99","159.87","155.98","11.30M","2.31%"
"2022-11-07","155.85","156.22","156.57","155.81","4.43M","-0.40%"
"2022-11-04","156.47","154.95","156.60","154.66","7.69M","3.07%"
"2022-11-03","151.81","150.70","151.96","150.57","5.38M","-0.38%"
"2022-11-02","152.39","154.16","155.42","152.26","7.22M","-0.70%"
"2022-11-01","153.46","153.82","153.98","152.87","4.60M","1.02%"
"2022-10-31","151.91","152.16","152.87","151.89","6.10M","-0.82%"
"2022-10-28","153.16","152.96","153.54","152.50","4.65M","-1.02%"
"2022-10-27","154.74","154.71","155.09","154.22","3.65M","-0.15%"
"2022-10-26","154.98","154.78","155.73","154.78","4.45M","0.64%"
"2022-10-25","154.00","153.96","154.79","153.83","3.43M","0.23%"
"2022-10-24","153.65","153.45","154.06","153.06","4.67M","-0.32%"
"2022-10-21","154.15","151.98","154.31","151.83","6.90M","1.78%"
"2022-10-20","151.45","151.92","153.23","151.27","5.02M","-0.16%"
"2022-10-19","151.69","152.09","152.49","151.54","8.26M","-1.34%"
"2022-10-18","153.75","154.08","154.24","153.24","4.53M","0.22%"
"2022-10-17","153.42","154.92","155.33","153.32","4.35M","0.29%"
"2022-10-14","152.98","154.02","154.20","152.72","5.47M","-1.25%"
"2022-10-13","154.91","153.48","155.73","152.92","7.08M","-0.69%"
"2022-10-12","155.99","155.51","156.29","155.26","4.00M","0.53%"
"2022-10-11","155.16","155.49","156.81","154.92","5.31M","-0.21%"
"2022-10-10","155.48","155.94","156.35","155.12","6.11M","-1.52%"
"2022-10-07","157.88","158.46","158.98","157.68","5.03M","-1.10%"
"2022-10-06","159.63","159.41","159.94","158.95","5.71M","-0.11%"
"2022-10-05","159.81","159.32","160.08","158.38","5.30M","-0.55%"
"2022-10-04","160.70","159.18","161.08","158.92","8.02M","1.43%"
"2022-10-03","158.43","155.44","158.48","155.23","10.36M","2.43%"
"2022-09-30","154.67","154.94","156.04","154.57","6.83M","0.01%"
"2022-09-29","154.66","154.14","155.03","153.16","6.32M","-0.02%"
"2022-09-28","154.69","153.20","154.88","152.93","8.98M","2.08%"
"2022-09-27","151.54","152.25","152.73","151.50","7.15M","0.20%"
"2022-09-26","151.23","153.22","153.51","151.03","8.24M","-1.16%"
"2022-09-23","153.01","153.90","154.00","152.64","9.60M","-1.73%"
"2022-09-22","155.70","156.26","156.48","155.31","5.98M","-0.06%"
"2022-09-21","155.79","155.97","157.25","154.01","7.82M","0.46%"
"2022-09-20","155.07","155.03","155.23","154.59","5.94M","-0.57%"
"2022-09-19","155.96","154.87","156.04","154.82","5.58M","0.08%"
"2022-09-16","155.84","154.66","156.56","154.34","7.14M","0.55%"
"2022-09-15","154.98","156.76","157.49","154.62","13.18M","-1.87%"
"2022-09-14","157.93","158.68","158.98","157.73","6.09M","-0.38%"
"2022-09-13","158.54","158.47","159.27","158.39","6.53M","-1.30%"
"2022-09-12","160.63","161.04","161.62","160.55","4.54M","0.51%"
"2022-09-09","159.82","159.72","160.24","159.41","3.93M","0.53%"
"2022-09-08","158.98","159.54","159.86","158.71","4.61M","-0.60%"
"2022-09-07","159.94","158.15","160.15","158.08","3.98M","1.02%"
"2022-09-06","158.33","159.17","159.46","158.32","4.86M","-0.58%"
"2022-09-02","159.26","159.35","160.06","159.14","5.20M","0.88%"
"2022-09-01","157.87","158.17","158.39","157.32","7.39M","-0.88%"
"2022-08-31","159.27","159.50","160.57","159.26","5.44M","-0.77%"
"2022-08-30","160.51","161.27","161.43","160.34","4.86M","-0.83%"
"2022-08-29","161.86","161.88","162.62","161.70","4.70M","0.06%"
"2022-08-26","161.76","163.12","163.61","161.55","6.69M","-1.22%"
"2022-08-25","163.75","163.97","163.99","163.24","2.86M","0.31%"
"2022-08-24","163.25","162.44","163.61","162.37","3.20M","0.29%"
"2022-08-23","162.77","161.96","163.43","161.91","4.43M","0.70%"
"2022-08-22","161.64","161.66","162.12","161.36","4.46M","-0.66%"
"2022-08-19","162.72","163.65","163.74","162.62","8.17M","-0.73%"
"2022-08-18","163.92","164.60","164.91","163.54","3.65M","-0.26%"
"2022-08-17","164.35","165.21","165.23","163.95","5.57M","-0.65%"
"2022-08-16","165.42","165.31","165.72","165.18","4.29M","-0.18%"
"2022-08-15","165.71","165.99","166.25","165.44","5.24M","-1.29%"
"2022-08-12","167.87","167.17","167.94","166.83","5.15M","0.92%"
"2022-08-11","166.34","167.16","167.66","166.31","4.45M","-0.26%"
"2022-08-10","166.78","167.39","167.98","166.62","4.08M","-0.25%"
"2022-08-09","167.20","167.48","167.80","166.82","3.21M","0.31%"
"2022-08-08","166.69","166.03","166.81","165.93","3.46M","0.85%"
"2022-08-05","165.29","164.99","165.84","164.87","6.02M","-1.12%"
"2022-08-04","167.17","165.53","167.31","165.34","5.50M","1.65%"
"2022-08-03","164.45","164.77","164.91","163.48","4.42M","0.24%"
"2022-08-02","164.05","165.66","166.46","164.02","5.73M","-0.59%"
"2022-08-01","165.03","164.98","165.41","164.41","4.67M","0.57%"
"2022-07-29","164.10","163.89","164.69","163.28","7.54M","0.28%"
"2022-07-28","163.64","163.31","163.76","162.88","5.61M","1.22%"
"2022-07-27","161.67","160.02","162.21","159.51","5.71M","1.02%"
"2022-07-26","160.04","160.23","160.50","159.79","2.67M","-0.12%"
"2022-07-25","160.23","160.64","160.70","159.81","3.71M","-0.27%"
"2022-07-22","160.67","160.55","162.13","160.35","5.73M","0.25%"
"2022-07-21","160.27","158.31","160.31","158.27","5.86M","1.41%"
"2022-07-20","158.04","159.71","159.82","158.02","4.80M","-0.94%"
"2022-07-19","159.54","159.47","159.87","159.33","3.80M","0.24%"
"2022-07-18","159.16","160.08","160.43","159.05","5.79M","0.09%"
"2022-07-15","159.01","159.01","159.25","158.35","6.78M","-0.20%"
"2022-07-14","159.33","159.02","159.83","158.22","12.21M","-1.40%"
"2022-07-13","161.60","160.10","162.71","160.06","8.46M","0.48%"
"2022-07-12","160.83","161.22","161.62","160.72","5.38M","-0.37%"
"2022-07-11","161.43","161.93","162.43","161.38","4.32M","-0.54%"
"2022-07-08","162.30","162.35","163.38","161.84","4.58M","0.04%"
"2022-07-07","162.23","162.43","163.04","162.06","4.59M","0.06%"
"2022-07-06","162.14","164.32","164.57","161.47","11.86M","-1.58%"
"2022-07-05","164.75","167.18","167.33","164.41","14.04M","-2.12%"
"2022-07-01","168.32","167.13","168.68","166.96","11.38M","-0.08%"
"2022-06-30","168.46","169.51","169.96","168.24","9.14M","-0.61%"
"2022-06-29","169.49","170.58","170.70","169.17","4.79M","-0.08%"
"2022-06-28","169.62","170.07","170.21","169.51","2.98M","-0.16%"
"2022-06-27","169.90","170.60","170.67","169.75","5.72M","-0.11%"
"2022-06-24","170.09","170.24","170.74","169.85","6.14M","-0.10%"
"2022-06-23","170.26","171.39","172.13","169.90","6.54M","-0.61%"
"2022-06-22","171.31","171.61","172.30","171.10","6.56M","0.40%"
"2022-06-21","170.63","171.06","171.91","170.47","5.61M","-0.37%"
"2022-06-17","171.27","172.15","172.30","170.97","7.41M","-0.82%"
"2022-06-16","172.69","170.56","172.77","170.17","8.82M","1.12%"
"2022-06-15","170.77","170.40","171.84","169.08","9.00M","1.31%"
"2022-06-14","168.57","169.61","169.73","168.30","7.35M","-0.80%"
"2022-06-13","169.93","171.18","171.34","169.61","13.27M","-2.64%"
"2022-06-10","174.54","170.89","174.94","170.46","16.86M","1.34%"
"2022-06-09","172.23","172.45","172.59","171.58","4.70M","-0.32%"
"2022-06-08","172.78","172.89","173.45","172.67","5.14M","-0.09%"
"2022-06-07","172.94","172.11","173.05","171.99","3.86M","0.65%"
"2022-06-06","171.82","172.81","172.89","171.65","3.77M","-0.44%"
"2022-06-03","172.58","173.53","173.96","172.25","5.52M","-1.02%"
"2022-06-02","174.35","173.66","174.45","173.49","5.62M","1.23%"
"2022-06-01","172.23","172.21","172.53","171.39","6.95M","0.64%"
"2022-05-31","171.14","172.71","173.07","171.08","6.24M","-0.99%"
"2022-05-27","172.85","173.49","173.52","172.64","3.85M","0.05%"
"2022-05-26","172.76","172.13","172.93","171.76","6.47M","-0.18%"
"2022-05-25","173.08","172.79","173.16","171.73","4.60M","-0.60%"
"2022-05-24","174.13","173.47","174.41","173.35","6.79M","0.75%"
"2022-05-23","172.83","173.13","173.38","172.28","5.52M","0.47%"
"2022-05-20","172.03","171.71","172.24","170.89","6.58M","0.07%"
"2022-05-19","171.91","171.55","172.52","170.89","10.58M","1.47%"
"2022-05-18","169.42","169.01","170.21","168.81","7.47M","0.05%"
"2022-05-17","169.33","170.44","170.53","169.14","6.44M","-0.63%"
"2022-05-16","170.40","168.43","170.43","168.34","7.32M","0.95%"
"2022-05-13","168.79","168.31","169.62","168.01","13.03M","-0.81%"
"2022-05-12","170.17","172.07","172.40","169.90","11.56M","-1.53%"
"2022-05-11","172.82","172.51","173.32","172.20","9.16M","0.82%"
"2022-05-10","171.42","173.80","173.96","171.20","11.00M","-0.84%"
"2022-05-09","172.88","174.27","174.27","172.79","10.74M","-1.45%"
"2022-05-06","175.42","175.39","176.56","174.86","7.64M","0.17%"
"2022-05-05","175.13","177.56","177.61","174.66","12.79M","-0.38%"
"2022-05-04","175.80","174.32","176.35","173.67","10.49M","0.98%"
"2022-05-03","174.09","173.89","175.21","173.85","7.21M","0.26%"
"2022-05-02","173.63","173.61","174.65","172.98","14.32M","-1.85%"
"2022-04-29","176.91","178.07","178.60","176.72","7.72M","-0.01%"
"2022-04-28","176.93","175.92","176.96","175.69","6.38M","0.54%"
"2022-04-27","175.98","176.46","176.64","175.50","8.85M","-0.76%"
"2022-04-26","177.32","177.95","178.30","176.91","9.04M","0.15%"
"2022-04-25","177.05","177.15","177.51","176.49","12.95M","-1.80%"
"2022-04-22","180.29","180.72","181.60","179.74","9.15M","-0.97%"
"2022-04-21","182.06","181.77","182.32","180.77","9.64M","-0.36%"
"2022-04-20","182.71","181.59","182.72","181.35","7.04M","0.49%"
"2022-04-19","181.82","183.19","183.65","181.33","12.38M","-1.51%"
"2022-04-18","184.61","185.95","186.10","184.39","8.89M","0.31%"
"2022-04-14","184.04","184.28","184.41","182.88","11.57M","-0.33%"
"2022-04-13","184.65","184.50","184.94","184.13","8.63M","0.48%"
"2022-04-12","183.77","184.04","184.64","182.96","11.97M","0.77%"
"2022-04-11","182.37","183.17","183.33","181.11","10.02M","0.50%"
"2022-04-08","181.47","180.52","181.82","180.52","10.66M","0.63%"
"2022-04-07","180.34","179.87","180.88","179.80","10.12M","0.38%"
"2022-04-06","179.66","179.78","180.31","178.70","8.94M","0.23%"
"2022-04-05","179.24","180.91","181.49","178.93","10.79M","-0.63%"
"2022-04-04","180.37","180.24","180.81","179.58","7.01M","0.48%"
"2022-04-01","179.50","179.55","180.46","178.98","13.03M","-0.64%"
"2022-03-31","180.65","180.91","181.96","180.56","9.68M","0.04%"
"2022-03-30","180.58","179.76","180.92","179.68","8.26M","0.80%"
"2022-03-29","179.14","177.02","179.33","176.69","10.16M","0.04%"
"2022-03-28","179.06","180.38","181.32","178.85","9.33M","-1.82%"
"2022-03-25","182.38","181.81","183.13","181.35","7.91M","-0.41%"
"2022-03-24","183.13","182.35","183.51","181.77","10.51M","0.73%"
"2022-03-23","181.81","180.29","181.89","179.76","12.53M","1.37%"
"2022-03-22","179.36","179.60","179.71","178.32","9.62M","-0.73%"
"2022-03-21","180.67","179.33","181.29","179.32","10.58M","0.76%"
"2022-03-18","179.30","179.93","180.93","179.04","14.00M","-0.88%"
"2022-03-17","180.89","181.16","182.03","180.65","10.89M","0.49%"
"2022-03-16","180.01","179.13","180.12","176.87","17.38M","0.63%"
"2022-03-15","178.89","179.10","180.27","178.01","16.94M","-1.87%"
"2022-03-14","182.30","183.03","183.29","181.95","13.19M","-1.51%"
"2022-03-11","185.09","183.74","185.78","183.44","14.82M","-0.70%"
"2022-03-10","186.40","186.88","187.38","184.99","17.55M","0.31%"
"2022-03-09","185.82","186.04","187.23","184.76","26.80M","-2.97%"
"2022-03-08","191.51","188.35","193.30","188.26","47.26M","2.74%"
"2022-03-07","186.41","184.45","186.64","184.22","26.97M","1.49%"
"2022-03-04","183.68","182.11","183.98","181.36","22.41M","1.59%"
"2022-03-03","180.80","179.96","181.30","179.50","15.16M","0.60%"
"2022-03-02","179.73","180.13","180.71","178.79","19.62M","-1.04%"
"2022-03-01","181.62","179.05","181.76","179.03","21.67M","1.82%"
"2022-02-28","178.38","178.86","178.99","176.50","15.98M","1.04%"
"2022-02-25","176.55","176.42","176.79","175.79","11.53M","-0.33%"
"2022-02-24","177.14","182.59","182.60","175.27","32.37M","-0.65%"
"2022-02-23","178.29","177.39","178.39","177.36","11.67M","0.45%"
"2022-02-22","177.49","177.67","178.07","176.82","14.81M","0.21%"
"2022-02-18","177.12","177.07","177.25","176.51","12.76M","-0.07%"
"2022-02-17","177.25","176.70","177.53","176.39","18.56M","1.37%"
"2022-02-16","174.86","173.49","174.86","173.48","12.70M","1.03%"
"2022-02-15","173.08","173.10","173.34","172.39","12.39M","-0.95%"
"2022-02-14","174.74","173.78","175.00","173.68","13.38M","0.54%"
"2022-02-11","173.81","170.75","174.20","170.71","25.74M","1.91%"
"2022-02-10","170.56","170.52","171.99","170.46","10.51M","-0.38%"
"2022-02-09","171.21","170.68","171.42","170.55","7.77M","0.34%"
"2022-02-08","170.63","170.10","170.78","169.95","5.80M","0.31%"
"2022-02-07","170.11","169.45","170.30","169.19","7.76M","0.74%"
"2022-02-04","168.86","168.04","169.10","167.99","9.62M","0.15%"
"2022-02-03","168.60","168.31","168.82","167.03","10.61M","-0.14%"
"2022-02-02","168.84","168.34","169.12","168.15","8.95M","0.36%"
"2022-02-01","168.23","168.57","168.85","167.87","9.73M","0.08%"
"2022-01-31","168.09","167.79","168.14","167.46","8.33M","0.59%"
"2022-01-28","167.10","166.56","167.46","166.37","9.78M","-0.30%"
"2022-01-27","167.60","168.02","169.09","167.32","15.58M","-1.29%"
"2022-01-26","169.79","171.39","171.73","169.48","17.63M","-1.62%"
"2022-01-25","172.58","171.95","173.15","171.77","16.94M","0.32%"
"2022-01-24","172.03","171.78","172.14","170.85","14.99M","0.55%"
"2022-01-21","171.09","172.04","172.12","170.74","10.98M","-0.33%"
"2022-01-20","171.65","172.31","172.60","171.59","9.49M","-0.25%"
"2022-01-19","172.08","170.39","172.19","170.20","15.73M","1.59%"
"2022-01-18","169.39","169.64","170.01","169.09","9.10M","-0.17%"
"2022-01-14","169.67","170.22","170.56","169.48","7.87M","-0.29%"
"2022-01-13","170.16","170.09","170.22","169.27","6.65M","-0.34%"
"2022-01-12","170.74","170.19","170.75","170.01","6.18M","0.26%"
"2022-01-11","170.29","168.44","170.31","168.37","8.32M","1.21%"
"2022-01-10","168.26","167.36","168.30","167.31","6.84M","0.30%"
"2022-01-07","167.75","167.37","168.01","166.86","8.19M","0.46%"
"2022-01-06","166.99","167.16","167.75","166.86","10.50M","-1.22%"
"2022-01-05","169.06","170.62","170.93","168.90","8.58M","-0.30%"
"2022-01-04","169.57","168.90","169.72","168.73","6.93M","0.74%"
"2022-01-03","168.33","168.86","169.01","168.00","8.91M","-1.54%"
"2021-12-31","170.96","170.53","171.04","170.04","7.04M","0.68%"
"2021-12-30","169.80","168.43","169.81","168.37","5.42M","0.72%"
"2021-12-29","168.59","167.36","168.69","167.28","5.88M","-0.03%"
"2021-12-28","168.64","169.33","169.65","168.62","4.47M","-0.43%"
"2021-12-27","169.37","168.96","169.42","168.78","4.48M","0.24%"
"2021-12-23","168.97","168.69","169.16","168.01","4.55M","0.23%"
"2021-12-22","168.59","167.58","168.64","167.11","4.63M","0.94%"
"2021-12-21","167.02","167.69","167.78","166.74","4.45M","-0.04%"
"2021-12-20","167.09","167.88","168.00","167.06","6.87M","-0.42%"
"2021-12-17","167.80","168.73","169.13","167.78","9.87M","-0.21%"
"2021-12-16","168.16","167.01","168.18","166.94","11.04M","1.21%"
"2021-12-15","166.15","165.27","166.40","163.80","14.21M","0.43%"
"2021-12-14","165.44","165.34","166.14","165.16","8.58M","-0.93%"
"2021-12-13","167.00","166.90","167.26","166.67","6.46M","0.25%"
"2021-12-10","166.58","166.72","166.91","166.18","6.45M","0.42%"
"2021-12-09","165.88","166.54","166.58","165.65","4.91M","-0.61%"
"2021-12-08","166.90","166.51","166.96","166.28","4.25M","0.05%"
"2021-12-07","166.81","166.20","167.08","166.18","4.59M","0.35%"
"2021-12-06","166.22","166.14","166.80","165.93","4.81M","-0.25%"
"2021-12-03","166.63","165.49","166.93","165.00","9.51M","0.84%"
"2021-12-02","165.24","165.93","165.93","164.63","9.60M","-0.55%"
"2021-12-01","166.16","166.79","167.47","166.06","7.83M","0.40%"
"2021-11-30","165.50","167.84","169.01","165.37","12.93M","-0.67%"
"2021-11-29","166.62","166.83","167.24","166.51","7.39M","-0.14%"
"2021-11-26","166.85","168.60","168.64","166.37","9.60M","-0.16%"
"2021-11-24","167.12","166.58","167.44","166.32","5.36M","-0.10%"
"2021-11-23","167.28","167.24","167.59","166.55","8.05M","-0.87%"
"2021-11-22","168.74","169.82","170.43","168.44","13.10M","-2.24%"
"2021-11-19","172.61","173.69","174.10","172.24","8.79M","-0.76%"
"2021-11-18","173.94","173.96","174.36","173.53","6.25M","-0.32%"
"2021-11-17","174.50","174.24","174.60","173.89","6.47M","0.91%"
"2021-11-16","172.92","174.00","174.47","172.87","8.67M","-0.72%"
"2021-11-15","174.18","174.13","174.58","173.70","5.63M","-0.15%"
"2021-11-12","174.45","173.51","174.67","173.40","7.89M","0.19%"
"2021-11-11","174.12","173.98","174.27","173.74","5.94M","0.56%"
"2021-11-10","173.15","173.65","174.64","172.13","11.46M","1.09%"
"2021-11-09","171.29","170.74","171.30","170.16","5.78M","0.49%"
"2021-11-08","170.45","170.42","170.69","170.06","4.97M","0.36%"
"2021-11-05","169.84","168.42","169.94","167.85","9.37M","1.31%"
"2021-11-04","167.65","167.51","168.14","167.38","6.66M","1.13%"
"2021-11-03","165.77","165.29","165.93","164.43","9.06M","-0.83%"
"2021-11-02","167.16","167.43","167.62","166.97","3.76M","-0.21%"
"2021-11-01","167.52","167.40","167.84","166.91","4.98M","0.52%"
"2021-10-29","166.65","166.29","166.73","165.64","7.53M","-0.85%"
"2021-10-28","168.08","169.01","169.25","167.55","7.00M","-0.02%"
"2021-10-27","168.12","167.72","168.19","166.86","5.82M","0.26%"
"2021-10-26","167.68","167.87","167.87","166.63","6.66M","-0.74%"
"2021-10-25","168.93","168.69","169.20","168.54","4.88M","0.69%"
"2021-10-22","167.77","168.67","169.54","166.67","10.70M","0.61%"
"2021-10-21","166.75","166.69","166.94","166.25","4.41M","-0.09%"
"2021-10-20","166.90","166.15","167.11","165.93","5.02M","0.88%"
"2021-10-19","165.45","166.50","166.50","165.21","6.59M","0.32%"
"2021-10-18","164.92","165.42","165.59","164.81","4.03M","-0.25%"
"2021-10-15","165.33","165.39","166.09","165.10","8.70M","-1.59%"
"2021-10-14","168.00","168.20","168.22","167.72","5.08M","0.24%"
"2021-10-13","167.59","165.28","167.92","165.28","11.12M","1.78%"
"2021-10-12","164.66","164.58","165.43","164.32","5.45M","0.45%"
"2021-10-11","163.92","164.07","164.58","163.92","3.82M","-0.19%"
"2021-10-08","164.23","166.32","166.42","164.13","8.54M","0.04%"
"2021-10-07","164.16","164.02","164.85","163.97","4.79M","-0.53%"
"2021-10-06","165.03","164.28","165.05","164.16","6.07M","0.27%"
"2021-10-05","164.59","163.94","164.85","163.49","5.62M","-0.47%"
"2021-10-04","165.36","163.70","165.53","163.49","7.65M","0.47%"
"2021-10-01","164.59","164.27","164.96","163.88","6.65M","0.23%"
"2021-09-30","164.22","162.65","164.95","162.36","10.57M","1.80%"
"2021-09-29","161.32","162.32","162.73","160.98","8.36M","-0.45%"
"2021-09-28","162.05","162.76","162.80","161.74","9.28M","-0.97%"
"2021-09-27","163.64","163.85","164.36","163.52","4.94M","0.21%"
"2021-09-24","163.30","163.00","164.00","162.74","6.94M","-0.13%"
"2021-09-23","163.51","164.09","164.20","163.27","8.45M","-1.15%"
"2021-09-22","165.42","165.92","167.14","165.05","9.78M","-0.37%"
"2021-09-21","166.04","165.79","166.62","165.52","7.18M","0.67%"
"2021-09-20","164.94","164.27","165.26","164.08","7.57M","0.71%"
"2021-09-17","163.77","163.86","164.32","163.40","8.37M","-0.16%"
"2021-09-16","164.03","164.35","164.44","163.24","11.78M","-2.26%"
"2021-09-15","167.83","168.13","168.35","167.46","5.62M","-0.59%"
"2021-09-14","168.82","168.25","169.16","167.50","7.92M","0.64%"
"2021-09-13","167.74","167.49","168.20","167.41","5.47M","0.33%"
"2021-09-10","167.18","167.81","168.08","167.15","7.43M","-0.51%"
"2021-09-09","168.03","168.18","168.28","166.85","6.64M","0.44%"
"2021-09-08","167.29","168.00","168.07","166.74","6.58M","-0.25%"
"2021-09-07","167.71","169.51","169.78","167.64","10.01M","-1.96%"
"2021-09-03","171.06","170.59","171.55","170.15","8.35M","1.07%"
"2021-09-02","169.25","169.54","169.62","168.84","4.60M","-0.27%"
"2021-09-01","169.70","169.93","169.99","169.16","4.76M","0.01%"
"2021-08-31","169.69","169.25","169.89","168.75","6.34M","0.20%"
"2021-08-30","169.35","169.68","169.83","169.09","3.77M","-0.49%"
"2021-08-27","170.19","167.58","170.19","166.87","10.04M","1.50%"
"2021-08-26","167.67","167.26","168.20","166.83","4.37M","0.11%"
"2021-08-25","167.48","167.81","167.92","166.76","5.59M","-0.69%"
"2021-08-24","168.65","169.04","169.27","168.53","4.52M","-0.05%"
"2021-08-23","168.73","168.85","168.90","167.96","8.19M","1.22%"
"2021-08-20","166.70","166.80","167.14","166.36","7.15M","0.05%"
"2021-08-19","166.61","167.26","167.29","166.17","6.93M","-0.29%"
"2021-08-18","167.10","167.20","167.50","166.26","7.70M","0.08%"
"2021-08-17","166.97","167.30","167.71","166.56","7.11M","-0.15%"
"2021-08-16","167.22","166.74","167.39","166.61","7.78M","0.50%"
"2021-08-13","166.39","165.02","166.46","164.89","7.47M","1.43%"
"2021-08-12","164.04","163.62","164.10","162.96","5.22M","0.02%"
"2021-08-11","164.00","163.14","164.15","162.68","7.38M","1.38%"
"2021-08-10","161.77","161.36","162.11","160.71","6.87M","0.03%"
"2021-08-09","161.72","164.64","164.64","161.28","11.55M","-1.77%"
"2021-08-08","164.64","164.64","164.64","164.64","","0.00%"
"2021-08-07","164.64","164.64","164.64","164.64","","0.00%"
"2021-08-06","164.64","165.77","165.91","164.56","13.55M","-2.50%"
"2021-08-05","168.86","169.31","169.42","168.22","7.89M","-0.40%"
"2021-08-04","169.53","171.28","171.40","169.01","9.80M","0.02%"
"2021-08-03","169.49","169.42","169.83","169.22","5.40M","-0.07%"
"2021-08-02","169.61","169.33","170.24","169.10","10.78M","-0.12%"
"2021-07-30","169.82","170.76","170.99","169.38","7.39M","-0.79%"
"2021-07-29","171.17","170.70","171.51","170.70","8.12M","1.11%"
"2021-07-28","169.29","168.23","169.37","167.80","7.91M","0.50%"
"2021-07-27","168.44","168.70","168.90","167.95","6.30M","0.17%"
"2021-07-26","168.16","168.62","168.86","168.09","5.23M","-0.24%"
"2021-07-23","168.56","168.50","168.88","167.95","5.83M","-0.31%"
"2021-07-22","169.09","168.49","169.19","168.06","4.79M","0.20%"
"2021-07-21","168.76","168.33","169.00","168.14","4.62M","-0.37%"
"2021-07-20","169.39","170.51","170.80","168.92","6.54M","-0.13%"
"2021-07-19","169.61","169.51","169.91","168.89","6.71M","0.12%"
"2021-07-16","169.41","170.67","170.94","169.28","9.46M","-0.97%"
"2021-07-15","171.07","170.85","171.28","170.35","6.52M","0.02%"
"2021-07-14","171.04","170.88","171.04","170.28","8.83M","1.08%"
"2021-07-13","169.22","169.54","169.90","168.93","7.04M","0.13%"
"2021-07-12","169.00","168.67","169.15","167.67","7.32M","-0.12%"
"2021-07-09","169.21","168.85","169.62","168.66","5.00M","0.33%"
"2021-07-08","168.65","169.81","169.84","167.97","7.24M","-0.07%"
"2021-07-07","168.76","168.74","169.22","168.19","7.11M","0.38%"
"2021-07-06","168.12","167.29","169.63","167.29","7.93M","0.50%"
"2021-07-05","167.29","167.29","167.29","167.29","","0.00%"
"2021-07-04","167.29","167.29","167.29","167.29","","0.00%"
"2021-07-03","167.29","167.29","167.29","167.29","","0.00%"
"2021-07-02","167.29","167.35","167.71","166.40","7.87M","0.66%"
"2021-07-01","166.20","166.69","166.87","165.52","7.43M","0.34%"
"2021-06-30","165.63","164.55","166.09","164.31","7.96M","0.49%"
"2021-06-29","164.83","164.34","165.28","164.01","7.45M","-1.05%"
"2021-06-28","166.58","166.60","166.90","166.36","6.51M","-0.01%"
"2021-06-25","166.59","167.46","167.52","166.29","7.47M","0.33%"
"2021-06-24","166.04","166.99","167.23","166.02","6.90M","-0.06%"
"2021-06-23","166.14","167.00","168.01","165.98","8.47M","-0.07%"
"2021-06-22","166.25","166.39","166.91","166.02","7.22M","-0.42%"
"2021-06-21","166.95","166.52","167.22","166.00","8.37M","1.22%"
"2021-06-18","164.93","166.16","166.69","164.93","15.74M","-0.55%"
"2021-06-17","165.85","166.85","167.60","165.44","27.23M","-3.07%"
"2021-06-16","171.11","173.95","174.39","171.05","16.92M","-1.69%"
"2021-06-15","174.05","174.76","174.90","173.35","7.55M","-0.38%"
"2021-06-14","174.71","173.16","175.06","172.95","7.73M","-0.59%"
"2021-06-11","175.74","176.33","176.57","175.48","7.84M","-1.13%"
"2021-06-10","177.74","176.70","177.85","176.48","9.90M","0.43%"
"2021-06-09","176.98","177.38","177.80","176.78","6.35M","-0.19%"
"2021-06-08","177.32","177.23","177.54","176.37","5.91M","-0.31%"
"2021-06-07","177.87","176.96","177.90","176.63","7.71M","0.40%"
"2021-06-04","177.16","176.65","177.57","176.61","8.38M","1.08%"
"2021-06-03","175.27","175.83","175.83","174.66","10.15M","-1.96%"
"2021-06-02","178.77","178.34","178.78","177.97","6.61M","0.49%"
"2021-06-01","177.90","178.76","178.85","177.19","9.14M","-0.27%"
"2021-05-28","178.38","177.46","178.43","177.24","9.97M","0.38%"
"2021-05-27","177.71","177.39","177.82","176.81","7.99M","0.04%"
"2021-05-26","177.64","178.37","178.61","177.04","8.50M","-0.17%"
"2021-05-25","177.95","176.15","177.95","176.04","8.99M","0.91%"
"2021-05-24","176.35","176.15","176.59","175.87","5.56M","0.18%"
"2021-05-21","176.04","176.58","176.86","175.15","7.68M","0.05%"
"2021-05-20","175.96","175.32","176.46","175.11","9.80M","0.46%"
"2021-05-19","175.16","175.14","177.00","174.34","20.74M","0.07%"
"2021-05-18","175.04","175.18","175.21","174.46","7.29M","0.19%"
"2021-05-17","174.70","173.30","175.00","173.28","11.96M","1.16%"
"2021-05-14","172.69","172.05","172.70","171.82","9.69M","0.91%"
"2021-05-13","171.13","170.35","171.27","170.22","8.08M","0.41%"
"2021-05-12","170.43","171.43","171.84","170.34","12.67M","-0.99%"
"2021-05-11","172.14","170.56","172.17","170.27","8.35M","0.02%"
"2021-05-10","172.11","172.74","172.84","171.78","8.28M","0.30%"
"2021-05-07","171.59","171.53","172.55","171.00","14.75M","0.90%"
"2021-05-06","170.06","167.95","170.29","167.92","13.57M","1.67%"
"2021-05-05","167.27","166.63","167.31","166.61","5.95M","0.41%"
"2021-05-04","166.58","167.69","168.55","165.50","10.27M","-0.73%"
"2021-05-03","167.81","167.61","168.43","167.41","9.01M","1.30%"
"2021-04-30","165.66","165.86","166.00","165.24","6.25M","-0.34%"
"2021-04-29","166.22","165.58","166.26","164.47","9.07M","-0.41%"
"2021-04-28","166.91","165.75","166.96","165.49","6.93M","0.29%"
"2021-04-27","166.42","166.92","167.15","166.28","5.36M","-0.25%"
"2021-04-26","166.84","166.63","166.87","166.05","4.79M","0.26%"
"2021-04-23","166.40","167.37","167.53","165.78","7.11M","-0.38%"
"2021-04-22","167.04","167.11","167.53","166.49","7.68M","-0.65%"
"2021-04-21","168.13","167.18","168.39","167.15","8.38M","0.99%"
"2021-04-20","166.48","165.65","166.81","165.62","6.53M","0.36%"
"2021-04-19","165.89","165.91","166.44","165.72","5.72M","-0.28%"
"2021-04-16","166.35","166.24","166.81","165.94","10.06M","0.60%"
"2021-04-15","165.35","164.07","165.79","164.03","8.25M","1.62%"
"2021-04-14","162.72","162.77","163.05","162.30","6.31M","-0.43%"
"2021-04-13","163.43","163.18","163.85","163.03","7.00M","0.71%"
"2021-04-12","162.28","162.73","162.80","161.81","4.90M","-0.61%"
"2021-04-09","163.27","162.75","163.66","162.48","6.66M","-0.75%"
"2021-04-08","164.51","164.17","164.77","164.14","6.57M","1.08%"
"2021-04-07","162.76","162.82","163.31","162.50","5.44M","-0.28%"
"2021-04-06","163.22","162.79","163.53","162.75","6.76M","0.80%"
"2021-04-05","161.92","161.52","162.40","161.36","6.16M","-0.04%"
"2021-04-01","161.98","161.56","162.11","161.28","7.11M","1.26%"
"2021-03-31","159.96","158.06","160.68","158.05","10.62M","1.52%"
"2021-03-30","157.57","157.94","158.20","157.55","8.35M","-1.71%"
"2021-03-29","160.31","161.46","161.52","159.83","8.41M","-1.19%"
"2021-03-26","162.24","161.71","162.73","161.65","6.15M","0.28%"
"2021-03-25","161.78","163.06","163.58","161.32","8.40M","-0.36%"
"2021-03-24","162.37","162.21","162.89","161.94","6.18M","0.35%"
"2021-03-23","161.81","162.45","162.49","161.59","6.05M","-0.73%"
"2021-03-22","163.00","162.27","163.13","162.16","5.24M","-0.15%"
"2021-03-19","163.24","162.56","163.43","162.43","6.87M","0.42%"
"2021-03-18","162.56","161.15","162.82","161.11","8.73M","-0.58%"
"2021-03-17","163.51","162.27","164.15","161.48","12.63M","0.71%"
"2021-03-16","162.35","162.36","163.20","161.81","7.55M","0.09%"
"2021-03-15","162.20","162.31","162.55","161.43","8.11M","0.44%"
"2021-03-12","161.49","159.54","161.69","159.35","8.61M","-0.02%"
"2021-03-11","161.52","161.47","161.98","161.12","6.75M","-0.09%"
"2021-03-10","161.66","161.06","161.78","160.66","7.96M","0.51%"
"2021-03-09","160.84","160.75","161.25","160.41","10.38M","2.13%"
"2021-03-08","157.49","158.58","158.74","157.13","12.13M","-1.04%"
"2021-03-05","159.14","159.66","159.82","158.55","12.07M","0.06%"
"2021-03-04","159.04","160.60","161.46","158.43","13.87M","-0.98%"
"2021-03-03","160.62","160.61","161.69","159.49","13.06M","-1.10%"
"2021-03-02","162.41","161.93","162.93","161.22","11.42M","0.54%"
"2021-03-01","161.53","163.03","163.35","161.16","13.83M","-0.17%"
"2021-02-26","161.81","165.00","165.10","160.95","23.73M","-2.42%"
"2021-02-25","165.82","166.92","167.66","165.45","16.36M","-1.88%"
"2021-02-24","169.00","167.65","169.14","167.15","8.89M","-0.07%"
"2021-02-23","169.12","169.48","169.74","168.28","8.62M","-0.23%"
"2021-02-22","169.51","168.54","169.89","168.30","10.08M","1.50%"
"2021-02-19","167.01","166.76","167.94","166.60","8.27M","0.41%"
"2021-02-18","166.32","166.98","167.30","165.73","7.50M","-0.01%"
"2021-02-17","166.33","166.92","167.34","165.85","11.43M","-1.14%"
"2021-02-16","168.24","168.14","170.06","167.73","14.76M","-1.44%"
"2021-02-12","170.69","170.29","171.65","169.88","6.02M","-0.30%"
"2021-02-11","171.21","172.70","172.87","170.71","5.99M","-0.87%"
"2021-02-10","172.71","173.15","173.22","172.01","6.11M","0.37%"
"2021-02-09","172.08","172.57","173.03","171.75","5.13M","0.33%"
"2021-02-08","171.52","171.98","172.40","171.49","6.89M","1.01%"
"2021-02-05","169.81","168.99","170.18","168.67","6.54M","0.99%"
"2021-02-04","168.15","168.29","168.40","167.34","13.74M","-2.15%"
"2021-02-03","171.85","172.36","172.59","171.50","4.66M","-0.15%"
"2021-02-02","172.11","172.49","172.53","171.51","7.22M","-1.22%"
"2021-02-01","174.23","175.02","175.26","174.06","9.08M","0.94%"
"2021-01-29","172.61","174.87","175.16","172.61","11.25M","-0.04%"
"2021-01-28","172.68","174.28","174.73","172.04","9.39M","0.09%"
"2021-01-27","172.52","172.93","173.52","171.66","9.04M","-0.63%"
"2021-01-26","173.62","173.98","174.26","173.42","4.69M","-0.25%"
"2021-01-25","174.05","174.82","174.96","173.19","5.94M","0.09%"
"2021-01-22","173.90","172.89","174.29","172.35","7.27M","-0.79%"
"2021-01-21","175.28","175.11","175.51","174.51","7.25M","-0.06%"
"2021-01-20","175.39","174.37","175.47","173.82","9.46M","1.63%"
"2021-01-19","172.58","172.71","172.85","171.92","7.49M","0.85%"
"2021-01-15","171.13","172.84","173.07","170.97","16.17M","-1.24%"
"2021-01-14","173.28","173.44","174.22","172.66","13.52M","-0.05%"
"2021-01-13","173.37","173.68","174.46","173.05","14.11M","-0.43%"
"2021-01-12","174.12","173.13","174.18","172.32","9.80M","0.65%"
"2021-01-11","173.00","172.14","173.68","172.03","8.58M","-0.20%"
"2021-01-08","173.34","176.83","176.99","171.48","24.40M","-3.42%"
"2021-01-07","179.48","179.69","179.92","178.84","7.11M","-0.23%"
"2021-01-06","179.90","181.49","181.58","178.24","18.45M","-1.62%"
"2021-01-05","182.87","182.87","183.21","181.82","12.72M","0.30%"
"2021-01-04","182.33","181.97","182.40","180.96","14.33M","2.23%"
"2020-12-31","178.36","178.07","178.40","177.32","7.54M","0.37%"
"2020-12-30","177.70","176.44","177.72","176.44","5.91M","0.77%"
"2020-12-29","176.35","176.25","176.97","175.57","5.98M","0.36%"
"2020-12-28","175.71","177.26","177.91","175.62","7.78M","-0.36%"
"2020-12-24","176.35","175.55","176.37","175.51","3.70M","0.40%"
"2020-12-23","175.65","175.10","176.21","175.06","6.54M","0.66%"
"2020-12-22","174.49","176.20","176.34","174.34","9.45M","-0.79%"
"2020-12-21","175.88","176.29","176.94","175.76","8.17M","-0.32%"
"2020-12-18","176.44","176.65","176.98","176.10","6.79M","-0.17%"
"2020-12-17","176.74","177.15","177.87","176.57","9.48M","1.05%"
"2020-12-16","174.90","174.13","175.01","173.02","8.17M","0.55%"
"2020-12-15","173.94","173.43","173.98","173.06","6.85M","1.40%"
"2020-12-14","171.54","171.91","172.52","170.91","7.64M","-0.55%"
"2020-12-11","172.49","172.25","173.32","172.11","6.08M","0.19%"
"2020-12-10","172.17","172.90","173.58","171.70","6.56M","-0.19%"
"2020-12-09","172.50","173.92","174.04","171.24","10.74M","-1.71%"
"2020-12-08","175.50","175.51","175.93","174.72","6.35M","0.35%"
"2020-12-07","174.89","172.56","175.29","172.51","10.56M","1.49%"
"2020-12-04","172.32","172.78","173.32","171.59","10.10M","-0.28%"
"2020-12-03","172.81","172.64","172.85","171.08","10.46M","0.79%"
"2020-12-02","171.46","170.57","171.76","170.15","9.20M","0.75%"
"2020-12-01","170.18","169.76","170.48","169.30","13.56M","2.11%"
"2020-11-30","166.67","166.68","167.43","166.03","13.21M","-0.67%"
"2020-11-27","167.79","166.90","167.83","166.78","10.57M","-1.01%"
"2020-11-25","169.51","169.97","170.52","169.24","10.29M","-0.05%"
"2020-11-24","169.59","169.30","169.69","168.86","19.50M","-1.53%"
"2020-11-23","172.23","175.10","175.24","171.78","15.51M","-1.97%"
"2020-11-20","175.69","176.12","176.38","175.58","6.38M","0.30%"
"2020-11-19","175.16","174.30","175.22","174.17","6.97M","-0.19%"
"2020-11-18","175.49","176.26","176.86","175.35","7.38M","-0.57%"
"2020-11-17","176.50","177.25","177.44","176.09","8.23M","-0.37%"
"2020-11-16","177.15","177.23","177.91","176.87","8.36M","-0.01%"
"2020-11-13","177.16","177.65","177.80","176.84","6.47M","0.68%"
"2020-11-12","175.96","176.04","176.76","175.84","7.18M","0.61%"
"2020-11-11","174.90","174.69","175.28","174.44","9.01M","-0.43%"
"2020-11-10","175.66","176.75","176.91","175.66","11.73M","0.33%"
"2020-11-09","175.08","176.42","176.45","173.64","29.80M","-4.43%"
"2020-11-06","183.19","183.40","183.53","182.19","10.38M","0.14%"
"2020-11-05","182.93","181.00","183.28","180.97","16.10M","2.30%"
"2020-11-04","178.82","178.93","179.19","177.66","11.12M","-0.06%"
"2020-11-03","178.92","178.95","179.39","178.30","7.58M","0.57%"
"2020-11-02","177.91","177.45","177.93","177.13","6.50M","0.97%"
"2020-10-30","176.20","177.18","177.36","175.95","7.30M","0.46%"
"2020-10-29","175.40","175.02","176.14","174.83","8.47M","-0.41%"
"2020-10-28","176.13","176.45","176.85","175.44","11.73M","-1.61%"
"2020-10-27","179.02","178.71","179.43","178.51","5.83M","0.26%"
"2020-10-26","178.55","178.75","179.14","178.22","5.11M","-0.05%"
"2020-10-23","178.64","179.09","179.20","177.76","5.92M","-0.11%"
"2020-10-22","178.83","178.88","179.03","177.72","8.38M","-0.98%"
"2020-10-21","180.60","180.47","181.31","180.23","7.55M","0.75%"
"2020-10-20","179.25","178.54","179.67","178.08","7.12M","0.48%"
"2020-10-19","178.39","179.41","179.47","178.37","6.08M","0.05%"
"2020-10-16","178.30","179.22","179.32","178.13","7.26M","-0.35%"
"2020-10-15","178.92","177.71","179.15","177.59","6.82M","0.36%"
"2020-10-14","178.27","179.09","179.59","178.27","9.10M","0.31%"
"2020-10-13","177.72","178.56","178.60","177.10","8.38M","-1.57%"
"2020-10-12","180.56","180.57","180.83","180.19","4.84M","-0.29%"
"2020-10-09","181.08","180.13","181.17","179.93","15.98M","1.82%"
"2020-10-08","177.85","178.18","178.45","176.67","6.53M","0.36%"
"2020-10-07","177.22","177.09","177.42","176.43","6.41M","-0.05%"
"2020-10-06","177.30","180.16","180.37","177.05","8.63M","-1.18%"
"2020-10-05","179.41","179.02","180.14","178.90","6.97M","0.49%"
"2020-10-04","178.54","178.54","178.54","178.54","","0.00%"
"2020-10-03","178.54","178.54","178.54","178.54","","0.00%"
"2020-10-02","178.54","178.69","179.29","178.16","7.49M","-0.09%"
"2020-10-01","178.70","178.71","179.50","178.04","10.40M","0.89%"
"2020-09-30","177.12","177.71","178.61","176.66","8.37M","-0.60%"
"2020-09-29","178.19","177.19","178.33","176.95","8.76M","0.84%"
"2020-09-28","176.70","175.83","176.81","175.09","7.11M","1.01%"
"2020-09-27","174.94","174.94","174.94","174.94","","0.00%"
"2020-09-26","174.94","174.94","174.94","174.94","","0.00%"
"2020-09-25","174.94","174.41","175.30","173.89","6.78M","-0.28%"
"2020-09-24","175.44","174.36","176.24","173.77","11.76M","0.37%"
"2020-09-23","174.79","176.98","177.26","174.10","18.13M","-2.16%"
"2020-09-22","178.65","179.63","180.02","178.11","7.98M","-0.48%"
"2020-09-21","179.52","179.84","180.29","176.75","17.44M","-2.01%"
"2020-09-18","183.20","183.07","184.09","182.64","9.96M","0.13%"
"2020-09-17","182.96","181.92","183.09","181.48","8.84M","-0.55%"
"2020-09-16","183.97","184.98","185.01","183.33","12.72M","0.28%"
"2020-09-15","183.45","184.46","184.67","182.92","7.99M","-0.24%"
"2020-09-14","183.89","183.57","184.30","183.39","9.71M","0.79%"
"2020-09-13","182.45","182.45","182.45","182.45","","0.00%"
"2020-09-11","182.45","183.14","183.55","182.00","7.66M","-0.01%"
"2020-09-10","182.46","184.23","184.68","182.28","9.14M","-0.32%"
"2020-09-09","183.05","182.50","183.22","182.19","8.42M","0.97%"
"2020-09-08","181.29","179.50","182.27","179.02","13.23M","-0.19%"
"2020-09-04","181.64","180.95","182.10","180.05","11.57M","0.28%"
"2020-09-03","181.14","182.30","182.82","180.49","12.18M","-0.81%"
"2020-09-02","182.62","183.75","183.86","181.50","11.54M","-1.31%"
"2020-09-01","185.05","186.99","186.99","184.33","10.69M","0.12%"
"2020-08-31","184.83","184.79","185.53","184.28","10.25M","0.24%"
"2020-08-30","184.39","184.39","184.39","184.39","","0.00%"
"2020-08-28","184.39","183.98","185.40","183.40","13.20M","1.74%"
"2020-08-27","181.24","185.00","185.17","179.37","16.30M","-1.16%"
"2020-08-26","183.36","180.26","183.58","180.20","12.72M","1.18%"
"2020-08-25","181.22","181.06","181.25","179.73","10.06M","0.12%"
"2020-08-24","181.00","182.91","182.93","180.69","11.61M","-0.57%"
"2020-08-23","182.03","182.03","182.03","182.03","","0.00%"
"2020-08-21","182.03","182.14","182.81","180.47","12.71M","-0.80%"
"2020-08-20","183.50","181.19","183.71","180.93","16.69M","0.69%"
"2020-08-19","182.24","187.21","187.46","181.71","24.65M","-3.16%"
"2020-08-18","188.18","189.18","189.40","185.63","16.29M","0.90%"
"2020-08-17","186.50","184.69","187.01","184.66","15.71M","2.17%"
"2020-08-14","182.54","183.44","183.72","181.49","11.79M","-0.43%"
"2020-08-13","183.33","181.56","184.70","181.36","18.60M","2.36%"
"2020-08-12","179.10","182.61","183.10","179.04","28.78M","-0.47%"
"2020-08-11","179.94","183.57","183.98","179.43","45.35M","-5.37%"
"2020-08-10","190.15","191.20","192.61","189.66","19.05M","-0.35%"
"2020-08-09","190.81","190.81","190.81","190.81","","0.00%"
"2020-08-08","190.81","190.81","190.81","190.81","","0.00%"
"2020-08-07","190.81","192.71","192.96","189.33","24.57M","-1.59%"
"2020-08-06","193.89","193.74","194.45","192.52","20.64M","1.33%"
"2020-08-05","191.35","191.65","193.13","190.62","27.19M","0.93%"
"2020-08-04","189.59","185.61","189.60","185.21","20.77M","2.13%"
"2020-08-03","185.64","185.05","185.82","184.20","12.90M","0.11%"
"2020-08-02","185.43","185.43","185.43","185.43","","0.00%"
"2020-07-31","185.43","184.51","185.75","184.16","15.89M","0.91%"
"2020-07-30","183.76","183.44","184.33","182.13","18.06M","-0.74%"
"2020-07-29","185.13","184.01","186.14","182.39","25.64M","0.75%"
"2020-07-28","183.75","182.02","184.26","181.42","21.16M","0.83%"
"2020-07-27","182.23","181.85","182.83","181.53","21.12M","1.98%"
"2020-07-26","178.70","178.70","178.70","178.70","","0.00%"
"2020-07-25","178.70","178.70","178.70","178.70","","0.00%"
"2020-07-24","178.70","179.14","179.16","178.20","15.60M","0.86%"
"2020-07-23","177.18","176.17","178.41","175.65","23.01M","0.88%"
"2020-07-22","175.63","174.05","175.77","173.76","18.71M","1.52%"
"2020-07-21","173.00","172.53","173.25","172.31","12.86M","1.21%"
"2020-07-20","170.94","170.76","171.07","170.27","10.10M","0.48%"
"2020-07-17","170.12","169.94","170.27","169.60","10.30M","0.82%"
"2020-07-16","168.73","169.80","170.00","168.65","10.24M","-0.95%"
"2020-07-15","170.34","169.62","170.43","169.39","7.53M","0.09%"
"2020-07-14","170.19","168.97","170.20","168.81","9.81M","0.47%"
"2020-07-13","169.40","170.29","170.42","169.16","11.10M","0.12%"
"2020-07-12","169.19","169.19","169.19","169.19","","0.00%"
"2020-07-11","169.19","169.19","169.19","169.19","","0.00%"
"2020-07-10","169.19","169.95","170.15","168.57","8.22M","-0.26%"
"2020-07-09","169.63","170.48","170.63","168.78","13.33M","-0.27%"
"2020-07-08","170.09","170.32","170.86","169.78","11.66M","0.62%"
"2020-07-07","169.04","167.41","169.04","167.38","11.63M","0.63%"
"2020-07-06","167.98","167.75","168.00","167.19","7.27M","0.60%"
"2020-07-05","166.98","166.98","166.98","166.98","","0.00%"
"2020-07-04","166.98","166.98","166.98","166.98","","0.00%"
"2020-07-02","166.98","166.20","167.24","166.02","8.75M","0.22%"
"2020-07-01","166.62","167.05","167.06","165.34","13.21M","-0.45%"
"2020-06-30","167.37","166.31","167.99","166.19","12.76M","0.44%"
"2020-06-29","166.63","166.56","166.80","166.18","6.74M","0.05%"
"2020-06-26","166.54","164.87","166.56","164.22","9.75M","0.45%"
"2020-06-25","165.80","165.89","165.91","165.16","7.09M","-0.06%"
"2020-06-24","165.90","166.01","166.99","165.45","10.90M","-0.35%"
"2020-06-23","166.48","165.63","166.52","165.52","12.14M","0.84%"
"2020-06-22","165.09","165.06","165.73","164.41","12.39M","0.65%"
"2020-06-19","164.03","162.87","164.09","162.78","12.19M","1.10%"
"2020-06-18","162.24","162.20","162.32","161.44","5.40M","-0.20%"
"2020-06-17","162.56","162.00","162.62","161.77","4.76M","0.19%"
"2020-06-16","162.25","161.85","162.69","161.36","7.97M","-0.05%"
"2020-06-15","162.33","160.52","162.56","160.16","8.54M","-0.18%"
"2020-06-12","162.62","163.41","163.88","162.56","6.90M","0.14%"
"2020-06-11","162.39","163.35","164.06","161.97","11.67M","-0.72%"
"2020-06-10","163.57","162.10","163.63","160.52","13.01M","1.43%"
"2020-06-09","161.26","161.10","161.78","160.87","9.05M","0.96%"
"2020-06-08","159.72","158.90","159.86","158.47","9.24M","1.08%"
"2020-06-07","158.01","158.01","158.01","158.01","","0.00%"
"2020-06-05","158.01","158.72","158.72","157.03","16.02M","-2.03%"
"2020-06-04","161.28","161.14","161.87","159.84","10.09M","1.05%"
"2020-06-03","159.60","160.34","160.90","158.82","17.00M","-1.85%"
"2020-06-02","162.60","163.89","164.08","161.86","10.39M","-0.65%"
"2020-06-01","163.66","162.92","163.74","162.39","8.16M","0.46%"
"2020-05-29","162.91","162.58","163.40","162.32","12.58M","0.74%"
"2020-05-28","161.72","162.12","162.46","160.90","9.76M","0.34%"
"2020-05-27","161.18","159.42","161.34","159.20","13.06M","0.18%"
"2020-05-26","160.89","162.58","162.58","160.69","13.97M","-1.42%"
"2020-05-22","163.21","162.88","163.47","162.74","8.54M","0.59%"
"2020-05-21","162.25","163.46","163.58","161.37","11.79M","-1.46%"
"2020-05-20","164.65","164.54","164.96","163.89","10.67M","0.24%"
"2020-05-19","164.26","163.60","164.43","163.04","8.53M","0.97%"
"2020-05-18","162.69","164.33","164.50","162.41","14.14M","-0.76%"
"2020-05-15","163.93","164.02","164.80","163.08","13.92M","0.56%"
"2020-05-14","163.01","161.53","163.34","161.51","17.08M","0.89%"
"2020-05-13","161.58","160.94","161.62","160.54","10.95M","0.96%"
"2020-05-12","160.04","160.30","160.95","159.72","10.41M","0.39%"
"2020-05-11","159.42","160.34","160.71","158.89","11.21M","-0.62%"
"2020-05-10","160.42","160.42","160.42","160.42","","0.00%"
"2020-05-09","160.42","160.42","160.42","160.42","","0.00%"
"2020-05-08","160.42","161.08","162.00","160.00","12.24M","-0.60%"
"2020-05-07","161.39","159.50","161.96","159.36","13.70M","1.54%"
"2020-05-06","158.95","158.99","159.81","158.10","13.35M","-1.29%"
"2020-05-05","161.02","160.16","161.10","159.33","10.56M","0.42%"
"2020-05-04","160.34","160.33","160.95","159.91","7.99M","0.35%"
"2020-05-03","159.78","159.78","159.78","159.78","","0.00%"
"2020-05-02","159.78","159.78","159.78","159.78","","0.00%"
"2020-05-01","159.78","158.00","160.45","157.80","10.91M","0.62%"
"2020-04-30","158.80","160.22","160.82","158.13","13.63M","-1.81%"
"2020-04-29","161.73","160.10","161.85","159.76","12.23M","0.55%"
"2020-04-28","160.84","160.89","160.98","159.16","10.38M","-0.45%"
"2020-04-27","161.56","161.88","162.00","160.41","9.03M","-0.66%"
"2020-04-24","162.64","163.13","163.31","160.89","11.20M","-0.43%"
"2020-04-23","163.34","162.39","163.60","161.84","14.93M","1.00%"
"2020-04-22","161.73","160.50","161.74","160.42","12.94M","1.97%"
"2020-04-21","158.61","157.60","159.21","157.04","12.48M","-0.68%"
"2020-04-20","159.70","158.62","160.22","158.46","10.69M","0.71%"
"2020-04-17","158.57","159.72","160.07","158.12","14.65M","-1.94%"
"2020-04-16","161.71","161.88","163.15","160.65","9.23M","-0.09%"
"2020-04-15","161.85","161.80","162.54","160.81","12.14M","-0.51%"
"2020-04-14","162.68","162.73","164.42","161.78","17.10M","0.79%"
"2020-04-13","161.41","159.17","162.38","158.62","20.55M","1.71%"
"2020-04-09","158.69","158.08","159.08","157.21","18.12M","2.61%"
"2020-04-08","154.65","155.91","155.94","154.59","7.60M","-0.89%"
"2020-04-07","156.04","155.33","156.14","154.38","9.20M","-0.54%"
"2020-04-06","156.88","154.16","157.22","153.96","14.74M","2.77%"
"2020-04-03","152.65","152.23","153.09","151.66","8.47M","0.49%"
"2020-04-02","151.90","151.20","152.50","150.70","9.19M","1.64%"
"2020-04-01","149.45","148.20","150.08","147.85","11.83M","0.95%"
"2020-03-31","148.05","151.36","151.80","147.97","13.32M","-3.18%"
"2020-03-30","152.92","152.41","153.08","151.57","12.08M","0.44%"
"2020-03-27","152.25","153.00","153.55","152.00","9.82M","-0.65%"
"2020-03-26","153.24","153.31","154.81","152.08","12.78M","1.28%"
"2020-03-25","151.30","152.58","152.88","151.01","16.46M","-1.37%"
"2020-03-24","153.40","153.50","155.66","152.05","20.74M","4.85%"
"2020-03-23","146.30","142.68","146.93","142.28","28.28M","4.42%"
"2020-03-20","140.11","140.71","141.17","139.14","20.06M","1.50%"
"2020-03-19","138.04","139.08","140.50","137.85","20.83M","-1.89%"
"2020-03-18","140.70","141.75","142.88","138.50","21.95M","-1.99%"
"2020-03-17","143.56","140.18","146.20","139.93","24.49M","1.36%"
"2020-03-16","141.64","137.56","142.96","136.12","24.50M","-1.14%"
"2020-03-13","143.28","149.42","149.60","141.58","35.18M","-3.05%"
"2020-03-12","147.79","151.53","151.55","146.85","32.89M","-3.99%"
"2020-03-11","153.93","156.25","156.50","153.61","18.35M","-0.36%"
"2020-03-10","154.48","156.18","156.41","154.39","18.81M","-2.11%"
"2020-03-09","157.81","158.60","159.37","156.33","24.87M","0.17%"
"2020-03-06","157.55","158.33","159.25","154.54","26.97M","0.04%"
"2020-03-05","157.49","156.06","157.62","155.72","17.97M","2.16%"
"2020-03-04","154.16","154.40","154.96","153.70","12.32M","0.18%"
"2020-03-03","153.89","150.84","155.24","150.74","28.69M","3.14%"
"2020-03-02","149.20","150.00","150.73","149.04","16.30M","0.55%"
"2020-02-28","148.38","152.71","152.77","147.05","42.71M","-3.65%"
"2020-02-27","154.00","155.58","156.27","153.90","27.88M","0.02%"
"2020-02-26","153.97","153.82","155.28","152.90","17.98M","0.44%"
"2020-02-25","153.30","155.12","156.08","152.91","28.09M","-1.79%"
"2020-02-24","156.09","158.50","158.53","155.36","27.17M","0.90%"
"2020-02-21","154.70","154.43","155.22","154.18","16.35M","1.50%"
"2020-02-20","152.41","152.00","152.83","151.95","8.46M","0.41%"
"2020-02-19","151.79","151.00","151.82","150.81","9.27M","0.58%"
"2020-02-18","150.91","149.88","151.09","149.47","11.53M","1.28%"
"2020-02-14","149.00","148.74","149.13","148.63","5.35M","0.42%"
"2020-02-13","148.38","148.24","148.58","147.95","7.08M","0.57%"
"2020-02-12","147.54","147.42","147.81","147.16","5.04M","-0.08%"
"2020-02-11","147.66","148.03","148.16","147.01","5.18M","-0.34%"
"2020-02-10","148.17","148.21","148.45","147.91","5.79M","0.26%"
"2020-02-07","147.79","147.83","148.18","147.34","6.38M","0.26%"
"2020-02-06","147.40","147.28","147.63","147.00","4.82M","0.54%"
"2020-02-05","146.61","146.38","146.81","146.16","6.16M","0.12%"
"2020-02-04","146.43","146.97","147.03","145.80","10.53M","-1.30%"
"2020-02-03","148.36","148.66","148.78","147.68","9.12M","-0.65%"
"2020-01-31","149.33","148.88","149.68","148.81","14.79M","0.58%"
"2020-01-30","148.47","148.69","149.31","148.01","9.12M","0.01%"
"2020-01-29","148.46","147.70","148.56","147.61","5.02M","0.54%"
"2020-01-28","147.66","148.36","148.56","147.53","7.54M","-0.89%"
"2020-01-27","148.99","149.24","149.32","148.46","9.99M","0.68%"
"2020-01-24","147.98","146.90","148.38","146.89","9.92M","0.58%"
"2020-01-23","147.12","147.00","147.62","146.62","8.42M","0.22%"
"2020-01-22","146.79","146.68","146.81","146.38","4.78M","0.03%"
"2020-01-21","146.74","145.77","146.86","145.55","6.09M","0.11%"
"2020-01-17","146.58","146.51","146.99","146.31","11.12M","0.18%"
"2020-01-16","146.31","146.27","146.47","145.75","6.07M","-0.16%"
"2020-01-15","146.54","146.21","146.73","145.82","6.51M","0.58%"
"2020-01-14","145.69","145.42","145.81","145.08","6.61M","-0.09%"
"2020-01-13","145.82","146.35","146.38","145.78","7.60M","-0.74%"
"2020-01-10","146.91","146.22","146.99","146.17","6.18M","0.60%"
"2020-01-09","146.03","146.07","146.41","145.44","10.30M","-0.57%"
"2020-01-08","146.86","148.49","148.61","146.14","22.28M","-0.75%"
"2020-01-07","147.97","147.57","148.14","147.43","8.40M","0.39%"
"2020-01-06","147.39","148.44","148.48","146.95","14.41M","1.05%"
"2020-01-03","145.86","145.75","146.32","145.40","12.29M","1.33%"
"2020-01-02","143.95","143.86","144.21","143.40","7.74M","0.73%"
"2019-12-31","142.90","143.31","143.60","142.80","5.31M","0.19%"
"2019-12-30","142.63","142.56","142.80","142.46","4.81M","0.21%"
"2019-12-27","142.33","142.26","142.73","142.17","5.12M","-0.04%"
"2019-12-26","142.38","142.06","142.47","141.91","8.34M","0.79%"
"2019-12-24","141.27","140.44","141.33","140.43","5.30M","0.94%"
"2019-12-23","139.95","139.53","139.96","139.53","5.18M","0.31%"
"2019-12-20","139.52","139.37","139.52","138.98","4.48M","0.10%"
"2019-12-19","139.38","139.04","139.55","138.87","4.98M","0.26%"
"2019-12-18","139.02","138.86","139.25","138.81","3.61M","0.01%"
"2019-12-17","139.01","139.02","139.30","138.85","4.29M","-0.02%"
"2019-12-16","139.04","139.20","139.39","138.80","4.65M","-0.01%"
"2019-12-13","139.05","138.52","139.21","137.98","6.98M","0.45%"
"2019-12-12","138.43","139.78","139.85","137.88","8.82M","-0.35%"
"2019-12-11","138.92","138.20","139.30","138.12","6.12M","0.69%"
"2019-12-10","137.97","138.25","138.33","137.74","3.24M","0.28%"
"2019-12-09","137.58","137.80","137.81","137.45","2.81M","-0.03%"
"2019-12-06","137.62","137.76","137.83","137.40","8.75M","-0.99%"
"2019-12-05","139.00","138.80","139.45","138.79","5.67M","0.06%"
"2019-12-04","138.92","139.16","139.16","138.59","6.33M","-0.14%"
"2019-12-03","139.11","139.04","139.57","138.97","8.50M","0.96%"
"2019-12-02","137.79","137.32","138.09","137.30","8.28M","-0.05%"
"2019-11-29","137.86","137.10","138.13","137.08","4.52M","0.62%"
"2019-11-27","137.01","137.03","137.21","136.83","4.11M","-0.53%"
"2019-11-26","137.74","136.98","137.80","136.58","4.73M","0.48%"
"2019-11-25","137.08","137.32","137.62","136.99","6.42M","-0.48%"
"2019-11-22","137.74","138.37","138.46","137.66","3.62M","-0.19%"
"2019-11-21","138.00","138.39","138.56","137.77","4.20M","-0.55%"
"2019-11-20","138.76","138.53","139.00","138.10","6.89M","0.05%"
"2019-11-19","138.69","138.13","138.97","138.13","4.83M","0.05%"
"2019-11-18","138.62","138.44","138.85","138.30","5.72M","0.30%"
"2019-11-15","138.21","138.03","138.42","137.97","10.11M","-0.25%"
"2019-11-14","138.56","138.39","138.94","137.87","5.22M","0.42%"
"2019-11-13","137.98","137.80","138.22","137.64","8.81M","0.40%"
"2019-11-12","137.43","137.03","137.59","136.19","6.45M","0.27%"
"2019-11-11","137.06","137.61","137.79","136.44","7.04M","-0.24%"
"2019-11-08","137.39","137.73","138.33","137.39","10.38M","-0.64%"
"2019-11-07","138.27","140.11","140.20","137.60","15.21M","-1.55%"
"2019-11-06","140.45","140.12","140.79","140.00","6.42M","0.43%"
"2019-11-05","139.85","140.65","140.89","139.38","11.78M","-1.62%"
"2019-11-04","142.15","142.26","142.45","141.74","4.74M","-0.29%"
"2019-11-01","142.56","142.21","142.90","142.01","8.09M","0.09%"
"2019-10-31","142.43","141.98","142.69","141.89","7.05M","1.00%"
"2019-10-30","141.02","140.54","141.04","139.55","6.99M","0.55%"
"2019-10-29","140.25","140.00","140.63","139.78","3.84M","-0.28%"
"2019-10-28","140.64","141.25","141.25","140.40","5.44M","-0.86%"
"2019-10-25","141.86","142.79","142.83","141.40","6.01M","0.23%"
"2019-10-24","141.53","141.02","141.74","140.93","6.28M","0.71%"
"2019-10-23","140.53","140.59","141.00","140.50","4.16M","0.24%"
"2019-10-22","140.20","140.13","140.30","139.72","3.89M","0.29%"
"2019-10-21","139.79","140.72","140.76","139.60","8.31M","-0.48%"
"2019-10-18","140.46","140.50","140.71","140.32","6.42M","-0.11%"
"2019-10-17","140.61","140.50","141.12","140.42","6.22M","0.14%"
"2019-10-16","140.41","140.14","140.53","139.70","10.36M","0.57%"
"2019-10-15","139.61","140.27","140.30","139.21","9.13M","-0.70%"
"2019-10-14","140.59","140.45","140.82","140.34","4.01M","0.40%"
"2019-10-11","140.03","139.97","140.19","138.91","11.43M","-0.55%"
"2019-10-10","140.81","141.59","141.66","140.58","9.33M","-0.87%"
"2019-10-09","142.05","142.16","142.58","141.62","7.05M","0.09%"
"2019-10-08","141.92","142.03","142.29","141.17","10.49M","0.87%"
"2019-10-07","140.69","141.16","141.77","140.24","6.16M","-0.85%"
"2019-10-04","141.90","141.48","142.31","141.14","9.69M","0.00%"
"2019-10-03","141.90","141.36","143.25","141.29","12.41M","0.45%"
"2019-10-02","141.26","140.79","141.88","140.46","11.94M","1.17%"
"2019-10-01","139.63","138.07","140.19","137.80","12.50M","0.55%"
"2019-09-30","138.87","139.77","140.21","138.03","15.53M","-1.55%"
"2019-09-27","141.06","140.35","141.68","140.16","9.67M","-0.51%"
"2019-09-26","141.79","142.19","142.57","141.56","8.80M","-0.03%"
"2019-09-25","141.83","144.08","144.29","141.44","12.00M","-1.85%"
"2019-09-24","144.51","143.21","144.77","142.88","10.62M","0.53%"
"2019-09-23","143.75","143.22","143.94","143.07","9.04M","0.56%"
"2019-09-20","142.95","141.61","143.03","141.46","12.28M","1.18%"
"2019-09-19","141.28","141.57","141.74","141.09","8.06M","0.41%"
"2019-09-18","140.71","141.93","142.53","139.81","15.07M","-0.63%"
"2019-09-17","141.60","141.82","142.11","141.22","7.05M","0.20%"
"2019-09-16","141.32","141.60","142.05","141.02","8.09M","0.83%"
"2019-09-13","140.15","141.73","141.99","140.06","13.45M","-0.83%"
"2019-09-12","141.32","142.68","143.10","141.11","12.67M","0.21%"
"2019-09-11","141.03","140.34","141.26","140.28","7.45M","0.61%"
"2019-09-10","140.18","141.23","141.53","140.16","12.63M","-0.86%"
"2019-09-09","141.39","142.37","142.46","141.18","11.32M","-0.37%"
"2019-09-06","141.92","143.64","144.06","141.86","14.18M","-0.85%"
"2019-09-05","143.14","144.98","145.01","142.00","20.30M","-2.40%"
"2019-09-04","146.66","145.54","146.82","145.50","11.29M","0.62%"
"2019-09-03","145.75","144.96","146.13","144.74","15.62M","1.39%"
"2019-08-30","143.75","143.84","144.88","143.02","9.64M","-0.26%"
"2019-08-29","144.12","145.40","145.49","143.28","14.76M","-0.72%"
"2019-08-28","145.16","145.39","145.68","144.64","11.45M","-0.28%"
"2019-08-27","145.57","144.30","145.68","144.27","12.86M","0.96%"
"2019-08-26","144.19","144.35","144.97","143.91","12.20M","0.01%"
"2019-08-23","144.17","141.84","144.33","141.64","20.29M","1.96%"
"2019-08-22","141.40","141.39","141.90","141.17","6.85M","-0.25%"
"2019-08-21","141.76","141.62","142.17","141.46","8.12M","-0.32%"
"2019-08-20","142.21","141.77","142.25","141.60","7.48M","0.78%"
"2019-08-19","141.11","141.33","141.79","140.85","10.56M","-1.17%"
"2019-08-16","142.78","142.75","143.13","141.80","12.18M","-0.64%"
"2019-08-15","143.70","142.96","144.02","142.61","13.50M","0.67%"
"2019-08-14","142.75","142.90","143.75","142.05","20.67M","0.68%"
"2019-08-13","141.78","143.17","143.28","139.35","29.93M","-0.60%"
"2019-08-12","142.63","141.67","143.38","141.64","15.26M","0.97%"
"2019-08-09","141.26","141.28","142.03","140.96","9.49M","-0.33%"
"2019-08-08","141.73","140.90","142.37","140.71","13.11M","0.50%"
"2019-08-07","141.02","141.28","142.47","140.88","26.67M","1.52%"
"2019-08-06","138.91","138.33","139.03","138.00","9.47M","0.81%"
"2019-08-05","137.79","137.93","138.64","137.05","17.52M","1.40%"
"2019-08-02","135.89","135.39","136.60","135.37","13.75M","-0.38%"
"2019-08-01","136.41","132.42","136.43","132.31","27.72M","2.40%"
"2019-07-31","133.21","135.03","135.42","133.02","18.80M","-1.31%"
"2019-07-30","134.98","134.76","135.18","134.41","9.46M","0.33%"
"2019-07-29","134.53","134.06","134.73","133.44","9.16M","0.67%"
"2019-07-26","133.64","134.24","134.29","133.59","6.25M","0.16%"
"2019-07-25","133.42","134.24","134.28","133.09","11.71M","-0.71%"
"2019-07-24","134.37","134.59","134.84","133.98","6.72M","0.51%"
"2019-07-23","133.69","134.43","134.95","133.56","9.98M","-0.57%"
"2019-07-22","134.45","134.56","134.82","134.32","7.57M","-0.01%"
"2019-07-19","134.47","135.45","136.03","133.97","18.08M","-1.47%"
"2019-07-18","136.48","133.83","136.63","133.61","18.47M","1.41%"
"2019-07-17","134.58","133.00","134.60","132.89","11.29M","1.65%"
"2019-07-16","132.40","133.18","133.30","132.13","7.97M","-0.85%"
"2019-07-15","133.53","133.18","133.53","132.81","4.03M","0.00%"
"2019-07-12","133.53","132.89","133.69","132.53","6.31M","0.63%"
"2019-07-11","132.70","133.58","133.70","132.41","7.54M","-0.84%"
"2019-07-10","133.83","132.94","133.87","132.35","13.92M","1.58%"
"2019-07-09","131.75","131.43","132.10","131.16","6.63M","0.35%"
"2019-07-08","131.29","132.18","132.34","131.28","8.03M","-0.64%"
"2019-07-05","132.14","131.46","132.32","130.81","11.54M","-1.12%"
"2019-07-03","133.63","133.61","134.10","133.23","6.35M","0.16%"
"2019-07-02","133.41","131.27","133.63","131.16","13.28M","2.14%"
"2019-07-01","130.62","131.56","131.75","130.55","13.37M","-1.94%"
"2019-06-28","133.20","133.05","133.34","132.61","8.08M","0.27%"
"2019-06-27","132.84","132.38","132.97","132.26","8.41M","-0.10%"
"2019-06-26","132.97","132.99","133.55","132.41","12.02M","-0.92%"
"2019-06-25","134.20","134.90","135.55","133.21","24.77M","0.19%"
"2019-06-24","133.94","132.77","134.03","132.58","17.85M","1.49%"
"2019-06-21","131.98","131.77","132.17","131.07","15.07M","0.66%"
"2019-06-20","131.11","130.41","131.49","130.19","18.64M","2.52%"
"2019-06-19","127.89","126.77","127.99","126.70","11.66M","0.61%"
"2019-06-18","127.12","127.58","127.75","126.39","10.31M","0.51%"
"2019-06-17","126.48","126.70","126.77","126.17","4.76M","-0.06%"
"2019-06-14","126.56","127.21","127.63","126.26","9.23M","-0.03%"
"2019-06-13","126.60","126.03","126.77","125.96","5.37M","0.61%"
"2019-06-12","125.83","125.60","126.20","125.56","5.76M","0.52%"
"2019-06-11","125.18","124.94","125.40","124.88","4.76M","-0.12%"
"2019-06-10","125.33","125.46","125.53","125.06","5.41M","-1.00%"
"2019-06-07","126.59","126.79","127.25","126.32","8.15M","0.56%"
"2019-06-06","125.88","125.93","126.45","125.80","5.55M","0.33%"
"2019-06-05","125.47","126.18","126.37","125.24","7.64M","0.26%"
"2019-06-04","125.15","124.88","125.42","124.61","8.00M","0.03%"
"2019-06-03","125.11","124.09","125.34","123.90","14.17M","1.44%"
"2019-05-31","123.33","122.55","123.40","122.31","15.37M","1.35%"
"2019-05-30","121.69","120.96","121.69","120.80","7.76M","0.68%"
"2019-05-29","120.87","121.11","121.26","120.75","4.13M","0.03%"
"2019-05-28","120.83","120.80","120.84","120.46","4.30M","-0.39%"
"2019-05-24","121.30","121.13","121.31","120.89","2.32M","0.11%"
"2019-05-23","121.17","120.82","121.52","120.77","6.05M","0.77%"
"2019-05-22","120.24","120.35","120.50","120.19","3.74M","-0.10%"
"2019-05-21","120.36","120.08","120.36","119.83","3.85M","-0.23%"
"2019-05-20","120.64","120.51","120.74","120.42","4.35M","-0.01%"
"2019-05-17","120.65","121.03","121.06","120.33","6.59M","-0.71%"
"2019-05-16","121.51","122.03","122.07","121.19","6.35M","-0.72%"
"2019-05-15","122.39","122.71","122.77","122.22","10.30M","-0.06%"
"2019-05-14","122.46","122.60","122.66","122.12","5.56M","-0.17%"
"2019-05-13","122.67","122.63","122.85","122.33","11.13M","1.02%"
"2019-05-10","121.43","121.41","121.73","121.30","4.59M","0.19%"
"2019-05-09","121.20","120.96","121.62","120.86","5.02M","0.24%"
"2019-05-08","120.91","121.54","121.54","120.77","4.18M","-0.25%"
"2019-05-07","121.21","121.02","121.42","120.91","4.01M","0.33%"
"2019-05-06","120.81","120.61","121.12","120.54","3.48M","0.13%"
"2019-05-03","120.65","120.56","121.08","120.47","8.41M","0.59%"
"2019-05-02","119.94","119.69","120.11","119.54","6.76M","-0.38%"
"2019-05-01","120.40","121.03","121.55","120.18","12.33M","-0.66%"
"2019-04-30","121.20","120.89","121.36","120.85","4.76M","0.31%"
"2019-04-29","120.83","120.88","120.91","120.67","4.47M","-0.44%"
"2019-04-26","121.37","121.26","121.67","121.22","6.02M","0.66%"
"2019-04-25","120.57","120.72","121.10","120.50","4.84M","0.08%"
"2019-04-24","120.47","120.06","120.72","120.04","4.17M","0.29%"
"2019-04-23","120.12","119.67","120.20","119.55","5.57M","-0.21%"
"2019-04-22","120.37","120.46","120.50","120.27","2.25M","0.00%"
"2019-04-18","120.37","120.24","120.54","120.15","4.09M","0.07%"
"2019-04-17","120.28","120.46","120.51","120.19","4.69M","-0.19%"
"2019-04-16","120.51","120.38","120.63","120.19","10.10M","-0.90%"
"2019-04-15","121.60","121.20","121.82","121.09","4.25M","-0.19%"
"2019-04-12","121.83","121.96","122.31","121.80","5.27M","-0.10%"
"2019-04-11","121.95","122.54","122.75","121.79","11.69M","-1.28%"
"2019-04-10","123.53","123.22","123.77","123.19","6.34M","0.31%"
"2019-04-09","123.15","123.26","123.35","123.03","4.65M","0.52%"
"2019-04-08","122.51","122.97","123.02","122.40","4.27M","0.43%"
"2019-04-05","121.98","121.88","122.13","121.66","5.11M","-0.11%"
"2019-04-04","122.11","121.10","122.24","120.96","7.51M","0.25%"
"2019-04-03","121.80","121.73","122.01","121.67","6.15M","-0.15%"
"2019-04-02","121.98","121.72","122.01","121.68","4.47M","0.37%"
"2019-04-01","121.53","122.40","122.43","121.46","13.56M","-0.39%"
"2019-03-29","122.01","122.64","122.75","122.01","7.09M","0.09%"
"2019-03-28","121.90","122.28","122.36","121.70","11.88M","-1.42%"
"2019-03-27","123.65","124.35","124.38","123.56","6.60M","-0.52%"
"2019-03-26","124.30","124.48","124.51","124.07","5.06M","-0.50%"
"2019-03-25","124.92","124.56","125.11","124.48","7.29M","0.77%"
"2019-03-22","123.97","123.93","124.22","123.73","5.87M","0.23%"
"2019-03-21","123.68","124.36","124.37","123.11","7.74M","-0.40%"
"2019-03-20","124.18","123.66","124.42","122.65","11.30M","0.65%"
"2019-03-19","123.38","123.72","123.79","123.34","6.56M","0.28%"
"2019-03-18","123.04","123.30","123.40","122.89","7.78M","0.06%"
"2019-03-15","122.97","123.06","123.40","122.91","9.41M","0.46%"
"2019-03-14","122.41","122.33","122.55","122.12","6.78M","-1.15%"
"2019-03-13","123.84","123.56","123.88","123.42","7.38M","0.70%"
"2019-03-12","122.98","122.54","123.03","122.40","6.29M","0.61%"
"2019-03-11","122.24","122.52","122.54","121.92","6.71M","-0.49%"
"2019-03-08","122.84","122.70","122.89","122.37","10.43M","1.09%"
"2019-03-07","121.51","121.27","121.71","121.18","6.09M","-0.08%"
"2019-03-06","121.61","121.43","121.64","121.26","4.82M","-0.09%"
"2019-03-05","121.72","121.38","121.73","121.03","7.12M","0.13%"
"2019-03-04","121.56","121.56","121.85","121.18","10.27M","-0.26%"
"2019-03-01","121.88","123.48","123.96","121.87","16.41M","-1.70%"
"2019-02-28","123.99","124.71","124.71","123.98","7.81M","-0.56%"
"2019-02-27","124.69","125.17","125.23","124.40","7.94M","-0.71%"
"2019-02-26","125.58","125.33","125.62","125.05","5.15M","0.17%"
"2019-02-25","125.37","125.78","125.90","125.23","4.88M","-0.10%"
"2019-02-22","125.50","125.53","125.95","125.39","5.44M","0.36%"
"2019-02-21","125.05","126.15","126.22","125.05","8.63M","-1.13%"
"2019-02-20","126.48","127.00","127.21","126.31","8.89M","-0.17%"
"2019-02-19","126.70","125.98","126.79","125.93","15.61M","1.52%"
"2019-02-15","124.80","124.59","125.00","124.18","12.19M","0.60%"
"2019-02-14","124.06","123.84","124.20","123.53","6.28M","0.56%"
"2019-02-13","123.37","123.84","124.55","123.31","7.64M","-0.40%"
"2019-02-12","123.86","123.96","124.03","123.61","4.27M","0.21%"
"2019-02-11","123.60","123.19","123.82","123.19","4.82M","-0.49%"
"2019-02-08","124.21","124.05","124.33","123.98","4.24M","0.38%"
"2019-02-07","123.74","123.80","123.95","123.44","5.94M","0.24%"
"2019-02-06","123.44","124.16","124.19","123.40","6.60M","-0.68%"
"2019-02-05","124.28","124.29","124.42","124.05","6.29M","0.26%"
"2019-02-04","123.96","123.99","124.29","123.82","6.88M","-0.43%"
"2019-02-01","124.50","124.89","125.05","124.37","12.49M","-0.20%"
"2019-01-31","124.75","125.18","125.23","124.62","10.21M","0.05%"
"2019-01-30","124.69","123.91","125.07","123.70","12.10M","0.57%"
"2019-01-29","123.98","123.71","124.00","123.46","11.61M","0.56%"
"2019-01-28","123.29","122.75","123.29","122.72","8.52M","0.35%"
"2019-01-25","122.86","122.02","122.91","122.02","11.10M","1.46%"
"2019-01-24","121.09","121.16","121.36","120.92","5.66M","-0.16%"
"2019-01-23","121.28","120.96","121.54","120.86","5.22M","-0.14%"
"2019-01-22","121.45","121.18","121.50","120.90","7.90M","0.36%"
"2019-01-18","121.02","121.23","121.52","121.02","10.90M","-0.89%"
"2019-01-17","122.11","122.03","122.26","121.81","8.56M","-0.13%"
"2019-01-16","122.27","122.04","122.44","122.02","6.88M","0.32%"
"2019-01-15","121.88","122.28","122.38","121.62","7.51M","-0.17%"
"2019-01-14","122.09","122.15","122.24","121.87","6.48M","0.24%"
"2019-01-11","121.80","121.74","122.05","121.66","8.62M","0.17%"
"2019-01-10","121.59","121.98","122.18","121.57","6.67M","-0.59%"
"2019-01-09","122.31","121.45","122.33","121.44","10.56M","0.64%"
"2019-01-08","121.53","121.15","121.71","121.06","7.64M","-0.27%"
"2019-01-07","121.86","122.16","122.22","121.57","7.47M","0.35%"
"2019-01-04","121.44","121.32","121.60","120.69","13.33M","-0.81%"
"2019-01-03","122.43","121.78","122.46","121.73","15.44M","0.91%"
"2019-01-02","121.33","121.35","121.75","120.88","12.78M","0.07%"
"2018-12-31","121.25","120.98","121.26","120.83","8.45M","0.16%"
"2018-12-28","121.06","120.80","121.08","120.72","6.86M","0.41%"
"2018-12-27","120.57","120.57","120.89","120.14","11.87M","0.76%"
"2018-12-26","119.66","120.62","121.00","119.57","14.29M","-0.30%"
"2018-12-24","120.02","119.57","120.14","119.57","9.74M","1.10%"
"2018-12-21","118.72","119.19","119.25","118.57","13.63M","-0.44%"
"2018-12-20","119.24","119.11","119.74","118.68","18.62M","1.54%"
"2018-12-19","117.43","118.24","118.96","117.40","13.83M","-0.61%"
"2018-12-18","118.15","117.85","118.20","117.81","7.54M","0.24%"
"2018-12-17","117.87","117.37","118.03","117.35","8.46M","0.69%"
"2018-12-14","117.06","116.63","117.30","116.58","7.50M","-0.40%"
"2018-12-13","117.53","117.54","117.62","117.26","4.13M","-0.22%"
"2018-12-12","117.79","117.70","117.95","117.61","4.14M","0.21%"
"2018-12-11","117.54","117.67","117.89","117.35","6.40M","-0.12%"
"2018-12-10","117.68","117.70","117.94","117.42","8.12M","-0.35%"
"2018-12-07","118.09","117.62","118.23","117.54","10.40M","0.81%"
"2018-12-06","117.14","117.38","117.69","116.92","9.27M","0.02%"
"2018-12-04","117.12","117.37","117.39","116.93","7.19M","0.61%"
"2018-12-03","116.41","116.60","116.77","116.30","8.46M","0.75%"
"2018-11-30","115.54","115.42","115.66","115.04","8.17M","-0.17%"
"2018-11-29","115.74","115.97","116.24","115.56","6.48M","0.31%"
"2018-11-28","115.38","114.76","116.07","114.59","13.79M","0.37%"
"2018-11-27","114.95","115.55","115.63","114.60","9.67M","-0.60%"
"2018-11-26","115.64","115.84","115.87","115.53","4.02M","-0.11%"
"2018-11-23","115.77","115.76","115.88","115.58","3.73M","-0.08%"
"2018-11-21","115.86","115.94","116.35","115.86","8.83M","0.16%"
"2018-11-20","115.67","115.94","115.95","115.37","9.08M","0.00%"
"2018-11-19","115.67","115.45","115.92","115.37","8.51M","0.04%"
"2018-11-16","115.62","115.83","115.88","115.37","8.58M","0.74%"
"2018-11-15","114.77","114.83","114.99","114.56","8.91M","0.11%"
"2018-11-14","114.64","113.53","115.06","113.46","13.95M","0.83%"
"2018-11-13","113.70","113.72","113.93","113.42","9.31M","0.04%"
"2018-11-12","113.66","114.01","114.05","113.58","7.50M","-0.72%"
"2018-11-09","114.48","114.60","114.75","114.14","14.16M","-1.12%"
"2018-11-08","115.78","115.77","116.15","115.50","7.64M","-0.22%"
"2018-11-07","116.03","116.26","116.34","115.90","8.39M","-0.01%"
"2018-11-06","116.04","116.44","116.53","115.74","7.27M","-0.28%"
"2018-11-05","116.37","116.28","116.67","116.23","6.29M","-0.24%"
"2018-11-02","116.65","116.61","116.98","116.39","8.80M","0.02%"
"2018-11-01","116.63","116.33","117.07","116.18","13.66M","1.29%"
"2018-10-31","115.15","114.89","115.17","114.66","11.41M","-0.56%"
"2018-10-30","115.80","115.85","116.04","115.64","7.23M","-0.44%"
"2018-10-29","116.31","116.41","116.54","115.84","8.73M","-0.39%"
"2018-10-26","116.77","116.83","117.65","116.46","15.73M","0.32%"
"2018-10-25","116.40","116.58","116.73","116.19","8.30M","-0.22%"
"2018-10-24","116.66","116.38","116.72","116.11","8.56M","0.23%"
"2018-10-23","116.39","117.16","117.25","116.33","12.70M","0.59%"
"2018-10-22","115.71","115.57","115.78","115.43","5.20M","-0.26%"
"2018-10-19","116.01","116.23","116.24","115.96","7.45M","0.08%"
"2018-10-18","115.92","115.83","116.41","115.63","7.96M","0.11%"
"2018-10-17","115.79","115.89","116.33","115.68","7.08M","-0.01%"
"2018-10-16","115.80","116.49","116.60","115.80","9.53M","-0.17%"
"2018-10-15","116.00","116.12","116.53","115.89","11.83M","0.67%"
"2018-10-12","115.23","115.58","115.71","115.08","12.94M","-0.48%"
"2018-10-11","115.78","114.20","116.04","114.09","26.81M","2.57%"
"2018-10-10","112.88","112.47","112.96","112.25","10.57M","0.25%"
"2018-10-09","112.60","112.37","112.67","111.97","8.35M","0.05%"
"2018-10-08","112.54","112.25","112.59","111.90","12.11M","-1.11%"
"2018-10-05","113.80","113.81","114.10","113.57","7.99M","0.28%"
"2018-10-04","113.48","113.83","114.19","113.25","6.62M","0.05%"
"2018-10-03","113.42","113.87","114.05","113.26","6.67M","-0.40%"
"2018-10-02","113.87","113.70","114.33","113.61","10.78M","1.15%"
"2018-10-01","112.57","112.40","112.62","112.15","3.89M","-0.17%"
"2018-09-28","112.76","112.16","113.00","112.07","6.02M","0.63%"
"2018-09-27","112.05","112.10","112.42","111.85","7.68M","-0.88%"
"2018-09-26","113.05","113.11","113.60","112.66","8.30M","-0.53%"
"2018-09-25","113.65","113.75","113.89","113.57","3.00M","0.16%"
"2018-09-24","113.47","113.68","113.96","113.43","4.44M","-0.02%"
"2018-09-21","113.49","112.87","113.68","112.79","6.83M","-0.68%"
"2018-09-20","114.27","114.21","114.37","113.86","4.38M","0.34%"
"2018-09-19","113.88","113.94","114.15","113.68","4.22M","0.39%"
"2018-09-18","113.44","113.79","113.91","113.28","4.74M","-0.15%"
"2018-09-17","113.61","113.60","114.03","113.55","4.73M","0.52%"
"2018-09-14","113.02","113.79","113.90","112.91","5.38M","-0.65%"
"2018-09-13","113.76","114.72","114.78","113.58","5.64M","-0.36%"
"2018-09-12","114.17","113.12","114.39","113.06","6.32M","0.84%"
"2018-09-11","113.22","112.65","113.37","112.42","3.79M","0.06%"
"2018-09-10","113.15","113.26","113.43","113.00","2.32M","-0.07%"
"2018-09-07","113.23","113.26","113.60","112.97","3.71M","-0.27%"
"2018-09-06","113.54","113.89","114.26","113.28","4.78M","0.19%"
"2018-09-05","113.32","113.36","113.44","113.12","4.46M","0.35%"
"2018-09-04","112.93","112.75","113.07","112.61","6.62M","-0.51%"
"2018-08-31","113.51","113.72","114.06","113.44","5.05M","-0.11%"
"2018-08-30","113.64","113.92","113.93","113.24","5.43M","-0.49%"
"2018-08-29","114.20","114.16","114.21","113.85","5.62M","0.46%"
"2018-08-28","113.68","114.76","114.87","113.55","6.10M","-0.79%"
"2018-08-27","114.59","114.12","114.78","114.12","4.36M","0.38%"
"2018-08-24","114.16","113.25","114.42","113.21","9.21M","1.75%"
"2018-08-23","112.20","112.68","112.88","112.06","5.50M","-0.94%"
"2018-08-22","113.27","113.39","113.49","113.07","6.22M","0.22%"
"2018-08-21","113.02","112.77","113.10","112.44","5.04M","0.29%"
"2018-08-20","112.69","112.38","112.74","112.16","5.31M","0.50%"
"2018-08-17","112.13","111.69","112.15","111.38","8.47M","0.93%"
"2018-08-16","111.10","111.46","111.88","111.10","7.48M","-0.08%"
"2018-08-15","111.19","112.17","112.18","111.06","12.40M","-1.66%"
"2018-08-14","113.07","113.25","113.48","112.84","7.09M","0.10%"
"2018-08-13","112.96","113.81","113.81","112.83","9.15M","-1.51%"
"2018-08-10","114.69","114.81","115.23","114.61","6.76M","-0.04%"
"2018-08-09","114.74","115.02","115.12","114.69","4.25M","-0.15%"
"2018-08-08","114.91","114.75","114.95","114.41","3.81M","0.28%"
"2018-08-07","114.59","114.85","114.94","114.42","5.19M","0.23%"
"2018-08-06","114.33","114.56","114.72","114.31","5.81M","-0.51%"
"2018-08-03","114.92","115.09","115.53","114.86","5.95M","0.35%"
"2018-08-02","114.52","115.17","115.23","114.42","6.20M","-0.54%"
"2018-08-01","115.14","115.63","115.70","115.12","7.94M","-0.73%"
"2018-07-31","115.99","115.47","116.35","115.39","5.51M","0.29%"
"2018-07-30","115.65","115.80","116.02","115.64","4.16M","-0.16%"
"2018-07-27","115.83","115.92","116.24","115.77","5.24M","0.05%"
"2018-07-26","115.77","116.24","116.51","115.77","6.38M","-0.78%"
"2018-07-25","116.68","116.79","116.84","116.27","5.48M","0.55%"
"2018-07-24","116.04","116.22","116.43","115.91","4.80M","0.03%"
"2018-07-23","116.00","116.25","116.31","115.76","6.25M","-0.48%"
"2018-07-20","116.56","116.40","116.71","116.24","7.89M","0.65%"
"2018-07-19","115.81","115.13","116.47","115.12","14.23M","-0.43%"
"2018-07-18","116.31","116.03","116.35","115.83","5.39M","0.03%"
"2018-07-17","116.28","116.72","116.92","116.12","7.94M","-1.08%"
"2018-07-16","117.55","117.51","117.62","117.28","3.67M","-0.05%"
"2018-07-13","117.61","117.62","117.75","117.45","5.44M","-0.44%"
"2018-07-12","118.13","118.00","118.26","117.94","4.59M","0.42%"
"2018-07-11","117.64","118.45","118.53","117.62","6.97M","-1.08%"
"2018-07-10","118.93","118.89","119.00","118.61","3.75M","-0.18%"
"2018-07-09","119.15","119.65","119.73","119.14","4.08M","0.24%"
"2018-07-06","118.86","118.97","119.03","118.73","2.95M","-0.16%"
"2018-07-05","119.05","118.92","119.33","118.77","4.95M","0.34%"
"2018-07-03","118.65","118.41","119.08","118.38","8.90M","1.01%"
"2018-07-02","117.46","118.18","118.21","117.40","12.02M","-1.00%"
"2018-06-29","118.65","118.43","118.94","118.26","8.00M","0.36%"
"2018-06-28","118.22","118.59","118.67","118.01","7.76M","-0.30%"
"2018-06-27","118.58","118.96","119.05","118.48","6.48M","-0.57%"
"2018-06-26","119.26","119.28","119.59","119.09","8.68M","-0.53%"
"2018-06-25","119.89","120.00","120.23","119.83","9.30M","-0.37%"
"2018-06-22","120.34","120.21","120.40","120.10","4.52M","0.24%"
"2018-06-21","120.05","119.92","120.32","119.82","5.68M","-0.17%"
"2018-06-20","120.26","120.79","120.81","120.16","4.55M","-0.45%"
"2018-06-19","120.80","120.81","121.03","120.58","4.93M","-0.26%"
"2018-06-18","121.11","121.35","121.44","120.99","3.85M","-0.19%"
"2018-06-15","121.34","122.18","122.20","120.83","14.54M","-1.65%"
"2018-06-14","123.38","123.63","123.86","123.32","8.02M","0.15%"
"2018-06-13","123.19","122.84","123.34","122.47","5.87M","0.30%"
"2018-06-12","122.82","122.95","123.18","122.64","7.28M","-0.33%"
"2018-06-11","123.23","123.10","123.42","123.02","3.20M","0.18%"
"2018-06-08","123.01","123.08","123.12","122.91","3.87M","0.12%"
"2018-06-07","122.86","122.96","123.14","122.69","3.70M","-0.05%"
"2018-06-06","122.92","123.08","123.35","122.63","4.08M","0.06%"
"2018-06-05","122.85","122.55","123.23","122.28","6.86M","0.39%"
"2018-06-04","122.37","122.85","122.93","122.37","4.35M","-0.10%"
"2018-06-01","122.49","122.58","123.09","122.44","8.06M","-0.50%"
"2018-05-31","123.10","123.26","123.78","123.10","7.86M","-0.22%"
"2018-05-30","123.37","123.17","123.61","123.17","4.57M","0.15%"
"2018-05-29","123.19","122.84","123.64","122.66","9.01M","-0.02%"
"2018-05-25","123.21","123.66","123.70","123.21","7.92M","-0.31%"
"2018-05-24","123.59","123.10","123.82","123.08","8.85M","0.86%"
"2018-05-23","122.54","122.14","122.74","122.11","7.01M","0.11%"
"2018-05-22","122.41","122.70","122.74","122.34","4.58M","-0.06%"
"2018-05-21","122.48","122.16","122.53","121.97","4.13M","0.06%"
"2018-05-18","122.41","122.05","122.65","122.01","6.84M","0.04%"
"2018-05-17","122.36","122.23","122.43","122.04","7.78M","0.06%"
"2018-05-16","122.29","122.38","122.61","122.03","4.94M","-0.16%"
"2018-05-15","122.48","122.82","122.82","122.13","10.91M","-1.61%"
"2018-05-14","124.49","125.16","125.21","124.44","3.75M","-0.41%"
"2018-05-11","125.00","125.57","125.59","124.94","4.30M","-0.14%"
"2018-05-10","125.18","125.22","125.37","124.75","5.22M","0.68%"
"2018-05-09","124.33","124.45","124.87","124.24","4.41M","-0.21%"
"2018-05-08","124.59","124.14","124.95","123.79","5.55M","0.02%"
"2018-05-07","124.57","124.50","124.70","124.30","3.40M","0.02%"
"2018-05-04","124.54","124.10","124.65","124.00","5.88M","0.21%"
"2018-05-03","124.28","124.66","124.76","124.24","4.86M","0.51%"
"2018-05-02","123.65","123.90","124.54","123.58","7.61M","-0.05%"
"2018-05-01","123.71","123.90","123.98","123.39","7.55M","-0.71%"
"2018-04-30","124.59","124.41","125.20","124.19","9.83M","-0.73%"
"2018-04-27","125.50","125.20","125.62","125.17","5.65M","0.42%"
"2018-04-26","124.97","125.54","125.57","124.69","7.52M","-0.35%"
"2018-04-25","125.41","125.23","125.51","125.06","5.99M","-0.65%"
"2018-04-24","126.23","125.78","126.34","125.67","4.73M","0.49%"
"2018-04-23","125.62","125.62","125.76","125.34","6.92M","-0.80%"
"2018-04-20","126.63","126.69","126.97","126.55","10.40M","-0.76%"
"2018-04-19","127.60","127.81","127.88","127.13","8.74M","-0.20%"
"2018-04-18","127.85","128.32","128.54","127.75","6.76M","0.08%"
"2018-04-17","127.75","127.02","127.78","127.00","4.18M","0.09%"
"2018-04-16","127.63","127.74","128.05","127.57","4.60M","0.14%"
"2018-04-13","127.45","127.07","127.75","127.03","6.82M","0.66%"
"2018-04-12","126.62","127.25","127.34","126.47","8.14M","-1.16%"
"2018-04-11","128.11","128.09","129.47","127.78","12.35M","0.78%"
"2018-04-10","127.12","127.02","127.31","126.67","5.40M","0.24%"
"2018-04-09","126.82","126.45","126.86","126.23","4.19M","0.34%"
"2018-04-06","126.39","126.57","126.60","126.12","6.12M","0.47%"
"2018-04-05","125.80","125.45","126.08","125.42","5.33M","-0.51%"
"2018-04-04","126.45","127.50","127.53","126.32","7.49M","0.12%"
"2018-04-03","126.30","126.54","126.59","126.01","6.08M","-0.75%"
"2018-04-02","127.26","126.65","127.54","126.38","11.42M","1.17%"
"2018-03-29","125.79","125.42","125.81","125.31","7.12M","0.05%"
"2018-03-28","125.73","126.48","126.61","125.51","10.25M","-1.38%"
"2018-03-27","127.49","127.23","127.62","127.05","6.18M","-0.62%"
"2018-03-26","128.28","128.05","128.58","128.01","6.17M","0.53%"
"2018-03-23","127.61","127.82","128.06","127.41","12.03M","1.29%"
"2018-03-22","125.98","126.09","126.34","125.64","5.30M","-0.40%"
"2018-03-21","126.48","125.40","126.76","125.03","12.53M","1.75%"
"2018-03-20","124.31","124.41","124.55","123.96","3.40M","-0.45%"
"2018-03-19","124.87","124.57","125.16","124.42","4.34M","0.22%"
"2018-03-16","124.60","124.84","124.87","124.21","7.40M","-0.24%"
"2018-03-15","124.90","125.12","125.21","124.72","6.13M","-0.64%"
"2018-03-14","125.70","125.49","125.76","125.34","3.78M","-0.06%"
"2018-03-13","125.78","125.67","125.99","125.05","4.80M","0.19%"
"2018-03-12","125.54","125.04","125.57","124.84","2.88M","0.00%"
"2018-03-09","125.54","124.94","125.69","124.78","5.07M","0.10%"
"2018-03-08","125.42","125.69","125.70","125.12","3.47M","-0.24%"
"2018-03-07","125.72","126.22","126.29","125.42","5.16M","-0.64%"
"2018-03-06","126.53","126.20","126.96","126.13","8.68M","1.08%"
"2018-03-05","125.18","125.35","125.48","124.96","5.78M","-0.17%"
"2018-03-02","125.39","125.67","125.69","124.97","9.99M","0.54%"
"2018-03-01","124.72","124.15","125.31","123.58","12.91M","-0.22%"
"2018-02-28","125.00","125.09","125.46","124.81","4.53M","-0.10%"
"2018-02-27","125.13","126.06","126.15","124.59","7.08M","-1.04%"
"2018-02-26","126.45","126.45","126.62","126.18","3.19M","0.25%"
"2018-02-23","126.14","126.06","126.30","125.85","4.24M","-0.13%"
"2018-02-22","126.30","125.92","126.37","125.88","5.35M","0.51%"
"2018-02-21","125.66","126.36","126.76","125.44","7.91M","-0.46%"
"2018-02-20","126.24","127.28","127.40","126.04","11.15M","-1.34%"
"2018-02-16","127.96","128.30","128.70","127.57","7.96M","-0.33%"
"2018-02-15","128.38","128.43","128.57","127.94","7.28M","0.12%"
"2018-02-14","128.23","126.47","128.59","126.29","16.42M","1.71%"
"2018-02-13","126.08","125.67","126.18","125.52","5.32M","0.57%"
"2018-02-12","125.37","125.19","125.82","125.11","6.98M","0.48%"
"2018-02-09","124.77","124.65","125.14","124.39","14.14M","-0.17%"
"2018-02-08","124.98","124.92","125.44","124.51","7.34M","0.15%"
"2018-02-07","124.79","125.48","125.77","124.41","8.56M","-0.47%"
"2018-02-06","125.38","126.54","126.55","125.22","17.67M","-1.05%"
"2018-02-05","126.71","126.82","127.31","126.44","13.60M","0.25%"
"2018-02-02","126.39","126.81","126.85","125.95","16.79M","-1.31%"
"2018-02-01","128.07","127.18","128.15","127.08","10.85M","0.33%"
"2018-01-31","127.65","127.45","127.85","126.40","13.42M","0.67%"
"2018-01-30","126.80","127.91","127.92","126.74","9.74M","-0.43%"
"2018-01-29","127.35","127.58","127.63","126.92","6.96M","-0.56%"
"2018-01-26","128.07","128.24","128.52","127.97","7.83M","0.08%"
"2018-01-25","127.97","128.69","129.51","127.36","15.22M","-0.67%"
"2018-01-24","128.83","128.39","129.26","128.23","11.83M","1.22%"
"2018-01-23","127.28","126.53","127.35","126.34","6.19M","0.50%"
"2018-01-22","126.65","126.51","126.75","126.28","4.89M","0.18%"
"2018-01-19","126.42","126.57","126.73","126.41","8.77M","0.44%"
"2018-01-18","125.86","126.13","126.52","125.80","6.29M","-0.22%"
"2018-01-17","126.14","126.77","127.22","125.90","10.13M","-0.81%"
"2018-01-16","127.17","126.60","127.18","126.40","8.08M","0.17%"
"2018-01-12","126.96","126.01","127.13","125.81","9.26M","1.21%"
"2018-01-11","125.44","125.37","125.66","125.25","5.99M","0.33%"
"2018-01-10","125.03","125.17","125.31","124.72","14.81M","0.24%"
"2018-01-09","124.73","124.49","124.86","124.23","9.15M","-0.46%"
"2018-01-08","125.31","125.20","125.32","124.90","3.57M","-0.02%"
"2018-01-05","125.33","124.93","125.48","124.83","5.74M","-0.10%"
"2018-01-04","125.46","124.89","125.85","124.74","7.33M","0.51%"
"2018-01-03","124.82","125.05","125.09","124.10","7.90M","-0.26%"
"2018-01-02","125.15","124.66","125.18","124.39","11.76M","1.21%"
"2017-12-29","123.65","123.70","124.08","123.46","7.85M","0.65%"
"2017-12-28","122.85","122.82","122.92","122.56","5.73M","0.51%"
"2017-12-27","122.23","122.00","122.34","121.88","6.23M","0.38%"
"2017-12-26","121.77","121.55","121.87","121.51","8.22M","0.69%"
"2017-12-22","120.94","120.67","121.14","120.57","5.79M","0.52%"
"2017-12-21","120.31","120.07","120.45","120.00","4.82M","0.14%"
"2017-12-20","120.14","119.98","120.36","119.81","5.73M","0.27%"
"2017-12-19","119.82","119.67","119.90","119.53","4.02M","0.08%"
"2017-12-18","119.73","119.63","119.99","119.60","5.45M","0.46%"
"2017-12-15","119.18","119.41","119.50","118.97","7.53M","0.21%"
"2017-12-14","118.93","119.10","119.28","118.70","6.99M","-0.20%"
"2017-12-13","119.17","118.19","119.35","118.01","10.09M","0.86%"
"2017-12-12","118.15","117.73","118.17","117.40","8.02M","0.12%"
"2017-12-11","118.01","118.37","118.54","117.80","4.52M","-0.40%"
"2017-12-08","118.48","118.63","118.92","118.33","5.23M","-0.01%"
"2017-12-07","118.49","119.01","119.24","118.10","12.90M","-1.32%"
"2017-12-06","120.07","120.03","120.44","119.87","6.64M","-0.21%"
"2017-12-05","120.32","120.44","120.50","119.72","10.04M","-0.71%"
"2017-12-04","121.18","121.15","121.20","120.84","6.94M","-0.34%"
"2017-12-01","121.59","120.94","122.43","120.74","13.08M","0.40%"
"2017-11-30","121.10","121.44","121.69","120.64","7.94M","-0.77%"
"2017-11-29","122.04","122.24","122.33","121.74","6.14M","-0.63%"
"2017-11-28","122.81","123.05","123.17","122.53","5.60M","-0.02%"
"2017-11-27","122.83","123.26","123.33","122.67","4.96M","0.42%"
"2017-11-24","122.32","122.36","122.61","122.22","1.78M","-0.25%"
"2017-11-22","122.63","122.26","122.95","122.17","5.21M","0.92%"
"2017-11-21","121.51","121.67","122.00","121.50","4.96M","0.16%"
"2017-11-20","121.31","122.30","122.41","121.04","8.36M","-1.26%"
"2017-11-17","122.86","122.15","123.17","121.95","10.61M","1.20%"
"2017-11-16","121.40","121.45","121.71","121.29","2.80M","-0.01%"
"2017-11-15","121.41","122.13","122.36","121.25","4.98M","-0.12%"
"2017-11-14","121.56","120.90","121.91","120.77","6.19M","0.21%"
"2017-11-13","121.31","121.43","121.55","121.27","6.25M","0.15%"
"2017-11-10","121.13","121.99","122.11","120.94","7.12M","-0.82%"
"2017-11-09","122.13","121.85","122.41","121.73","6.07M","0.41%"
"2017-11-08","121.63","121.95","122.25","121.59","5.57M","0.35%"
"2017-11-07","121.21","121.51","121.56","120.78","4.17M","-0.36%"
"2017-11-06","121.65","120.72","121.85","120.68","6.95M","0.85%"
"2017-11-03","120.62","121.36","121.43","120.18","6.33M","-0.47%"
"2017-11-02","121.19","121.29","121.96","121.05","5.37M","0.07%"
"2017-11-01","121.11","120.98","121.55","120.83","4.65M","0.36%"
"2017-10-31","120.67","120.82","120.84","120.38","3.91M","-0.38%"
"2017-10-30","121.13","120.93","121.47","120.80","5.12M","0.19%"
"2017-10-27","120.90","120.38","120.99","120.21","6.66M","0.47%"
"2017-10-26","120.33","121.16","121.16","120.22","6.44M","-0.84%"
"2017-10-25","121.35","121.31","121.59","120.84","4.28M","0.02%"
"2017-10-24","121.33","121.26","121.71","120.98","5.11M","-0.39%"
"2017-10-23","121.80","120.98","121.90","120.96","5.07M","0.16%"
"2017-10-20","121.61","121.68","121.98","121.39","8.48M","-0.64%"
"2017-10-19","122.39","122.20","122.55","122.11","5.57M","0.59%"
"2017-10-18","121.67","121.71","121.94","121.55","3.67M","-0.38%"
"2017-10-17","122.13","122.03","122.32","121.73","7.04M","-0.68%"
"2017-10-16","122.97","123.82","123.97","122.57","8.20M","-0.69%"
"2017-10-13","123.82","123.66","123.86","123.34","6.82M","0.76%"
"2017-10-12","122.89","122.84","123.03","122.50","3.04M","0.08%"
"2017-10-11","122.79","122.57","122.88","122.03","5.65M","0.32%"
"2017-10-10","122.40","122.62","122.97","122.36","9.32M","0.26%"
"2017-10-09","122.08","121.64","122.11","121.55","5.26M","0.82%"
"2017-10-06","121.09","120.26","121.21","119.78","10.01M","0.47%"
"2017-10-05","120.52","121.15","121.24","120.39","6.21M","-0.54%"
"2017-10-04","121.17","121.21","121.27","120.71","6.48M","0.28%"
"2017-10-03","120.83","120.72","121.10","120.70","3.73M","0.05%"
"2017-10-02","120.77","121.17","121.34","120.74","11.76M","-0.67%"
"2017-09-29","121.58","122.29","122.30","121.55","10.21M","-0.52%"
"2017-09-28","122.21","122.04","122.47","121.83","5.97M","0.19%"
"2017-09-27","121.98","122.04","122.51","121.88","6.90M","-0.94%"
"2017-09-26","123.14","123.57","123.81","122.90","8.67M","-1.12%"
"2017-09-25","124.53","122.78","124.66","122.71","10.26M","1.05%"
"2017-09-22","123.24","123.03","123.39","122.93","6.01M","0.46%"
"2017-09-21","122.68","122.56","123.07","122.49","7.76M","-0.76%"
"2017-09-20","123.62","124.68","125.06","123.15","11.42M","-0.80%"
"2017-09-19","124.62","124.49","124.65","124.03","5.83M","0.21%"
"2017-09-18","124.36","124.71","124.76","123.97","8.86M","-0.93%"
"2017-09-15","125.53","125.99","125.99","125.41","8.38M","-0.50%"
"2017-09-14","126.16","125.66","126.44","125.62","5.33M","0.44%"
"2017-09-13","125.61","126.40","126.45","125.50","8.49M","-0.75%"
"2017-09-12","126.56","126.03","126.59","125.94","8.35M","0.29%"
"2017-09-11","126.19","126.74","126.94","126.05","9.13M","-1.39%"
"2017-09-08","127.97","128.21","128.30","127.59","9.02M","-0.12%"
"2017-09-07","128.13","127.56","128.32","127.39","10.22M","1.04%"
"2017-09-06","126.81","127.34","127.44","126.55","10.06M","-0.51%"
"2017-09-05","127.46","126.65","127.78","126.57","11.81M","1.11%"
"2017-09-01","126.06","126.01","126.17","125.12","11.57M","0.19%"
"2017-08-31","125.82","124.58","125.84","124.55","11.78M","1.17%"
"2017-08-30","124.36","124.33","124.62","124.16","6.33M","-0.05%"
"2017-08-29","124.42","125.81","125.87","124.05","9.86M","-0.22%"
"2017-08-28","124.69","123.33","124.73","123.33","11.58M","1.59%"
"2017-08-25","122.74","122.77","123.02","121.29","12.40M","0.37%"
"2017-08-24","122.29","122.39","122.64","122.13","4.19M","-0.31%"
"2017-08-23","122.67","122.58","122.69","122.31","5.04M","0.38%"
"2017-08-22","122.21","122.56","122.56","121.85","6.49M","-0.45%"
"2017-08-21","122.76","122.54","122.98","122.50","5.55M","0.38%"
"2017-08-18","122.30","123.37","123.54","122.00","13.65M","-0.16%"
"2017-08-17","122.49","122.29","122.61","121.76","8.18M","0.51%"
"2017-08-16","121.87","120.66","122.06","120.66","8.27M","0.74%"
"2017-08-15","120.98","120.60","121.23","120.58","6.73M","-0.77%"
"2017-08-14","121.92","121.98","122.24","121.68","6.04M","-0.71%"
"2017-08-11","122.79","122.24","122.83","122.03","8.02M","0.47%"
"2017-08-10","122.21","122.08","122.44","122.03","9.82M","0.74%"
"2017-08-09","121.31","121.02","121.55","120.76","9.19M","1.21%"
"2017-08-08","119.86","120.02","120.12","118.97","7.23M","0.29%"
"2017-08-07","119.51","119.43","119.79","119.43","3.01M","-0.12%"
"2017-08-04","119.65","119.97","120.04","119.22","8.64M","-0.78%"
"2017-08-03","120.59","120.31","120.83","120.31","4.28M","0.16%"
"2017-08-02","120.40","120.51","121.02","120.34","5.95M","-0.21%"
"2017-08-01","120.65","120.44","121.14","120.44","7.37M","-0.08%"
"2017-07-31","120.75","120.50","120.81","120.45","3.94M","0.05%"
"2017-07-28","120.69","120.15","120.86","120.14","7.39M","0.75%"
"2017-07-27","119.79","120.10","120.14","119.28","6.39M","-0.08%"
"2017-07-26","119.88","118.57","120.15","118.55","8.53M","0.81%"
"2017-07-25","118.92","118.99","119.32","118.79","6.20M","-0.33%"
"2017-07-24","119.31","119.52","119.58","119.18","3.65M","0.04%"
"2017-07-21","119.26","119.00","119.39","118.75","10.14M","0.86%"
"2017-07-20","118.24","117.92","118.62","117.66","5.57M","0.14%"
"2017-07-19","118.08","118.18","118.27","117.84","3.21M","-0.03%"
"2017-07-18","118.11","117.99","118.33","117.88","7.16M","0.70%"
"2017-07-17","117.29","117.42","117.53","117.23","5.17M","0.45%"
"2017-07-14","116.77","117.04","117.25","116.64","5.79M","0.82%"
"2017-07-13","115.82","116.04","116.04","115.67","4.15M","-0.18%"
"2017-07-12","116.03","116.21","116.33","115.87","4.65M","0.35%"
"2017-07-11","115.62","115.26","115.77","114.88","6.64M","0.13%"
"2017-07-10","115.47","115.02","115.57","114.83","4.97M","0.16%"
"2017-07-07","115.28","115.78","115.79","114.80","11.15M","-1.02%"
"2017-07-06","116.47","116.58","116.61","116.24","4.44M","-0.04%"
"2017-07-05","116.52","115.91","116.67","115.87","7.22M","0.37%"
"2017-07-03","116.09","116.54","116.85","115.94","12.15M","-1.64%"
"2017-06-30","118.02","118.08","118.41","117.95","7.27M","-0.25%"
"2017-06-29","118.32","117.97","118.64","117.91","7.71M","-0.49%"
"2017-06-28","118.90","119.06","119.06","118.69","4.22M","0.08%"
"2017-06-27","118.81","118.87","119.05","118.48","5.76M","0.38%"
"2017-06-26","118.36","118.29","118.53","118.17","6.59M","-0.90%"
"2017-06-23","119.43","119.65","119.66","119.31","9.26M","0.43%"
"2017-06-22","118.92","119.13","119.20","118.60","5.81M","0.34%"
"2017-06-21","118.52","118.15","118.66","118.15","4.72M","0.29%"
"2017-06-20","118.18","118.42","118.46","118.07","4.62M","-0.21%"
"2017-06-19","118.43","118.74","118.84","118.33","6.79M","-0.76%"
"2017-06-16","119.34","119.35","119.50","119.24","6.44M","0.02%"
"2017-06-15","119.32","119.22","119.50","119.13","6.80M","-0.42%"
"2017-06-14","119.82","121.51","121.88","119.57","21.12M","-0.55%"
"2017-06-13","120.48","119.95","120.71","119.92","3.79M","0.10%"
"2017-06-12","120.36","120.33","120.69","120.27","4.93M","-0.15%"
"2017-06-09","120.54","120.46","120.91","120.40","7.05M","-0.91%"
"2017-06-08","121.65","122.07","122.08","120.95","8.17M","-0.65%"
"2017-06-07","122.45","122.79","123.16","122.02","9.04M","-0.53%"
"2017-06-06","123.10","123.09","123.31","122.77","10.80M","1.13%"
"2017-06-05","121.73","121.91","121.94","121.58","3.98M","0.10%"
"2017-06-02","121.61","121.31","121.71","121.19","7.27M","0.74%"
"2017-06-01","120.72","120.17","120.74","120.06","8.70M","0.08%"
"2017-05-31","120.62","120.31","121.23","120.26","10.36M","0.40%"
"2017-05-30","120.14","120.24","120.33","119.95","4.51M","-0.33%"
"2017-05-26","120.54","120.49","120.79","120.33","6.79M","0.89%"
"2017-05-25","119.48","119.52","119.69","119.29","4.11M","-0.11%"
"2017-05-24","119.61","119.07","119.74","118.92","7.06M","0.39%"
"2017-05-23","119.14","120.13","120.19","118.98","8.31M","-0.63%"
"2017-05-22","119.90","119.63","120.14","119.58","5.13M","0.42%"
"2017-05-19","119.40","119.39","119.55","118.88","6.79M","0.50%"
"2017-05-18","118.81","119.77","119.84","118.56","10.34M","-0.82%"
"2017-05-17","119.79","119.36","120.02","119.27","13.94M","1.82%"
"2017-05-16","117.65","117.45","117.91","117.40","4.94M","0.44%"
"2017-05-15","117.14","117.52","117.54","116.99","5.02M","0.27%"
"2017-05-12","116.83","117.07","117.16","116.73","5.43M","0.28%"
"2017-05-11","116.50","116.21","116.84","116.19","6.27M","0.40%"
"2017-05-10","116.04","116.42","116.50","115.86","4.29M","-0.01%"
"2017-05-09","116.05","116.18","116.24","115.56","6.80M","-0.60%"
"2017-05-08","116.75","117.03","117.14","116.68","5.44M","-0.22%"
"2017-05-05","117.01","116.86","117.07","116.68","7.13M","0.19%"
"2017-05-04","116.79","116.81","117.28","116.63","12.41M","-1.01%"
"2017-05-03","117.98","119.18","119.34","117.92","10.81M","-1.40%"
"2017-05-02","119.65","119.30","119.65","119.24","4.90M","-0.02%"
"2017-05-01","119.67","120.21","120.75","119.35","9.33M","-0.91%"
"2017-04-28","120.77","120.34","120.77","120.27","9.13M","0.32%"
"2017-04-27","120.39","120.42","120.60","119.97","8.27M","-0.37%"
"2017-04-26","120.84","120.21","120.96","119.87","9.76M","0.49%"
"2017-04-25","120.25","120.53","120.87","120.05","10.34M","-1.01%"
"2017-04-24","121.48","120.77","121.51","120.66","11.05M","-0.68%"
"2017-04-21","122.31","122.14","122.61","121.73","15.61M","0.29%"
"2017-04-20","121.96","121.82","122.17","121.50","11.79M","0.19%"
"2017-04-19","121.73","122.25","122.26","121.28","8.47M","-0.89%"
"2017-04-18","122.82","122.43","123.03","121.73","10.90M","0.47%"
"2017-04-17","122.24","122.55","123.07","121.99","8.47M","-0.29%"
"2017-04-13","122.60","122.54","122.65","122.03","9.89M","0.48%"
"2017-04-12","122.02","121.38","122.22","121.14","9.50M","0.68%"
"2017-04-11","121.19","120.33","121.40","120.29","12.46M","1.45%"
"2017-04-10","119.46","119.04","119.69","118.85","4.62M","0.00%"
"2017-04-07","119.46","120.30","120.67","119.14","12.35M","0.23%"
"2017-04-06","119.18","119.22","119.42","118.97","4.63M","-0.37%"
"2017-04-05","119.62","118.62","119.63","118.40","8.11M","0.00%"
"2017-04-04","119.62","119.59","119.77","119.38","4.69M","0.23%"
"2017-04-03","119.35","118.69","119.37","118.67","6.11M","0.53%"
"2017-03-31","118.72","118.61","119.08","118.46","8.52M","0.21%"
"2017-03-30","118.47","118.77","119.12","118.32","6.89M","-0.72%"
"2017-03-29","119.33","119.22","119.45","119.05","4.91M","0.24%"
"2017-03-28","119.04","119.74","119.83","118.78","7.11M","-0.41%"
"2017-03-27","119.53","119.93","120.08","119.27","8.52M","0.56%"
"2017-03-24","118.86","118.50","119.21","118.39","6.88M","0.16%"
"2017-03-23","118.67","119.15","119.25","118.32","6.20M","-0.13%"
"2017-03-22","118.83","118.87","119.15","118.68","7.29M","0.24%"
"2017-03-21","118.54","117.77","118.80","117.76","9.57M","0.83%"
"2017-03-20","117.56","117.31","117.59","117.20","4.00M","0.49%"
"2017-03-17","116.99","117.04","117.27","116.91","4.68M","0.22%"
"2017-03-16","116.73","117.27","117.29","116.69","9.32M","0.41%"
"2017-03-15","116.25","114.29","116.25","114.02","13.52M","1.87%"
"2017-03-14","114.12","114.54","115.01","114.03","5.30M","-0.54%"
"2017-03-13","114.74","114.63","114.91","114.50","5.81M","0.02%"
"2017-03-10","114.72","114.45","114.73","114.13","7.93M","0.22%"
"2017-03-09","114.47","114.78","115.03","114.41","6.41M","-0.51%"
"2017-03-08","115.06","114.99","115.36","114.94","7.62M","-0.62%"
"2017-03-07","115.78","116.13","116.25","115.61","6.85M","-0.81%"
"2017-03-06","116.72","117.35","117.35","116.63","4.88M","-0.67%"
"2017-03-03","117.51","116.95","117.73","116.44","10.67M","-0.06%"
"2017-03-02","117.58","117.76","118.34","117.22","10.99M","-1.24%"
"2017-03-01","119.06","117.98","119.12","117.95","8.68M","-0.14%"
"2017-02-28","119.23","119.71","119.84","118.82","8.73M","0.09%"
"2017-02-27","119.12","119.73","120.40","119.12","9.26M","-0.48%"
"2017-02-24","119.70","119.74","119.88","119.25","9.81M","0.64%"
"2017-02-23","118.94","118.76","119.16","118.67","7.52M","0.87%"
"2017-02-22","117.91","117.86","118.02","117.24","6.06M","0.14%"
"2017-02-21","117.75","117.04","118.00","116.77","6.17M","0.06%"
"2017-02-17","117.68","118.19","118.40","117.62","7.34M","-0.34%"
"2017-02-16","118.08","117.93","118.35","117.83","6.38M","0.54%"
"2017-02-15","117.45","116.33","117.48","116.25","7.09M","0.44%"
"2017-02-14","116.93","117.51","117.56","116.38","6.93M","0.11%"
"2017-02-13","116.80","116.73","116.95","116.15","7.35M","-0.68%"
"2017-02-10","117.60","116.68","117.86","116.67","9.07M","0.26%"
"2017-02-09","117.29","118.32","118.58","117.20","8.18M","-0.76%"
"2017-02-08","118.19","118.09","118.59","117.81","9.63M","0.62%"
"2017-02-07","117.46","117.31","117.74","117.20","8.62M","-0.20%"
"2017-02-06","117.70","117.07","117.74","116.74","8.55M","1.35%"
"2017-02-03","116.13","115.73","116.36","115.71","9.46M","0.25%"
"2017-02-02","115.84","116.26","116.57","115.62","7.19M","0.56%"
"2017-02-01","115.20","114.66","115.45","114.14","6.93M","-0.30%"
"2017-01-31","115.55","115.27","115.82","115.18","10.42M","1.39%"
"2017-01-30","113.97","113.61","114.30","113.53","7.69M","0.42%"
"2017-01-27","113.49","112.93","113.55","112.81","6.71M","0.20%"
"2017-01-26","113.26","113.24","113.50","112.83","5.39M","-0.93%"
"2017-01-25","114.32","114.14","114.44","113.68","6.70M","-0.82%"
"2017-01-24","115.27","115.69","116.02","114.94","5.80M","-0.45%"
"2017-01-23","115.79","115.51","116.17","115.20","6.37M","0.64%"
"2017-01-20","115.05","114.65","115.76","114.32","12.26M","0.24%"
"2017-01-19","114.77","114.32","114.96","113.94","6.44M","-0.09%"
"2017-01-18","114.87","115.74","115.92","114.56","6.50M","-0.85%"
"2017-01-17","115.85","115.89","115.96","115.50","9.14M","1.44%"
"2017-01-13","114.21","113.65","114.31","113.19","7.26M","0.26%"
"2017-01-12","113.91","114.52","114.93","113.81","8.46M","0.36%"
"2017-01-11","113.50","112.87","114.19","112.17","9.92M","0.31%"
"2017-01-10","113.15","112.94","113.45","112.64","6.09M","0.43%"
"2017-01-09","112.67","112.39","113.04","112.18","5.67M","0.82%"
"2017-01-06","111.75","111.81","112.38","111.57","7.69M","-0.74%"
"2017-01-05","112.58","112.16","112.94","112.07","9.61M","1.55%"
"2017-01-04","110.86","111.06","111.22","110.61","4.90M","0.35%"
"2017-01-03","110.47","109.62","111.00","109.37","7.53M","0.78%"
"2016-12-30","109.61","110.38","110.62","109.53","8.87M","-0.62%"
"2016-12-29","110.29","109.23","110.53","109.16","7.56M","1.31%"
"2016-12-28","108.86","108.40","108.91","108.29","5.09M","0.28%"
"2016-12-27","108.56","108.61","108.67","108.24","3.69M","0.58%"
"2016-12-23","107.93","107.84","108.25","107.80","5.01M","0.32%"
"2016-12-22","107.59","107.68","108.10","107.49","4.94M","-0.24%"
"2016-12-21","107.85","108.25","108.31","107.68","5.19M","0.06%"
"2016-12-20","107.79","107.47","108.00","107.29","7.32M","-0.74%"
"2016-12-19","108.59","108.60","108.88","108.34","5.34M","0.50%"
"2016-12-16","108.05","107.95","108.78","107.47","10.60M","0.66%"
"2016-12-15","107.34","107.85","107.99","107.00","14.43M","-1.37%"
"2016-12-14","108.83","110.95","110.98","108.52","12.93M","-1.47%"
"2016-12-13","110.45","110.57","110.79","110.06","7.96M","-0.33%"
"2016-12-12","110.82","110.59","111.11","110.27","6.16M","0.38%"
"2016-12-09","110.40","111.18","111.25","110.19","10.51M","-1.05%"
"2016-12-08","111.57","111.72","111.87","111.46","5.98M","-0.23%"
"2016-12-07","111.83","112.13","112.50","111.77","4.90M","0.36%"
"2016-12-06","111.43","111.69","112.03","111.19","5.53M","-0.10%"
"2016-12-05","111.54","111.15","112.11","110.31","10.19M","-0.54%"
"2016-12-02","112.14","111.89","112.32","111.78","7.42M","0.54%"
"2016-12-01","111.54","111.11","111.99","110.63","10.24M","-0.19%"
"2016-11-30","111.75","112.69","112.79","111.50","10.93M","-1.34%"
"2016-11-29","113.27","112.76","113.48","112.69","7.44M","-0.47%"
"2016-11-28","113.80","113.23","113.84","112.77","5.66M","1.06%"
"2016-11-25","112.61","113.42","113.51","112.35","5.35M","-0.57%"
"2016-11-23","113.25","113.87","113.88","112.65","20.98M","-1.98%"
"2016-11-22","115.54","115.72","115.79","114.98","6.39M","-0.03%"
"2016-11-21","115.58","115.72","115.94","115.29","6.65M","0.37%"
"2016-11-18","115.15","115.52","115.77","114.96","10.44M","-0.88%"
"2016-11-17","116.17","116.91","117.22","115.44","10.34M","-0.51%"
"2016-11-16","116.77","117.27","117.27","116.58","5.49M","-0.30%"
"2016-11-15","117.12","116.46","117.24","116.29","9.35M","0.87%"
"2016-11-14","116.11","116.12","117.14","115.49","20.73M","-0.85%"
"2016-11-11","117.10","119.65","119.69","116.23","20.38M","-2.21%"
"2016-11-10","119.75","121.52","121.54","119.38","22.27M","-1.49%"
"2016-11-09","121.56","124.30","124.35","121.11","18.24M","-0.07%"
"2016-11-08","121.64","122.12","123.09","121.36","9.48M","-0.42%"
"2016-11-07","122.15","122.66","122.71","121.88","10.01M","-1.80%"
"2016-11-04","124.39","124.40","124.54","124.04","8.59M","0.07%"
"2016-11-03","124.30","123.36","124.33","123.35","10.09M","0.53%"
"2016-11-02","123.64","123.76","124.76","123.56","15.69M","0.74%"
"2016-11-01","122.73","122.80","123.21","122.57","13.38M","0.65%"
"2016-10-31","121.94","121.51","122.00","121.23","7.72M","0.30%"
"2016-10-28","121.58","121.20","122.48","120.81","11.64M","0.47%"
"2016-10-27","121.01","121.11","121.18","120.75","4.34M","0.18%"
"2016-10-26","120.79","121.37","121.53","120.61","3.91M","-0.56%"
"2016-10-25","121.47","120.89","121.76","120.86","6.14M","0.75%"
"2016-10-24","120.56","121.28","121.30","120.16","5.48M","-0.22%"
"2016-10-21","120.83","120.90","120.92","120.55","6.71M","0.07%"
"2016-10-20","120.74","121.39","121.59","120.63","6.50M","-0.31%"
"2016-10-19","121.11","121.13","121.46","120.89","6.02M","0.57%"
"2016-10-18","120.42","120.08","120.64","119.82","4.92M","0.62%"
"2016-10-17","119.68","119.70","119.92","119.58","4.78M","0.27%"
"2016-10-14","119.36","119.37","120.16","119.29","6.58M","-0.56%"
"2016-10-13","120.03","120.00","120.42","119.80","7.18M","0.24%"
"2016-10-12","119.74","119.72","120.07","119.29","4.85M","0.16%"
"2016-10-11","119.55","119.92","120.16","119.53","6.07M","-0.51%"
"2016-10-10","120.16","120.16","120.42","119.92","4.51M","0.35%"
"2016-10-07","119.74","120.49","120.58","118.42","17.91M","0.07%"
"2016-10-06","119.66","119.69","119.98","119.24","17.92M","-0.93%"
"2016-10-05","120.78","121.33","121.59","120.40","14.72M","-0.16%"
"2016-10-04","120.97","123.16","123.18","120.86","24.37M","-3.47%"
"2016-10-03","125.32","125.32","125.46","124.90","9.04M","-0.25%"
"2016-09-30","125.64","126.52","126.55","125.23","11.20M","-0.34%"
"2016-09-29","126.07","125.84","126.34","125.54","7.45M","-0.12%"
"2016-09-28","126.22","126.25","126.40","125.73","6.76M","-0.32%"
"2016-09-27","126.62","126.86","126.90","126.34","6.22M","-0.73%"
"2016-09-26","127.55","127.96","128.03","127.42","5.84M","-0.08%"
"2016-09-23","127.65","127.60","127.86","127.43","7.70M","0.06%"
"2016-09-22","127.57","127.57","128.20","127.50","15.19M","0.24%"
"2016-09-21","127.27","126.33","127.42","125.96","13.65M","1.46%"
"2016-09-20","125.44","125.31","125.59","125.17","5.67M","0.10%"
"2016-09-19","125.32","125.61","125.62","125.25","4.96M","0.21%"
"2016-09-16","125.06","124.81","125.25","124.67","19.00M","-0.25%"
"2016-09-15","125.37","125.73","126.10","124.91","12.98M","-0.64%"
"2016-09-14","126.18","126.10","126.54","126.03","5.82M","0.34%"
"2016-09-13","125.75","126.47","126.60","125.53","8.87M","-0.66%"
"2016-09-12","126.59","126.31","126.92","125.97","11.14M","-0.13%"
"2016-09-09","126.75","127.24","127.51","126.70","12.49M","-0.66%"
"2016-09-08","127.59","128.16","128.52","127.40","10.56M","-0.53%"
"2016-09-07","128.27","128.79","128.86","128.12","8.86M","-0.34%"
"2016-09-06","128.71","127.40","129.08","127.27","15.12M","1.69%"
"2016-09-02","126.57","126.29","126.57","125.58","11.32M","1.02%"
"2016-09-01","125.29","124.67","125.51","124.55","12.88M","0.41%"
"2016-08-31","124.78","124.73","125.11","124.64","13.32M","-0.20%"
"2016-08-30","125.03","125.73","125.95","124.88","9.88M","-1.01%"
"2016-08-29","126.30","126.00","126.48","125.93","5.56M","0.20%"
"2016-08-26","126.05","126.88","128.11","125.82","17.97M","-0.14%"
"2016-08-25","126.23","125.98","126.31","125.96","5.93M","-0.09%"
"2016-08-24","126.34","126.92","126.97","126.30","13.54M","-1.11%"
"2016-08-23","127.76","128.14","128.22","127.61","9.04M","-0.02%"
"2016-08-22","127.78","127.63","127.92","127.45","8.63M","-0.15%"
"2016-08-19","127.97","128.08","128.67","127.86","10.66M","-0.88%"
"2016-08-18","129.11","128.89","129.17","128.58","9.50M","0.47%"
"2016-08-17","128.50","128.17","128.99","127.46","12.03M","0.02%"
"2016-08-16","128.47","128.12","129.04","128.00","8.68M","0.49%"
"2016-08-15","127.84","127.62","128.25","127.60","4.53M","0.35%"
"2016-08-12","127.40","129.12","129.26","127.20","15.40M","-0.21%"
"2016-08-11","127.67","128.61","129.19","127.47","9.76M","-0.69%"
"2016-08-10","128.56","129.12","129.20","128.15","6.20M","0.47%"
"2016-08-09","127.96","127.94","128.14","127.75","7.50M","0.41%"
"2016-08-08","127.44","127.29","127.70","127.27","6.77M","-0.09%"
"2016-08-05","127.55","128.46","128.55","127.39","16.21M","-1.79%"
"2016-08-04","129.87","130.01","130.28","129.82","4.91M","0.17%"
"2016-08-03","129.65","129.95","129.96","129.27","5.01M","-0.48%"
"2016-08-02","130.27","130.04","130.55","129.94","7.65M","0.81%"
"2016-08-01","129.22","128.57","129.34","128.56","7.11M","0.19%"
"2016-07-29","128.98","128.42","129.41","127.88","13.71M","1.03%"
"2016-07-28","127.66","128.09","128.20","127.20","9.26M","-0.29%"
"2016-07-27","128.03","126.79","128.12","126.04","17.07M","1.61%"
"2016-07-26","126.00","126.09","126.14","125.75","7.61M","0.42%"
"2016-07-25","125.47","125.53","126.21","125.11","13.14M","-0.70%"
"2016-07-22","126.35","126.43","126.52","126.01","7.72M","-0.75%"
"2016-07-21","127.30","125.66","127.37","125.60","9.40M","1.52%"
"2016-07-20","125.39","125.50","126.12","125.31","11.78M","-1.43%"
"2016-07-19","127.21","126.95","127.35","126.82","5.17M","0.13%"
"2016-07-18","127.04","127.02","127.50","126.63","8.49M","0.16%"
"2016-07-15","126.84","126.38","127.19","126.33","13.89M","-0.38%"
"2016-07-14","127.33","126.31","127.37","126.03","12.13M","-0.77%"
"2016-07-13","128.32","128.00","128.43","127.61","7.38M","0.92%"
"2016-07-12","127.15","128.52","128.54","126.99","26.46M","-1.66%"
"2016-07-11","129.29","129.49","129.90","129.16","10.86M","-0.94%"
"2016-07-08","130.52","129.85","130.52","128.97","17.63M","0.60%"
"2016-07-07","129.74","129.82","130.12","128.98","16.51M","-0.38%"
"2016-07-06","130.23","130.50","131.15","129.82","17.38M","0.59%"
"2016-07-05","129.47","128.80","129.59","128.17","19.03M","0.83%"
"2016-07-01","128.41","127.66","128.42","127.44","14.94M","1.53%"
"2016-06-30","126.47","125.95","126.52","125.50","15.98M","0.50%"
"2016-06-29","125.84","125.91","126.81","125.70","12.22M","0.41%"
"2016-06-28","125.32","125.56","126.02","125.06","16.00M","-1.07%"
"2016-06-27","126.68","126.44","127.05","125.83","21.40M","0.53%"
"2016-06-24","126.01","126.62","126.82","125.00","35.78M","4.91%"
"2016-06-23","120.11","120.48","121.03","120.06","10.70M","-0.65%"
"2016-06-22","120.90","120.83","121.25","120.68","7.86M","0.05%"
"2016-06-21","120.84","121.65","121.86","120.77","14.59M","-1.92%"
"2016-06-20","123.21","122.26","123.33","122.13","11.87M","-0.60%"
"2016-06-17","123.95","123.26","124.10","122.69","15.57M","1.28%"
"2016-06-16","122.38","125.17","125.67","122.23","26.64M","-1.05%"
"2016-06-15","123.68","122.52","123.87","122.38","15.05M","0.74%"
"2016-06-14","122.77","123.00","123.06","122.30","11.65M","0.11%"
"2016-06-13","122.64","122.80","122.83","122.03","12.59M","0.74%"
"2016-06-10","121.74","121.55","122.10","121.17","13.94M","0.40%"
"2016-06-09","121.25","120.61","121.48","120.55","12.17M","0.56%"
"2016-06-08","120.58","120.30","120.78","120.23","11.66M","1.48%"
"2016-06-07","118.82","118.50","119.02","118.41","4.60M","-0.08%"
"2016-06-06","118.92","118.89","119.17","118.45","9.89M","0.03%"
"2016-06-03","118.88","118.25","118.89","118.23","14.61M","2.78%"
"2016-06-02","115.67","115.78","115.97","115.58","4.59M","-0.23%"
"2016-06-01","115.94","115.97","116.14","115.20","8.40M","-0.10%"
"2016-05-31","116.06","115.76","116.40","115.50","8.19M","0.38%"
"2016-05-27","115.62","116.27","116.36","115.29","8.69M","-0.82%"
"2016-05-26","116.58","117.57","117.63","116.39","5.89M","-0.34%"
"2016-05-25","116.98","116.59","117.06","116.32","10.50M","-0.27%"
"2016-05-24","117.30","118.17","118.23","117.25","12.77M","-1.73%"
"2016-05-23","119.37","118.86","119.60","118.75","8.63M","-0.28%"
"2016-05-20","119.71","120.19","120.32","119.31","10.38M","-0.13%"
"2016-05-19","119.87","119.00","119.97","118.92","14.34M","-0.19%"
"2016-05-18","120.10","121.22","121.92","119.88","13.38M","-1.73%"
"2016-05-17","122.22","121.58","122.52","121.48","8.62M","0.34%"
"2016-05-16","121.80","122.93","122.97","121.38","7.10M","0.07%"
"2016-05-13","121.71","121.09","121.86","120.66","7.67M","0.45%"
"2016-05-12","121.16","122.02","122.39","121.00","7.45M","-0.79%"
"2016-05-11","122.12","121.85","122.16","121.38","7.59M","0.94%"
"2016-05-10","120.98","120.74","121.38","120.08","9.84M","0.27%"
"2016-05-09","120.65","121.20","121.28","120.59","9.24M","-2.05%"
"2016-05-06","123.18","122.83","123.81","122.59","11.37M","0.91%"
"2016-05-05","122.07","122.63","122.73","121.25","8.85M","-0.11%"
"2016-05-04","122.21","122.85","123.23","121.51","9.40M","-0.61%"
"2016-05-03","122.96","123.73","123.82","122.51","9.06M","-0.23%"
"2016-05-02","123.24","123.78","123.96","123.05","12.14M","-0.33%"
"2016-04-29","123.65","122.43","123.93","122.34","19.04M","1.95%"
"2016-04-28","121.29","119.92","121.42","119.73","15.13M","1.89%"
"2016-04-27","119.04","118.97","119.70","118.43","7.98M","0.29%"
"2016-04-26","118.70","118.79","118.89","118.45","9.91M","0.40%"
"2016-04-25","118.23","118.14","118.71","118.11","4.37M","0.29%"
"2016-04-22","117.89","118.71","119.02","117.28","10.05M","-1.28%"
"2016-04-21","119.42","120.42","120.55","119.13","14.61M","0.38%"
"2016-04-20","118.97","119.67","120.08","118.72","10.23M","-0.51%"
"2016-04-19","119.58","119.87","120.09","119.37","21.03M","1.56%"
"2016-04-18","117.74","118.53","118.56","117.63","5.81M","-0.15%"
"2016-04-15","117.92","117.33","118.12","117.19","7.84M","0.69%"
"2016-04-14","117.11","118.09","118.19","116.95","13.17M","-1.40%"
"2016-04-13","118.77","119.37","119.43","118.56","8.84M","-1.07%"
"2016-04-12","120.05","120.23","120.34","119.55","9.69M","0.02%"
"2016-04-11","120.03","119.47","120.30","119.42","9.85M","1.35%"
"2016-04-08","118.43","118.07","118.77","117.98","9.08M","-0.15%"
"2016-04-07","118.61","118.65","118.85","115.00","11.90M","1.43%"
"2016-04-06","116.94","116.70","117.39","116.26","7.55M","-0.61%"
"2016-04-05","117.66","117.76","117.93","117.15","8.87M","1.30%"
"2016-04-04","116.15","116.67","116.73","116.07","7.64M","-0.67%"
"2016-04-01","116.93","116.08","116.98","115.55","10.41M","-0.60%"
"2016-03-31","117.64","118.16","118.39","117.60","9.35M","0.46%"
"2016-03-30","117.10","117.88","118.20","116.91","10.77M","-1.40%"
"2016-03-29","118.76","117.36","118.81","116.80","14.47M","1.85%"
"2016-03-28","116.60","116.73","116.91","116.27","3.88M","0.23%"
"2016-03-24","116.33","116.77","116.94","116.30","6.28M","-0.24%"
"2016-03-23","116.61","116.74","117.12","116.16","15.99M","-2.26%"
"2016-03-22","119.31","119.73","120.16","118.96","6.79M","0.29%"
"2016-03-21","118.96","119.00","119.33","118.73","7.24M","-0.70%"
"2016-03-18","119.80","119.59","120.34","119.51","16.97M","-0.27%"
"2016-03-17","120.13","121.16","121.18","120.03","9.91M","-0.38%"
"2016-03-16","120.59","117.42","120.76","117.34","17.33M","2.23%"
"2016-03-15","117.96","117.78","118.04","117.36","9.94M","0.08%"
"2016-03-14","117.87","120.27","120.31","117.50","14.24M","-1.29%"
"2016-03-11","119.41","121.19","121.39","119.36","10.81M","-1.72%"
"2016-03-10","121.50","120.50","121.76","120.42","18.10M","1.61%"
"2016-03-09","119.58","119.20","120.39","118.84","8.67M","-0.83%"
"2016-03-08","120.58","121.79","121.88","120.47","11.53M","-0.46%"
"2016-03-07","121.14","121.18","121.58","120.41","9.36M","0.50%"
"2016-03-04","120.54","121.13","122.37","120.22","16.26M","-0.16%"
"2016-03-03","120.73","118.86","121.30","118.81","18.72M","1.73%"
"2016-03-02","118.68","118.34","118.97","118.07","8.90M","0.77%"
"2016-03-01","117.77","118.74","119.11","117.34","14.14M","-0.73%"
"2016-02-29","118.64","117.59","118.70","117.53","11.52M","1.31%"
"2016-02-26","117.11","117.43","117.72","115.86","12.51M","-0.69%"
"2016-02-25","117.92","117.62","118.91","117.54","12.50M","0.26%"
"2016-02-24","117.61","119.00","119.86","117.35","17.94M","0.33%"
"2016-02-23","117.22","116.68","117.42","116.52","9.03M","1.50%"
"2016-02-22","115.49","115.44","116.19","115.41","10.68M","-1.78%"
"2016-02-19","117.58","117.26","117.97","117.10","15.19M","-0.60%"
"2016-02-18","118.29","115.30","118.59","115.29","13.59M","2.43%"
"2016-02-17","115.48","115.47","116.07","114.89","10.58M","0.62%"
"2016-02-16","114.77","116.00","116.31","114.74","14.60M","-3.03%"
"2016-02-12","118.36","118.12","118.74","117.88","16.98M","-0.59%"
"2016-02-11","119.06","118.59","120.84","117.77","49.14M","4.02%"
"2016-02-10","114.46","113.92","114.52","112.98","13.31M","0.77%"
"2016-02-09","113.58","114.43","114.69","113.55","18.16M","-0.22%"
"2016-02-08","113.83","113.67","114.87","113.39","28.34M","1.34%"
"2016-02-05","112.32","109.79","112.35","109.58","14.78M","1.58%"
"2016-02-04","110.57","110.45","110.70","109.92","13.21M","1.21%"
"2016-02-03","109.25","107.91","109.58","107.90","15.79M","1.07%"
"2016-02-02","108.09","107.92","108.18","107.35","6.66M","0.04%"
"2016-02-01","108.05","107.54","108.15","107.53","10.47M","1.03%"
"2016-01-29","106.95","106.61","107.00","106.26","8.10M","0.38%"
"2016-01-28","106.54","106.55","106.86","106.48","5.91M","-1.07%"
"2016-01-27","107.69","106.86","107.93","106.65","8.27M","0.37%"
"2016-01-26","107.29","106.32","107.43","106.25","8.44M","1.14%"
"2016-01-25","106.08","105.76","106.09","105.60","6.82M","1.03%"
"2016-01-22","105.00","104.93","105.51","104.76","4.19M","-0.46%"
"2016-01-21","105.49","104.99","105.49","104.52","5.43M","0.11%"
"2016-01-20","105.37","105.17","106.16","104.94","10.12M","1.34%"
"2016-01-19","103.98","104.06","104.45","103.65","4.59M","-0.10%"
"2016-01-15","104.08","104.92","104.96","103.97","10.05M","1.03%"
"2016-01-14","103.02","103.75","104.18","102.50","9.99M","-1.62%"
"2016-01-13","104.72","103.89","104.82","103.78","7.32M","0.49%"
"2016-01-12","104.21","104.09","104.59","103.65","5.54M","-0.51%"
"2016-01-11","104.74","105.47","105.57","104.71","6.27M","-0.89%"
"2016-01-08","105.68","105.48","105.80","105.04","7.68M","-0.44%"
"2016-01-07","106.15","105.83","106.24","105.19","11.73M","1.41%"
"2016-01-06","104.67","104.37","104.80","103.93","9.32M","1.44%"
"2016-01-05","103.18","103.13","103.46","102.93","3.50M","0.28%"
"2016-01-04","102.89","103.13","103.67","102.48","6.44M","1.41%"
"2015-12-31","101.46","101.48","101.72","101.31","3.82M","0.04%"
"2015-12-30","101.42","101.47","101.60","101.34","3.74M","-0.76%"
"2015-12-29","102.20","102.52","102.58","102.11","2.83M","-0.07%"
"2015-12-28","102.27","102.48","102.60","102.03","3.36M","-0.76%"
"2015-12-24","103.05","102.82","103.05","102.77","1.71M","0.72%"
"2015-12-23","102.31","102.40","102.59","102.21","2.82M","-0.29%"
"2015-12-22","102.61","103.09","103.20","102.56","4.12M","-0.52%"
"2015-12-21","103.15","102.95","103.52","102.83","6.38M","1.09%"
"2015-12-18","102.04","101.35","102.53","101.30","8.35M","1.53%"
"2015-12-17","100.50","100.92","100.99","100.23","10.16M","-2.19%"
"2015-12-16","102.75","102.59","103.20","101.66","8.29M","1.21%"
"2015-12-15","101.52","101.71","102.06","101.41","6.83M","-0.27%"
"2015-12-14","101.79","102.58","102.72","101.74","5.56M","-1.28%"
"2015-12-11","103.11","101.91","103.32","101.85","6.80M","0.55%"
"2015-12-10","102.55","102.51","102.83","102.34","3.85M","-0.09%"
"2015-12-09","102.64","103.63","103.66","102.32","6.03M","-0.19%"
"2015-12-08","102.84","103.13","103.26","102.53","3.41M","0.17%"
"2015-12-07","102.67","103.32","103.37","102.50","4.39M","-1.30%"
"2015-12-04","104.02","102.74","104.21","102.65","10.67M","2.22%"
"2015-12-03","101.76","101.23","101.97","100.84","6.50M","1.06%"
"2015-12-02","100.69","101.35","101.35","100.53","10.22M","-1.55%"
"2015-12-01","102.28","102.30","102.43","101.81","4.65M","0.35%"
"2015-11-30","101.92","101.53","102.38","101.52","6.77M","0.66%"
"2015-11-27","101.25","101.01","101.62","100.99","4.99M","-1.18%"
"2015-11-25","102.46","102.47","102.69","102.21","2.93M","-0.47%"
"2015-11-24","102.94","103.12","103.25","102.69","3.48M","0.66%"
"2015-11-23","102.26","102.48","102.75","102.16","4.04M","-0.81%"
"2015-11-20","103.09","103.58","103.66","102.97","5.97M","-0.45%"
"2015-11-19","103.56","103.07","104.09","103.07","5.09M","1.10%"
"2015-11-18","102.43","102.39","102.95","102.04","5.04M","0.09%"
"2015-11-17","102.34","103.38","103.40","101.98","8.59M","-1.32%"
"2015-11-16","103.71","103.98","104.03","103.52","2.95M","0.14%"
"2015-11-13","103.56","103.54","103.74","103.45","3.22M","-0.28%"
"2015-11-12","103.85","103.09","104.32","103.04","6.30M","0.02%"
"2015-11-11","103.83","104.09","104.23","103.78","3.53M","-0.34%"
"2015-11-10","104.18","104.09","104.65","103.87","4.45M","-0.21%"
"2015-11-09","104.40","104.29","104.58","104.19","4.13M","0.29%"
"2015-11-06","104.10","104.17","104.42","104.02","8.83M","-1.46%"
"2015-11-05","105.64","106.01","106.10","105.58","5.93M","-0.31%"
"2015-11-04","105.97","107.02","107.09","105.92","7.62M","-0.94%"
"2015-11-03","106.98","107.79","107.81","106.68","7.15M","-1.48%"
"2015-11-02","108.59","108.64","108.84","108.46","5.84M","-0.65%"
"2015-10-30","109.30","109.50","109.58","109.06","5.54M","-0.38%"
"2015-10-29","109.72","110.23","110.60","109.66","5.15M","-0.96%"
"2015-10-28","110.78","112.68","113.25","110.31","8.20M","-0.81%"
"2015-10-27","111.68","111.31","111.81","111.29","2.65M","0.22%"
"2015-10-26","111.43","111.73","111.98","111.33","2.57M","-0.06%"
"2015-10-23","111.50","111.81","111.84","110.96","4.87M","-0.17%"
"2015-10-22","111.69","111.52","112.21","111.43","3.44M","-0.04%"
"2015-10-21","111.73","112.37","112.37","111.41","3.91M","-0.89%"
"2015-10-20","112.73","112.38","113.09","112.38","4.90M","0.63%"
"2015-10-19","112.02","112.64","112.69","111.89","3.96M","-0.42%"
"2015-10-16","112.49","113.24","113.44","112.43","7.33M","-0.71%"
"2015-10-15","113.29","113.20","113.99","112.94","14.08M","-0.46%"
"2015-10-14","113.81","112.63","113.95","112.30","10.21M","1.74%"
"2015-10-13","111.86","111.36","111.87","111.28","5.15M","0.49%"
"2015-10-12","111.31","111.67","111.73","111.01","6.26M","0.40%"
"2015-10-09","110.87","110.54","111.05","110.23","7.91M","1.59%"
"2015-10-08","109.14","109.16","110.27","109.06","5.04M","-0.51%"
"2015-10-07","109.70","109.75","110.14","109.34","5.36M","-0.15%"
"2015-10-06","109.86","109.80","110.26","109.63","7.51M","1.00%"
"2015-10-05","108.77","109.14","109.38","108.46","5.49M","-0.20%"
"2015-10-02","108.99","108.54","109.32","108.54","7.73M","2.12%"
"2015-10-01","106.73","106.98","107.21","106.63","4.28M","-0.12%"
"2015-09-30","106.86","106.78","107.08","106.47","7.41M","-1.04%"
"2015-09-29","107.98","108.24","108.69","107.88","4.04M","-0.41%"
"2015-09-28","108.42","108.37","108.91","108.27","3.81M","-1.27%"
"2015-09-25","109.81","109.87","110.03","109.55","5.21M","-0.62%"
"2015-09-24","110.49","109.67","110.82","109.63","11.02M","2.10%"
"2015-09-23","108.22","108.54","108.64","108.20","2.74M","0.40%"
"2015-09-22","107.79","107.58","107.96","107.44","5.48M","-0.68%"
"2015-09-21","108.53","108.49","108.66","108.33","4.10M","-0.62%"
"2015-09-18","109.21","109.10","109.38","108.82","6.79M","0.74%"
"2015-09-17","108.41","107.07","108.58","106.96","8.40M","1.03%"
"2015-09-16","107.31","106.60","107.71","106.56","5.32M","1.33%"
"2015-09-15","105.90","105.83","106.06","105.68","2.90M","-0.30%"
"2015-09-14","106.22","105.86","106.39","105.78","2.35M","0.06%"
"2015-09-11","106.16","105.65","106.20","105.27","4.02M","-0.21%"
"2015-09-10","106.38","106.61","106.70","106.18","6.20M","0.24%"
"2015-09-09","106.13","106.64","106.71","105.48","8.86M","-1.29%"
"2015-09-08","107.52","107.60","107.94","107.31","5.98M","0.03%"
"2015-09-04","107.49","107.14","107.56","107.07","4.03M","-0.32%"
"2015-09-03","107.84","107.77","108.32","107.56","3.91M","-0.72%"
"2015-09-02","108.62","109.01","109.34","108.46","4.12M","-0.53%"
"2015-09-01","109.20","109.63","109.77","108.94","7.08M","0.35%"
"2015-08-31","108.82","108.19","108.92","108.03","4.53M","0.11%"
"2015-08-28","108.70","108.17","109.30","108.12","7.56M","0.90%"
"2015-08-27","107.73","107.33","108.04","107.11","8.10M","0.06%"
"2015-08-26","107.67","107.72","108.06","107.08","10.86M","-1.36%"
"2015-08-25","109.16","110.01","110.05","108.72","9.97M","-1.24%"
"2015-08-24","110.53","111.54","112.12","109.77","18.39M","-0.54%"
"2015-08-21","111.13","110.93","111.33","110.12","13.92M","0.62%"
"2015-08-20","110.44","109.81","110.61","109.70","12.55M","1.74%"
"2015-08-19","108.55","107.63","108.67","107.63","7.04M","1.34%"
"2015-08-18","107.11","106.67","107.33","106.31","4.12M","-0.02%"
"2015-08-17","107.13","107.37","107.51","107.00","5.77M","0.26%"
"2015-08-14","106.85","107.07","107.41","106.54","3.51M","-0.01%"
"2015-08-13","106.86","106.95","107.18","106.71","4.76M","-0.83%"
"2015-08-12","107.75","106.99","107.91","106.93","10.02M","1.40%"
"2015-08-11","106.26","106.49","106.63","105.77","4.06M","0.51%"
"2015-08-10","105.72","105.03","106.27","104.92","5.89M","1.02%"
"2015-08-07","104.65","104.56","105.38","104.55","4.40M","0.25%"
"2015-08-06","104.39","104.15","104.86","104.14","3.91M","0.44%"
"2015-08-05","103.93","104.42","104.50","103.78","5.04M","-0.36%"
"2015-08-04","104.31","104.56","104.75","103.95","3.24M","0.20%"
"2015-08-03","104.10","104.59","104.82","104.05","3.53M","-0.79%"
"2015-07-31","104.93","105.41","105.75","104.69","6.69M","0.63%"
"2015-07-30","104.27","104.03","104.97","103.86","6.65M","-0.86%"
"2015-07-29","105.17","104.93","105.63","104.49","5.62M","0.14%"
"2015-07-28","105.02","105.09","105.33","104.83","5.55M","0.15%"
"2015-07-27","104.86","104.94","105.68","104.66","10.69M","-0.47%"
"2015-07-24","105.35","103.61","105.59","103.43","11.57M","0.98%"
"2015-07-23","104.33","104.98","105.30","104.20","5.78M","-0.45%"
"2015-07-22","104.80","104.39","105.09","104.18","8.35M","-0.54%"
"2015-07-21","105.37","105.81","106.32","105.25","10.52M","-0.31%"
"2015-07-20","105.70","106.60","106.65","105.62","15.75M","-2.72%"
"2015-07-17","108.65","109.11","109.16","108.40","14.86M","-1.01%"
"2015-07-16","109.76","109.67","110.01","109.60","4.63M","-0.36%"
"2015-07-15","110.16","110.00","110.19","109.58","9.29M","-0.52%"
"2015-07-14","110.74","111.00","111.08","110.63","2.60M","-0.23%"
"2015-07-13","110.99","110.43","111.14","110.36","4.28M","-0.45%"
"2015-07-10","111.49","111.18","111.71","111.03","3.59M","0.12%"
"2015-07-09","111.36","111.80","111.93","111.15","3.80M","0.24%"
"2015-07-08","111.09","111.38","111.65","111.08","5.69M","0.30%"
"2015-07-07","110.76","111.08","111.14","110.05","9.07M","-1.16%"
"2015-07-06","112.06","111.71","112.58","111.63","4.26M","0.27%"
"2015-07-02","111.76","111.66","111.84","111.41","3.84M","-0.20%"
"2015-07-01","111.98","112.12","112.51","111.94","4.41M","-0.35%"
"2015-06-30","112.37","112.24","113.05","111.84","7.90M","-0.62%"
"2015-06-29","113.07","112.81","113.23","112.53","5.82M","0.45%"
"2015-06-26","112.56","112.20","112.68","112.13","4.39M","0.11%"
"2015-06-25","112.44","112.43","112.71","112.32","2.90M","-0.13%"
"2015-06-24","112.59","112.48","112.74","112.31","2.98M","-0.27%"
"2015-06-23","112.89","112.96","113.17","112.79","4.52M","-0.66%"
"2015-06-22","113.64","113.79","113.94","113.34","5.76M","-1.29%"
"2015-06-19","115.12","115.34","115.46","114.95","4.61M","-0.17%"
"2015-06-18","115.32","115.19","115.61","114.89","8.04M","1.29%"
"2015-06-17","113.85","113.07","114.04","112.63","6.46M","0.47%"
"2015-06-16","113.32","113.08","113.45","112.79","4.03M","-0.36%"
"2015-06-15","113.73","113.28","114.15","113.21","5.06M","0.44%"
"2015-06-12","113.23","113.06","113.50","112.96","3.00M","-0.03%"
"2015-06-11","113.26","113.27","113.41","112.92","4.43M","-0.46%"
"2015-06-10","113.78","114.14","114.14","113.69","5.45M","0.85%"
"2015-06-09","112.82","113.15","113.23","112.71","3.53M","0.22%"
"2015-06-08","112.57","112.39","112.66","112.13","3.12M","0.29%"
"2015-06-05","112.24","111.60","112.39","111.57","5.56M","-0.53%"
"2015-06-04","112.84","112.98","113.15","112.48","5.57M","-0.70%"
"2015-06-03","113.64","114.13","114.37","113.08","4.89M","-0.72%"
"2015-06-02","114.46","114.36","114.64","114.17","3.99M","0.40%"
"2015-06-01","114.00","115.02","115.50","113.90","8.25M","-0.09%"
"2015-05-29","114.10","114.14","114.48","114.00","3.41M","0.07%"
"2015-05-28","114.02","113.85","114.16","113.21","5.27M","0.11%"
"2015-05-27","113.89","113.78","114.01","113.63","2.68M","-0.02%"
"2015-05-26","113.91","113.84","114.23","113.70","5.77M","-1.46%"
"2015-05-22","115.60","115.51","115.93","115.32","1.78M","-0.08%"
"2015-05-21","115.69","115.53","116.00","115.47","2.51M","-0.34%"
"2015-05-20","116.08","116.03","116.38","115.76","4.43M","0.16%"
"2015-05-19","115.89","116.55","116.73","115.65","5.05M","-1.39%"
"2015-05-18","117.52","117.78","117.88","117.27","5.08M","-0.01%"
"2015-05-15","117.53","116.80","117.63","116.68","4.45M","0.30%"
"2015-05-14","117.18","117.28","117.75","117.03","6.92M","0.54%"
"2015-05-13","116.55","115.74","116.93","115.68","11.77M","1.79%"
"2015-05-12","114.50","114.10","114.67","114.06","3.26M","0.85%"
"2015-05-11","113.53","114.09","114.31","113.08","2.92M","-0.39%"
"2015-05-08","113.97","114.34","114.43","113.59","9.96M","0.48%"
"2015-05-07","113.42","113.84","114.01","113.32","5.46M","-0.82%"
"2015-05-06","114.36","114.59","114.75","114.02","3.28M","-0.05%"
"2015-05-05","114.42","114.89","115.11","114.39","3.86M","0.28%"
"2015-05-04","114.10","114.18","114.44","113.88","3.65M","0.90%"
"2015-05-01","113.08","112.42","113.31","112.28","7.60M","-0.34%"
"2015-04-30","113.47","113.88","113.88","112.96","9.44M","-1.77%"
"2015-04-29","115.51","116.06","116.39","115.28","7.17M","-0.70%"
"2015-04-28","116.33","115.36","116.62","115.34","8.05M","0.87%"
"2015-04-27","115.33","113.87","115.82","113.67","7.49M","2.02%"
"2015-04-24","113.05","113.96","114.07","112.77","7.15M","-1.40%"
"2015-04-23","114.66","113.90","114.96","113.81","3.46M","0.73%"
"2015-04-22","113.83","114.83","114.96","113.77","5.70M","-1.34%"
"2015-04-21","115.38","114.72","115.56","114.65","3.32M","0.58%"
"2015-04-20","114.72","114.82","114.95","114.32","3.93M","-0.76%"
"2015-04-17","115.60","115.38","115.79","115.23","3.50M","0.50%"
"2015-04-16","115.03","115.55","115.66","114.64","3.13M","-0.35%"
"2015-04-15","115.43","114.80","115.60","114.47","3.66M","0.87%"
"2015-04-14","114.44","114.69","115.07","114.39","3.65M","-0.61%"
"2015-04-13","115.14","115.35","115.39","114.80","3.19M","-0.72%"
"2015-04-10","115.97","116.00","116.19","115.50","3.93M","1.13%"
"2015-04-09","114.67","114.80","114.85","114.48","4.71M","-0.69%"
"2015-04-08","115.47","115.98","116.03","114.90","5.57M","-0.55%"
"2015-04-07","116.11","116.27","116.51","115.94","2.47M","-0.50%"
"2015-04-06","116.69","117.32","117.47","116.52","5.91M","1.22%"
"2015-04-02","115.28","115.47","115.72","114.68","3.88M","-0.28%"
"2015-04-01","115.60","114.56","115.99","114.54","7.32M","1.71%"
"2015-03-31","113.66","113.84","114.28","113.41","4.38M","-0.08%"
"2015-03-30","113.75","113.90","114.01","113.54","4.38M","-1.14%"
"2015-03-27","115.06","115.14","115.36","114.45","4.92M","-0.36%"
"2015-03-26","115.48","115.73","115.84","115.34","5.50M","0.65%"
"2015-03-25","114.73","115.11","115.14","114.65","3.02M","0.14%"
"2015-03-24","114.57","114.35","114.65","113.82","2.98M","0.24%"
"2015-03-23","114.29","113.70","114.37","113.49","4.24M","0.63%"
"2015-03-20","113.57","112.71","114.00","112.67","8.03M","1.14%"
"2015-03-19","112.29","111.85","112.58","111.58","6.54M","-0.07%"
"2015-03-18","112.37","110.33","112.87","110.09","12.45M","1.96%"
"2015-03-17","110.21","109.92","111.35","109.77","8.92M","-0.54%"
"2015-03-16","110.81","111.09","111.20","110.42","3.27M","-0.06%"
"2015-03-13","110.88","111.10","111.28","110.51","4.56M","0.14%"
"2015-03-12","110.72","111.15","111.20","110.25","6.63M","-0.03%"
"2015-03-11","110.75","111.23","111.25","110.16","6.55M","-0.60%"
"2015-03-10","111.42","112.09","112.35","111.22","7.02M","-0.49%"
"2015-03-09","111.97","112.42","112.62","111.95","5.53M","0.10%"
"2015-03-06","111.86","113.17","113.26","111.70","11.19M","-2.73%"
"2015-03-05","115.00","115.43","116.12","114.84","5.87M","-0.10%"
"2015-03-04","115.11","115.70","115.79","115.02","4.76M","-0.31%"
"2015-03-03","115.47","116.04","116.61","115.35","4.74M","-0.18%"
"2015-03-02","115.68","116.50","116.64","115.62","7.99M","-0.41%"
"2015-02-27","116.16","116.74","117.07","116.16","8.26M","0.08%"
"2015-02-26","116.07","116.54","116.55","115.83","4.03M","0.32%"
"2015-02-25","115.70","115.83","115.89","115.33","5.03M","0.38%"
"2015-02-24","115.26","115.00","115.55","114.29","7.61M","-0.15%"
"2015-02-23","115.43","115.11","116.22","115.07","4.81M","0.13%"
"2015-02-20","115.28","116.10","116.45","115.05","6.68M","-0.57%"
"2015-02-19","115.94","116.40","116.54","115.74","6.53M","-0.34%"
"2015-02-18","116.34","115.99","116.53","114.99","8.34M","0.28%"
"2015-02-17","116.01","116.40","116.54","115.58","7.23M","-1.67%"
"2015-02-13","117.98","118.05","118.58","117.79","4.11M","0.55%"
"2015-02-12","117.34","117.68","117.82","117.09","4.34M","0.23%"
"2015-02-11","117.07","118.49","118.57","117.00","6.78M","-1.18%"
"2015-02-10","118.47","118.63","119.06","118.21","4.09M","-0.59%"
"2015-02-09","119.17","118.83","119.40","118.77","5.24M","0.45%"
"2015-02-06","118.64","119.15","119.52","117.95","13.21M","-2.59%"
"2015-02-05","121.79","120.98","121.83","120.61","6.88M","0.17%"
"2015-02-04","121.58","121.63","122.22","120.92","5.39M","0.44%"
"2015-02-03","121.05","121.74","121.76","120.56","8.26M","-1.12%"
"2015-02-02","122.42","121.84","123.16","121.82","8.89M","-0.83%"
"2015-01-30","123.45","121.30","123.55","120.92","14.56M","2.23%"
"2015-01-29","120.76","121.99","122.29","120.26","12.00M","-2.16%"
"2015-01-28","123.42","123.52","123.89","122.94","8.47M","-0.79%"
"2015-01-27","124.40","123.56","124.64","123.51","9.58M","1.15%"
"2015-01-26","122.99","123.33","123.34","122.52","6.77M","-1.00%"
"2015-01-23","124.23","124.43","124.50","123.35","6.27M","-0.80%"
"2015-01-22","125.23","125.07","125.58","124.14","10.52M","0.80%"
"2015-01-21","124.23","125.18","125.34","123.37","11.08M","0.02%"
"2015-01-20","124.20","123.63","124.60","123.49","14.97M","1.37%"
"2015-01-16","122.52","121.73","123.15","121.70","14.43M","1.31%"
"2015-01-15","120.94","120.41","121.69","120.34","17.69M","2.52%"
"2015-01-14","117.97","119.08","119.32","117.90","7.73M","-0.16%"
"2015-01-13","118.16","118.96","119.19","117.87","7.69M","-0.34%"
"2015-01-12","118.56","117.46","118.71","117.32","8.32M","1.11%"
"2015-01-09","117.26","116.51","117.34","116.50","7.96M","1.14%"
"2015-01-08","115.94","116.45","116.87","115.85","7.03M","-0.42%"
"2015-01-07","116.43","116.47","116.88","116.17","6.43M","-0.59%"
"2015-01-06","117.12","116.22","117.50","115.80","11.24M","1.14%"
"2015-01-05","115.80","114.78","116.00","114.73","8.18M","1.51%"
"2015-01-02","114.08","112.49","114.80","112.32","7.11M","0.44%"
"2014-12-31","113.58","114.89","115.00","113.28","7.62M","-1.41%"
"2014-12-30","115.20","114.99","116.26","114.90","7.99M","1.35%"
"2014-12-29","113.67","114.61","114.64","113.23","12.96M","-1.01%"
"2014-12-26","114.83","114.82","114.98","114.53","3.77M","1.83%"
"2014-12-24","112.77","112.83","112.92","112.66","1.50M","0.03%"
"2014-12-23","112.74","112.88","113.32","112.61","7.76M","0.17%"
"2014-12-22","112.55","114.81","114.97","112.41","7.48M","-1.93%"
"2014-12-19","114.77","115.06","115.22","114.77","4.65M","-0.33%"
"2014-12-18","115.15","115.59","115.81","114.58","5.26M","0.77%"
"2014-12-17","114.27","115.10","115.48","113.58","9.10M","-0.59%"
"2014-12-16","114.95","116.28","116.50","114.07","9.17M","0.49%"
"2014-12-15","114.39","116.22","116.97","114.36","8.80M","-2.57%"
"2014-12-12","117.41","117.39","117.80","116.68","4.74M","-0.24%"
"2014-12-11","117.69","116.98","118.38","116.82","5.21M","-0.23%"
"2014-12-10","117.96","118.15","118.47","117.81","4.28M","-0.19%"
"2014-12-09","118.19","117.04","118.99","116.98","10.47M","2.08%"
"2014-12-08","115.78","114.97","116.16","114.46","5.22M","1.18%"
"2014-12-05","114.43","115.16","115.18","114.24","6.33M","-1.25%"
"2014-12-04","115.88","116.01","116.34","115.61","3.62M","-0.39%"
"2014-12-03","116.33","115.68","116.76","115.56","5.76M","1.03%"
"2014-12-02","115.14","115.13","115.71","114.72","6.38M","-1.24%"
"2014-12-01","116.58","113.80","117.36","113.74","15.64M","3.99%"
"2014-11-28","112.11","113.53","113.83","111.95","9.62M","-2.65%"
"2014-11-26","115.16","115.25","115.34","114.98","3.18M","-0.19%"
"2014-11-25","115.38","115.10","115.47","114.90","9.05M","0.23%"
"2014-11-24","115.11","115.15","115.37","114.79","4.70M","-0.24%"
"2014-11-21","115.39","115.58","115.96","114.47","6.56M","0.46%"
"2014-11-20","114.86","114.57","115.02","114.09","5.61M","1.04%"
"2014-11-19","113.68","114.93","115.35","112.88","12.00M","-1.19%"
"2014-11-18","115.05","114.86","115.17","114.55","5.59M","0.88%"
"2014-11-17","114.05","113.97","114.27","113.56","5.44M","-0.37%"
"2014-11-14","114.47","110.76","114.72","110.65","14.17M","2.51%"
"2014-11-13","111.67","111.89","112.26","111.22","4.87M","0.15%"
"2014-11-12","111.50","112.05","112.17","111.23","5.13M","-0.48%"
"2014-11-11","112.04","111.08","112.76","110.87","8.60M","1.43%"
"2014-11-10","110.46","112.24","112.24","110.28","8.55M","-2.22%"
"2014-11-07","112.97","110.78","113.15","110.73","10.92M","2.81%"
"2014-11-06","109.88","109.92","110.49","109.75","7.02M","0.08%"
"2014-11-05","109.79","109.92","110.84","109.67","13.56M","-2.17%"
"2014-11-04","112.22","112.12","112.71","112.08","6.43M","0.06%"
"2014-11-03","112.15","112.39","112.68","112.00","6.61M","-0.45%"
"2014-10-31","112.66","111.83","112.88","111.66","18.21M","-2.20%"
"2014-10-30","115.19","115.80","115.83","114.94","7.85M","-1.05%"
"2014-10-29","116.41","117.65","117.91","116.14","7.90M","-1.43%"
"2014-10-28","118.10","118.48","118.48","118.01","3.26M","0.03%"
"2014-10-27","118.06","118.18","118.37","118.01","2.45M","-0.25%"
"2014-10-24","118.35","118.62","118.63","118.12","3.61M","-0.14%"
"2014-10-23","118.52","118.71","118.82","117.88","6.42M","-0.69%"
"2014-10-22","119.34","119.69","119.79","119.25","3.74M","-0.57%"
"2014-10-21","120.02","120.27","120.50","119.91","4.57M","0.18%"
"2014-10-20","119.80","119.68","119.86","119.54","3.03M","0.68%"
"2014-10-17","118.99","119.06","119.23","118.42","8.06M","-0.19%"
"2014-10-16","119.22","119.02","119.65","118.88","6.55M","0.19%"
"2014-10-15","118.99","119.23","120.18","118.59","9.46M","0.34%"
"2014-10-14","118.59","118.58","118.82","118.35","5.18M","0.06%"
"2014-10-13","118.52","118.14","118.67","117.93","5.40M","0.79%"
"2014-10-10","117.59","117.70","117.74","117.19","4.65M","-0.04%"
"2014-10-09","117.64","117.86","118.26","117.49","6.61M","0.14%"
"2014-10-08","117.47","117.03","117.71","115.85","10.68M","0.95%"
"2014-10-07","116.36","116.31","116.63","116.09","5.28M","0.28%"
"2014-10-06","116.03","115.16","116.31","114.94","7.65M","1.24%"
"2014-10-03","114.61","115.17","115.51","114.42","11.30M","-1.82%"
"2014-10-02","116.74","116.86","117.21","116.33","6.35M","-0.03%"
"2014-10-01","116.77","116.61","117.26","116.59","7.02M","0.48%"
"2014-09-30","116.21","116.54","117.35","115.85","10.17M","-0.70%"
"2014-09-29","117.03","117.27","117.40","116.90","4.05M","-0.03%"
"2014-09-26","117.06","117.02","117.10","116.58","4.19M","-0.28%"
"2014-09-25","117.39","116.30","117.76","116.20","7.64M","0.29%"
"2014-09-24","117.05","117.12","117.72","116.90","5.52M","-0.47%"
"2014-09-23","117.60","117.99","117.99","117.31","4.67M","0.64%"
"2014-09-22","116.85","116.72","117.37","116.58","7.60M","-0.20%"
"2014-09-19","117.09","117.51","117.57","116.72","10.93M","-0.59%"
"2014-09-18","117.78","117.41","118.09","117.19","5.37M","0.20%"
"2014-09-17","117.54","118.95","119.24","117.50","8.33M","-1.09%"
"2014-09-16","118.83","118.85","119.43","118.44","6.54M","0.16%"
"2014-09-15","118.64","118.79","118.86","118.46","4.78M","0.22%"
"2014-09-12","118.38","118.63","118.90","118.07","8.13M","-0.91%"
"2014-09-11","119.47","119.61","119.70","118.77","7.62M","-0.66%"
"2014-09-10","120.26","120.13","120.54","119.64","7.02M","-0.50%"
"2014-09-09","120.87","120.57","120.94","120.00","6.16M","0.12%"
"2014-09-08","120.73","121.58","121.61","120.37","7.51M","-1.09%"
"2014-09-05","122.06","121.83","122.06","121.63","3.49M","0.48%"
"2014-09-04","121.48","122.48","122.66","121.25","7.31M","-0.55%"
"2014-09-03","122.15","121.70","122.20","121.66","3.42M","0.41%"
"2014-09-02","121.65","121.97","122.08","121.43","10.13M","-1.78%"
"2014-08-29","123.86","123.75","124.22","123.62","3.68M","-0.11%"
"2014-08-28","124.00","124.15","124.33","123.81","3.30M","0.55%"
"2014-08-27","123.32","123.60","123.71","123.25","2.58M","-0.02%"
"2014-08-26","123.35","123.92","123.97","123.28","3.89M","0.50%"
"2014-08-25","122.74","122.92","123.04","122.72","5.02M","-0.37%"
"2014-08-22","123.19","123.09","123.33","122.57","4.74M","0.25%"
"2014-08-21","122.88","122.72","123.24","122.45","8.01M","-1.08%"
"2014-08-20","124.22","124.82","124.82","123.88","4.40M","-0.37%"
"2014-08-19","124.68","125.00","125.00","124.48","4.88M","-0.22%"
"2014-08-18","124.96","124.78","125.08","124.65","4.95M","-0.41%"
"2014-08-15","125.48","124.52","126.07","124.41","13.07M","-0.66%"
"2014-08-14","126.31","126.24","126.53","126.13","3.35M","0.09%"
"2014-08-13","126.20","126.35","126.53","125.90","3.97M","0.17%"
"2014-08-12","125.99","126.42","126.81","125.87","4.61M","0.02%"
"2014-08-11","125.96","125.84","126.04","125.64","3.17M","-0.18%"
"2014-08-08","126.19","126.08","126.41","125.89","5.73M","0.01%"
"2014-08-07","126.18","125.47","126.51","125.37","7.30M","0.41%"
"2014-08-06","125.67","125.71","126.00","125.52","9.33M","1.45%"
"2014-08-05","123.87","123.74","124.52","123.40","8.34M","-0.10%"
"2014-08-04","123.99","124.36","124.47","123.73","6.50M","-0.31%"
"2014-08-01","124.38","124.54","124.81","124.23","7.40M","0.80%"
"2014-07-31","123.39","123.85","124.07","123.23","9.90M","-1.15%"
"2014-07-30","124.83","124.89","124.93","124.41","5.62M","-0.30%"
"2014-07-29","125.20","125.79","125.88","124.72","5.27M","-0.30%"
"2014-07-28","125.58","125.44","125.67","125.30","3.21M","-0.17%"
"2014-07-25","125.79","124.48","125.93","124.43","5.64M","1.16%"
"2014-07-24","124.35","124.85","124.87","123.90","8.12M","-1.01%"
"2014-07-23","125.62","125.72","126.04","125.40","3.05M","-0.10%"
"2014-07-22","125.74","126.33","126.43","125.47","3.89M","-0.47%"
"2014-07-21","126.34","126.53","126.55","126.11","3.30M","0.17%"
"2014-07-18","126.13","125.79","126.21","125.67","6.46M","-0.76%"
"2014-07-17","127.09","125.52","127.55","125.11","11.43M","1.70%"
"2014-07-16","124.97","125.02","125.47","124.78","4.10M","0.35%"
"2014-07-15","124.53","125.89","126.32","124.36","10.55M","-0.95%"
"2014-07-14","125.72","125.50","126.10","125.45","11.47M","-2.38%"
"2014-07-11","128.78","128.41","128.83","128.38","4.32M","0.19%"
"2014-07-10","128.54","129.11","129.21","128.49","6.31M","0.55%"
"2014-07-09","127.84","127.54","128.26","127.18","8.37M","0.61%"
"2014-07-08","127.07","127.29","127.53","126.43","6.22M","0.04%"
"2014-07-07","127.02","126.63","127.03","126.23","4.64M","-0.11%"
"2014-07-03","127.16","126.79","127.29","126.61","4.92M","-0.42%"
"2014-07-02","127.70","127.76","128.24","127.64","5.74M","0.00%"
"2014-07-01","127.70","127.99","128.12","127.49","8.15M","-0.27%"
"2014-06-30","128.04","126.53","128.04","126.37","18.14M","1.09%"
"2014-06-27","126.66","126.88","127.17","126.65","4.20M","-0.06%"
"2014-06-26","126.73","126.53","126.92","126.20","5.53M","-0.20%"
"2014-06-25","126.99","126.78","127.55","126.66","6.70M","0.01%"
"2014-06-24","126.98","127.22","127.32","126.73","6.36M","0.10%"
"2014-06-23","126.85","126.65","126.94","126.37","5.14M","0.28%"
"2014-06-20","126.50","126.32","127.07","126.21","9.96M","-0.35%"
"2014-06-19","126.94","124.33","127.23","124.32","24.37M","3.48%"
"2014-06-18","122.67","122.22","122.80","122.09","4.60M","0.32%"
"2014-06-17","122.28","121.85","122.50","121.82","4.04M","-0.11%"
"2014-06-16","122.42","122.88","123.01","122.30","5.83M","-0.44%"
"2014-06-13","122.96","122.57","123.04","122.51","4.03M","0.26%"
"2014-06-12","122.64","121.92","122.75","121.83","7.39M","1.01%"
"2014-06-11","121.41","121.51","121.61","121.18","3.57M","0.02%"
"2014-06-10","121.39","121.29","121.47","121.21","3.56M","0.61%"
"2014-06-09","120.65","120.79","120.85","120.57","2.79M","0.03%"
"2014-06-06","120.61","120.68","120.77","119.94","4.81M","-0.04%"
"2014-06-05","120.66","120.55","120.88","120.43","4.18M","0.75%"
"2014-06-04","119.76","120.10","120.16","119.68","3.86M","-0.21%"
"2014-06-03","120.01","119.73","120.09","119.42","5.01M","0.26%"
"2014-06-02","119.70","119.93","120.46","119.61","5.92M","-0.61%"
"2014-05-30","120.43","120.76","120.81","119.62","8.75M","-0.42%"
"2014-05-29","120.94","120.78","121.46","120.77","5.56M","-0.21%"
"2014-05-28","121.20","121.47","121.70","120.92","6.74M","-0.53%"
"2014-05-27","121.85","122.98","123.07","121.75","10.91M","-2.14%"
"2014-05-23","124.51","124.60","124.66","124.19","2.21M","-0.13%"
"2014-05-22","124.67","125.14","125.24","124.53","3.46M","0.23%"
"2014-05-21","124.39","124.25","124.55","123.53","6.85M","-0.24%"
"2014-05-20","124.69","124.12","124.91","124.09","3.77M","0.09%"
"2014-05-19","124.58","125.28","125.47","124.48","3.90M","0.06%"
"2014-05-16","124.50","124.35","124.77","124.29","4.05M","-0.22%"
"2014-05-15","124.77","124.77","125.51","124.54","5.86M","-0.83%"
"2014-05-14","125.81","125.80","125.96","125.44","4.02M","0.97%"
"2014-05-13","124.60","124.79","125.10","124.50","2.64M","-0.27%"
"2014-05-12","124.94","125.40","125.42","124.69","4.03M","0.68%"
"2014-05-09","124.10","124.39","124.47","123.82","3.12M","-0.06%"
"2014-05-08","124.17","124.19","124.47","123.89","3.70M","0.00%"
"2014-05-07","124.17","125.52","125.57","123.92","8.47M","-1.44%"
"2014-05-06","125.98","126.02","126.11","125.63","3.49M","-0.19%"
"2014-05-05","126.22","126.47","126.63","126.00","5.20M","0.93%"
"2014-05-02","125.06","123.69","125.67","123.33","9.91M","1.02%"
"2014-05-01","123.80","123.17","123.83","123.06","6.69M","-0.34%"
"2014-04-30","124.22","124.19","125.05","123.82","10.35M","-0.51%"
"2014-04-29","124.86","124.95","125.38","124.65","5.24M","-0.02%"
"2014-04-28","124.88","125.30","125.34","124.45","4.90M","-0.44%"
"2014-04-25","125.43","125.17","125.71","125.07","7.03M","0.70%"
"2014-04-24","124.56","122.87","125.12","122.84","8.76M","0.65%"
"2014-04-23","123.76","123.70","123.94","123.38","3.74M","-0.02%"
"2014-04-22","123.78","124.15","124.16","122.92","6.90M","-0.37%"
"2014-04-21","124.24","124.07","124.33","123.76","6.58M","-0.41%"
"2014-04-17","124.75","125.38","125.53","124.57","5.90M","-0.63%"
"2014-04-16","125.54","125.37","125.57","125.03","4.07M","0.04%"
"2014-04-15","125.49","124.79","125.70","124.60","9.97M","-1.85%"
"2014-04-14","127.85","127.80","128.25","127.62","6.68M","0.72%"
"2014-04-11","126.93","127.04","127.31","126.73","4.70M","-0.06%"
"2014-04-10","127.01","126.95","127.37","126.82","5.01M","0.55%"
"2014-04-09","126.32","125.46","126.72","125.33","5.31M","0.18%"
"2014-04-08","126.09","126.34","126.34","125.90","6.95M","0.94%"
"2014-04-07","124.91","125.07","125.47","124.84","3.97M","-0.53%"
"2014-04-04","125.57","125.20","125.96","124.86","7.28M","1.33%"
"2014-04-03","123.92","123.75","124.26","123.59","3.66M","-0.32%"
"2014-04-02","124.32","124.41","124.75","124.19","4.91M","0.75%"
"2014-04-01","123.39","123.71","123.85","123.11","6.00M","-0.18%"
"2014-03-31","123.61","124.52","124.79","123.57","12.38M","-0.76%"
"2014-03-28","124.56","124.23","124.96","123.88","7.25M","-0.02%"
"2014-03-27","124.59","125.06","125.29","124.21","7.32M","-0.65%"
"2014-03-26","125.41","126.27","126.38","125.13","8.58M","-0.79%"
"2014-03-25","126.41","126.44","126.82","126.24","6.57M","0.18%"
"2014-03-24","126.18","126.87","127.14","126.03","13.08M","-1.78%"
"2014-03-21","128.47","129.04","129.09","128.41","7.25M","0.48%"
"2014-03-20","127.86","127.78","128.41","127.58","7.69M","-0.18%"
"2014-03-19","128.09","129.55","129.68","127.94","12.93M","-1.94%"
"2014-03-18","130.62","130.39","131.27","130.33","6.42M","-0.77%"
"2014-03-17","131.64","132.73","133.22","131.22","14.63M","-1.10%"
"2014-03-14","133.10","133.68","133.69","132.35","11.95M","0.67%"
"2014-03-13","132.21","131.69","132.54","131.56","8.01M","0.34%"
"2014-03-12","131.76","131.56","132.12","131.39","11.11M","1.46%"
"2014-03-11","129.86","130.01","130.15","128.93","7.30M","0.57%"
"2014-03-10","129.13","128.88","129.61","128.78","4.17M","0.03%"
"2014-03-07","129.09","128.25","129.23","128.21","7.58M","-0.83%"
"2014-03-06","130.17","129.71","130.47","129.47","5.42M","0.99%"
"2014-03-05","128.89","128.71","129.34","128.58","4.88M","0.16%"
"2014-03-04","128.68","128.54","129.24","128.32","6.35M","-1.24%"
"2014-03-03","130.29","130.00","130.59","129.81","11.79M","2.09%"
"2014-02-28","127.62","128.27","128.35","127.15","10.59M","-0.45%"
"2014-02-27","128.20","128.40","128.80","127.89","5.07M","0.07%"
"2014-02-26","128.11","128.49","128.76","127.42","7.06M","-0.85%"
"2014-02-25","129.21","128.62","129.53","128.57","5.79M","0.17%"
"2014-02-24","128.99","128.51","129.07","128.34","12.12M","1.11%"
"2014-02-21","127.58","127.57","128.07","127.15","7.31M","-0.02%"
"2014-02-20","127.60","126.75","127.75","126.40","10.58M","1.05%"
"2014-02-19","126.27","127.26","127.45","126.16","9.39M","-0.89%"
"2014-02-18","127.40","127.42","127.75","127.09","7.69M","0.20%"
"2014-02-14","127.15","126.99","127.38","126.75","11.18M","1.32%"
"2014-02-13","125.49","124.70","125.60","124.66","9.26M","0.85%"
"2014-02-12","124.43","124.40","124.98","124.13","6.65M","0.06%"
"2014-02-11","124.36","123.38","124.75","123.36","11.56M","1.17%"
"2014-02-10","122.92","122.80","123.16","122.72","7.94M","0.61%"
"2014-02-07","122.17","121.24","122.24","121.23","6.68M","0.77%"
"2014-02-06","121.24","121.38","121.51","120.78","4.75M","-0.04%"
"2014-02-05","121.29","121.76","121.88","120.73","6.80M","0.25%"
"2014-02-04","120.99","120.41","121.09","120.39","7.03M","-0.27%"
"2014-02-03","121.32","120.47","122.11","120.32","9.27M","1.02%"
"2014-01-31","120.09","120.65","120.86","119.46","7.98M","0.27%"
"2014-01-30","119.77","119.67","120.22","119.60","8.75M","-2.20%"
"2014-01-29","122.47","122.19","122.51","121.13","12.26M","1.26%"
"2014-01-28","120.95","121.32","121.40","120.41","5.16M","-0.01%"
"2014-01-27","120.96","121.65","122.06","120.72","7.53M","-1.09%"
"2014-01-24","122.29","122.06","122.50","121.55","8.54M","0.41%"
"2014-01-23","121.79","120.97","122.02","120.97","11.04M","2.18%"
"2014-01-22","119.19","119.65","119.77","119.17","4.90M","-0.43%"
"2014-01-21","119.70","119.23","119.97","119.23","6.77M","-1.02%"
"2014-01-17","120.93","120.35","121.02","120.20","7.93M","0.95%"
"2014-01-16","119.79","119.84","119.96","119.57","3.95M","0.11%"
"2014-01-15","119.66","119.19","119.81","119.11","5.48M","-0.19%"
"2014-01-14","119.89","120.54","121.06","119.72","7.51M","-0.93%"
"2014-01-13","121.02","120.27","121.04","120.20","5.88M","0.63%"
"2014-01-10","120.26","119.72","120.43","119.58","7.99M","1.52%"
"2014-01-09","118.46","118.11","118.69","117.99","3.97M","0.29%"
"2014-01-08","118.12","117.99","118.52","117.50","7.43M","-0.59%"
"2014-01-07","118.82","118.46","118.92","118.13","6.44M","-0.57%"
"2014-01-06","119.50","119.76","120.39","117.11","10.11M","0.18%"
"2014-01-03","119.29","118.64","119.62","118.59","5.88M","1.09%"
"2014-01-02","118.00","117.93","118.73","117.75","7.57M","1.62%"
"2013-12-31","116.12","114.61","117.13","114.46","12.84M","0.63%"
"2013-12-30","115.39","116.37","116.40","115.18","6.71M","-1.48%"
"2013-12-27","117.12","117.31","117.38","116.85","4.21M","0.33%"
"2013-12-26","116.74","117.23","117.23","116.65","3.87M","0.55%"
"2013-12-24","116.10","115.79","116.29","115.71","3.35M","0.46%"
"2013-12-23","115.57","115.61","116.12","115.43","6.24M","-0.32%"
"2013-12-20","115.94","115.37","116.47","115.06","14.70M","0.98%"
"2013-12-19","114.82","115.97","116.06","114.50","15.98M","-2.37%"
"2013-12-18","117.61","119.00","120.05","117.29","16.27M","-0.88%"
"2013-12-17","118.65","118.96","119.90","118.37","8.59M","-0.87%"
"2013-12-16","119.69","119.26","120.77","118.97","8.19M","0.26%"
"2013-12-13","119.38","118.89","119.49","118.76","6.48M","0.92%"
"2013-12-12","118.29","118.61","118.82","118.03","8.81M","-2.13%"
"2013-12-11","120.86","121.49","121.81","120.76","9.93M","-0.79%"
"2013-12-10","121.82","122.14","122.32","121.47","9.16M","1.75%"
"2013-12-09","119.72","118.99","119.92","118.95","5.51M","0.99%"
"2013-12-06","118.55","118.86","119.26","118.01","7.91M","0.21%"
"2013-12-05","118.30","118.20","119.24","117.41","10.25M","-1.38%"
"2013-12-04","119.96","118.33","120.76","118.16","9.11M","1.70%"
"2013-12-03","117.96","117.58","118.31","117.23","7.00M","0.32%"
"2013-12-02","117.58","119.20","119.29","117.50","10.30M","-2.58%"
"2013-11-29","120.70","120.67","121.05","120.62","2.36M","1.04%"
"2013-11-27","119.46","120.49","120.69","119.25","6.14M","-0.30%"
"2013-11-26","119.82","119.84","120.40","119.59","9.05M","-0.53%"
"2013-11-25","120.46","119.18","121.00","119.13","7.27M","0.45%"
"2013-11-22","119.92","120.24","120.40","119.82","6.78M","-0.02%"
"2013-11-21","119.94","119.81","120.35","119.31","7.56M","-0.15%"
"2013-11-20","120.12","121.67","122.44","119.76","14.28M","-2.30%"
"2013-11-19","122.95","122.97","123.40","122.83","3.67M","0.04%"
"2013-11-18","122.90","123.70","123.96","122.55","6.24M","-1.14%"
"2013-11-15","124.32","124.16","124.52","124.07","4.66M","0.04%"
"2013-11-14","124.27","123.92","124.91","123.88","7.67M","1.16%"
"2013-11-13","122.85","122.97","123.24","122.39","5.97M","0.33%"
"2013-11-12","122.45","123.51","123.87","121.73","7.71M","-1.15%"
"2013-11-11","123.87","123.92","123.97","123.66","3.28M","-0.33%"
"2013-11-08","124.28","124.46","124.46","123.62","8.43M","-1.49%"
"2013-11-07","126.16","126.14","126.85","125.86","7.70M","-0.82%"
"2013-11-06","127.20","127.11","127.36","126.92","3.54M","0.51%"
"2013-11-05","126.56","126.71","126.86","126.00","4.94M","-0.20%"
"2013-11-04","126.81","127.18","127.52","126.74","3.82M","-0.11%"
"2013-11-01","126.95","126.86","127.17","126.05","9.57M","-0.62%"
"2013-10-31","127.74","128.04","128.49","127.30","7.75M","-1.44%"
"2013-10-30","129.60","130.83","131.22","128.81","8.90M","-0.13%"
"2013-10-29","129.77","130.16","130.59","129.57","5.33M","-0.61%"
"2013-10-28","130.56","130.41","131.44","130.10","6.82M","0.08%"
"2013-10-25","130.46","129.53","130.92","129.46","8.77M","0.43%"
"2013-10-24","129.90","129.41","130.53","129.41","10.23M","0.94%"
"2013-10-23","128.69","128.55","129.09","128.35","5.10M","-0.50%"
"2013-10-22","129.34","128.25","129.81","128.22","8.85M","1.86%"
"2013-10-21","126.98","127.13","127.34","126.79","3.40M","0.10%"
"2013-10-18","126.85","126.87","127.33","126.60","5.35M","-0.45%"
"2013-10-17","127.42","127.01","127.86","126.81","11.79M","3.14%"
"2013-10-16","123.54","123.52","123.89","122.51","8.53M","-0.15%"
"2013-10-15","123.73","122.28","124.36","122.22","8.38M","0.73%"
"2013-10-14","122.83","123.90","124.24","122.81","6.12M","0.19%"
"2013-10-11","122.60","122.37","122.81","121.85","15.97M","-1.34%"
"2013-10-10","124.27","125.34","125.83","124.10","10.52M","-1.46%"
"2013-10-09","126.11","126.21","126.89","124.97","10.71M","-1.01%"
"2013-10-08","127.40","127.79","128.45","127.21","7.00M","-0.19%"
"2013-10-07","127.64","127.25","128.33","127.12","6.74M","0.88%"
"2013-10-04","126.53","127.05","127.15","126.00","6.92M","-0.51%"
"2013-10-03","127.18","126.77","127.69","126.22","11.63M","0.09%"
"2013-10-02","127.06","125.37","127.81","125.34","12.00M","1.98%"
"2013-10-01","124.59","125.25","125.26","123.81","16.72M","-2.80%"
"2013-09-30","128.18","127.95","129.14","127.70","8.98M","-0.61%"
"2013-09-27","128.97","128.86","129.58","128.84","7.45M","0.92%"
"2013-09-26","127.79","128.61","128.99","127.32","9.49M","-0.78%"
"2013-09-25","128.79","127.57","129.21","127.52","7.52M","0.89%"
"2013-09-24","127.66","126.40","128.21","126.34","7.35M","0.09%"
"2013-09-23","127.55","127.52","128.44","127.33","7.43M","-0.32%"
"2013-09-20","127.96","130.60","130.91","127.90","19.56M","-2.88%"
"2013-09-19","131.75","132.00","132.78","131.22","14.35M","-0.20%"
"2013-09-18","132.01","125.32","132.16","125.15","24.83M","4.36%"
"2013-09-17","126.50","126.81","126.99","126.11","8.14M","0.04%"
"2013-09-16","126.45","127.48","128.02","126.33","9.99M","-1.07%"
"2013-09-13","127.82","127.16","127.96","126.21","12.06M","0.12%"
"2013-09-12","127.67","128.62","128.78","127.61","12.94M","-3.06%"
"2013-09-11","131.70","131.58","131.81","131.26","5.05M","-0.03%"
"2013-09-10","131.74","131.82","132.00","131.11","8.43M","-1.62%"
"2013-09-09","133.91","134.13","134.32","133.67","5.09M","-0.18%"
"2013-09-06","134.15","133.42","134.40","133.33","8.45M","1.48%"
"2013-09-05","132.20","134.13","134.35","131.80","11.13M","-1.83%"
"2013-09-04","134.66","134.61","134.84","133.72","7.79M","-1.29%"
"2013-09-03","136.42","135.46","136.79","135.03","8.10M","1.34%"
"2013-08-30","134.62","134.65","135.71","134.44","7.69M","-0.92%"
"2013-08-29","135.87","136.12","136.55","135.42","7.94M","-0.61%"
"2013-08-28","136.71","137.21","137.46","136.66","13.65M","-0.03%"
"2013-08-27","136.75","136.94","137.55","136.52","11.28M","0.96%"
"2013-08-26","135.45","134.88","135.60","134.15","7.69M","0.41%"
"2013-08-23","134.90","132.58","135.24","132.50","11.62M","1.57%"
"2013-08-22","132.81","132.56","133.46","132.27","5.74M","0.56%"
"2013-08-21","132.07","131.74","133.23","131.51","10.73M","-0.29%"
"2013-08-20","132.45","132.03","133.13","132.02","7.81M","0.33%"
"2013-08-19","132.01","132.33","132.50","131.59","8.12M","-0.43%"
"2013-08-16","132.58","132.56","133.27","131.39","14.45M","0.68%"
"2013-08-15","131.69","128.06","132.36","127.98","17.23M","2.09%"
"2013-08-14","129.00","127.66","129.07","127.57","8.71M","0.99%"
"2013-08-13","127.74","128.49","128.65","127.38","7.34M","-1.08%"
"2013-08-12","129.13","129.57","129.71","128.88","7.42M","1.79%"
"2013-08-09","126.86","126.51","127.27","126.30","6.19M","0.00%"
"2013-08-08","126.86","124.78","126.99","124.77","8.66M","2.18%"
"2013-08-07","124.15","124.00","124.60","123.85","5.31M","0.15%"
"2013-08-06","123.97","124.33","124.55","123.55","6.02M","-1.38%"
"2013-08-05","125.70","126.51","126.64","125.34","4.01M","-0.52%"
"2013-08-02","126.36","126.74","127.25","126.32","6.47M","-0.20%"
"2013-08-01","126.61","127.84","127.89","126.33","10.56M","-1.06%"
"2013-07-31","127.96","127.76","128.92","126.13","16.02M","-0.12%"
"2013-07-30","128.12","127.95","128.31","127.22","4.49M","-0.27%"
"2013-07-29","128.47","128.45","128.78","128.25","3.56M","-0.24%"
"2013-07-26","128.78","128.11","128.97","126.78","6.15M","0.09%"
"2013-07-25","128.67","127.70","128.87","127.64","4.73M","0.93%"
"2013-07-24","127.48","129.17","129.40","126.87","9.98M","-1.72%"
"2013-07-23","129.71","128.70","130.14","128.35","8.83M","0.68%"
"2013-07-22","128.84","127.65","129.46","127.59","10.86M","2.98%"
"2013-07-19","125.11","124.89","125.42","124.65","5.77M","0.89%"
"2013-07-18","124.01","124.11","124.52","123.78","6.15M","0.56%"
"2013-07-17","123.32","125.04","125.70","122.73","10.89M","-1.26%"
"2013-07-16","124.89","124.76","125.21","124.33","5.58M","0.57%"
"2013-07-15","124.18","124.08","124.39","123.84","4.13M","0.04%"
"2013-07-12","124.13","123.52","124.30","123.32","6.58M","-0.09%"
"2013-07-11","124.24","124.26","124.36","123.47","11.28M","2.72%"
"2013-07-10","120.95","121.15","122.35","120.59","14.70M","0.27%"
"2013-07-09","120.62","120.84","121.51","120.05","8.20M","0.93%"
"2013-07-08","119.51","119.09","119.66","118.93","8.65M","1.20%"
"2013-07-05","118.09","118.08","118.18","116.74","11.59M","-2.19%"
"2013-07-03","120.74","120.70","121.77","120.54","6.75M","0.57%"
"2013-07-02","120.05","121.34","121.47","119.78","10.55M","-0.89%"
"2013-07-01","121.13","119.94","121.95","119.38","15.95M","1.70%"
"2013-06-28","119.11","115.22","119.33","114.68","32.99M","2.73%"
"2013-06-27","115.94","119.10","119.51","115.65","30.00M","-1.98%"
"2013-06-26","118.28","119.88","119.90","118.06","24.75M","-4.20%"
"2013-06-25","123.47","123.65","123.90","122.88","9.37M","-0.37%"
"2013-06-24","123.93","124.31","124.70","123.31","12.75M","-0.90%"
"2013-06-21","125.05","125.16","125.57","124.46","16.60M","1.17%"
"2013-06-20","123.60","125.22","126.38","123.33","28.87M","-5.35%"
"2013-06-19","130.59","132.58","133.15","130.38","13.02M","-1.17%"
"2013-06-18","132.13","132.72","132.96","131.53","7.38M","-1.23%"
"2013-06-17","133.77","133.89","134.06","133.52","4.08M","-0.49%"
"2013-06-14","134.43","134.00","134.60","133.88","4.28M","0.52%"
"2013-06-13","133.74","133.31","134.20","132.82","7.16M","-0.38%"
"2013-06-12","134.25","132.95","134.83","132.83","6.55M","0.75%"
"2013-06-11","133.25","132.31","133.51","132.25","7.20M","-0.52%"
"2013-06-10","133.94","133.30","134.28","132.99","6.14M","0.50%"
"2013-06-07","133.28","134.11","134.62","133.18","11.06M","-2.38%"
"2013-06-06","136.53","135.39","137.62","134.98","9.85M","0.75%"
"2013-06-05","135.52","135.47","136.37","135.01","7.44M","0.21%"
"2013-06-04","135.23","135.21","135.44","134.27","5.51M","-0.94%"
"2013-06-03","136.51","134.77","136.98","134.43","9.18M","1.93%"
"2013-05-31","133.92","135.71","136.05","133.89","9.73M","-2.03%"
"2013-05-30","136.70","136.67","137.11","136.26","8.61M","1.39%"
"2013-05-29","134.83","134.09","134.91","133.64","8.77M","1.00%"
"2013-05-28","133.49","133.68","135.57","132.80","12.47M","-0.20%"
"2013-05-24","133.76","134.11","134.51","133.64","5.52M","-0.63%"
"2013-05-23","134.61","134.51","134.84","133.12","10.27M","2.02%"
"2013-05-22","131.94","134.18","136.77","130.95","25.98M","-0.71%"
"2013-05-21","132.88","132.17","133.65","131.45","14.54M","-1.66%"
"2013-05-20","135.12","130.88","135.32","130.85","21.59M","3.09%"
"2013-05-17","131.07","133.17","133.48","131.02","20.35M","-2.25%"
"2013-05-16","134.09","133.18","134.48","133.00","12.76M","-0.40%"
"2013-05-15","134.63","136.59","136.98","134.23","19.07M","-2.31%"
"2013-05-14","137.81","137.95","139.16","137.64","9.90M","-0.45%"
"2013-05-13","138.43","138.46","138.97","138.16","6.72M","-0.84%"
"2013-05-10","139.60","138.22","139.75","137.26","14.66M","-0.86%"
"2013-05-09","140.81","141.33","142.36","140.51","8.27M","-1.16%"
"2013-05-08","142.46","141.78","142.81","141.49","11.16M","1.48%"
"2013-05-07","140.38","140.38","140.64","139.37","13.63M","-1.25%"
"2013-05-06","142.15","142.33","142.47","141.63","7.73M","0.04%"
"2013-05-03","142.09","141.70","142.71","141.40","11.67M","0.12%"
"2013-05-02","141.92","142.00","142.47","141.64","11.50M","0.57%"
"2013-05-01","141.11","140.59","141.55","139.30","13.94M","-1.16%"
"2013-04-30","142.77","142.27","142.83","141.55","11.29M","0.33%"
"2013-04-29","142.30","142.14","142.66","141.49","11.01M","0.99%"
"2013-04-26","140.91","142.30","143.43","140.04","19.31M","-0.51%"
"2013-04-25","141.63","140.00","142.08","139.78","18.90M","2.36%"
"2013-04-24","138.37","138.09","138.55","137.45","10.37M","1.09%"
"2013-04-23","136.88","137.22","137.24","135.85","14.65M","-0.74%"
"2013-04-22","137.90","138.15","138.27","137.22","16.57M","1.79%"
"2013-04-19","135.47","136.00","136.02","134.60","15.67M","0.87%"
"2013-04-18","134.30","134.12","135.31","133.62","20.04M","1.08%"
"2013-04-17","132.87","133.81","134.95","132.32","25.44M","0.05%"
"2013-04-16","132.80","134.90","135.11","131.76","45.65M","1.13%"
"2013-04-15","131.31","136.00","136.75","130.51","93.80M","-8.78%"
"2013-04-12","143.95","148.65","148.85","143.43","55.60M","-4.70%"
"2013-04-11","151.05","150.76","151.71","150.63","8.06M","0.20%"
"2013-04-10","150.75","152.67","152.71","150.58","18.52M","-1.69%"
"2013-04-09","153.34","152.32","153.85","152.28","7.05M","0.78%"
"2013-04-08","152.16","152.39","152.59","151.60","6.25M","-0.43%"
"2013-04-05","152.81","151.54","152.96","151.07","14.49M","1.68%"
"2013-04-04","150.29","149.65","150.60","149.44","12.43M","-0.29%"
"2013-04-03","150.73","152.02","152.53","149.92","15.74M","-1.12%"
"2013-04-02","152.43","153.09","153.31","152.26","9.40M","-1.45%"
"2013-04-01","154.67","154.57","154.93","154.30","4.29M","0.13%"
"2013-03-28","154.47","154.50","154.80","154.22","6.85M","-0.57%"
"2013-03-27","155.36","154.67","155.62","154.51","6.72M","0.41%"
"2013-03-26","154.72","154.47","154.91","154.28","7.39M","-0.33%"
"2013-03-25","155.24","154.71","155.57","154.36","6.82M","-0.20%"
"2013-03-22","155.55","155.45","155.99","155.42","4.75M","-0.45%"
"2013-03-21","156.25","156.17","156.43","155.88","4.99M","0.57%"
"2013-03-20","155.37","155.53","155.83","154.88","8.22M","-0.45%"
"2013-03-19","156.08","155.22","156.34","155.10","11.03M","0.45%"
"2013-03-18","155.38","155.70","155.93","155.00","9.30M","0.90%"
"2013-03-15","154.00","154.12","154.72","153.97","5.70M","0.21%"
"2013-03-14","153.68","153.02","154.17","153.01","11.42M","0.01%"
"2013-03-13","153.66","154.26","154.60","153.42","7.44M","-0.34%"
"2013-03-12","154.19","154.07","154.69","153.90","7.27M","0.78%"
"2013-03-11","152.99","152.82","153.06","152.65","4.81M","0.18%"
"2013-03-08","152.71","151.61","153.29","151.40","11.86M","0.01%"
"2013-03-07","152.69","153.02","153.21","152.40","6.59M","-0.35%"
"2013-03-06","153.23","152.17","153.38","151.65","10.86M","0.56%"
"2013-03-05","152.38","153.10","153.39","152.11","10.81M","0.05%"
"2013-03-04","152.30","152.45","152.74","151.87","6.64M","-0.09%"
"2013-03-01","152.44","153.16","153.61","152.14","11.18M","-0.37%"
"2013-02-28","153.00","154.09","154.16","152.39","14.87M","-1.02%"
"2013-02-27","154.57","155.46","155.60","154.08","9.60M","-1.06%"
"2013-02-26","156.22","154.39","156.80","153.32","18.18M","1.22%"
"2013-02-25","154.34","153.52","154.56","153.31","9.49M","0.90%"
"2013-02-22","152.97","152.26","152.99","151.93","10.09M","0.23%"
"2013-02-21","152.62","152.00","153.41","151.90","17.97M","0.78%"
"2013-02-20","151.44","153.90","153.93","150.84","30.92M","-2.50%"
"2013-02-19","155.33","155.80","155.84","154.93","11.81M","-0.28%"
"2013-02-15","155.76","156.42","156.58","154.56","23.37M","-1.64%"
"2013-02-14","158.35","159.31","159.65","158.04","12.42M","-0.44%"
"2013-02-13","159.05","159.60","159.64","158.77","8.96M","-0.53%"
"2013-02-12","159.89","159.35","160.05","158.88","7.63M","0.12%"
"2013-02-11","159.70","159.78","159.98","159.25","12.15M","-1.16%"
"2013-02-08","161.57","161.46","162.02","161.20","6.09M","-0.17%"
"2013-02-07","161.84","161.24","162.96","161.13","12.83M","-0.34%"
"2013-02-06","162.39","162.13","162.63","161.99","6.15M","0.27%"
"2013-02-05","161.96","162.75","162.79","161.33","8.98M","-0.02%"
"2013-02-04","162.00","161.19","162.42","161.15","7.36M","0.34%"
"2013-02-01","161.45","162.66","162.77","160.87","12.90M","0.16%"
"2013-01-31","161.20","161.62","161.81","160.47","9.34M","-0.61%"
"2013-01-30","162.19","162.68","163.04","162.03","12.02M","0.75%"
"2013-01-29","160.99","161.01","161.31","160.69","7.37M","0.44%"
"2013-01-28","160.29","160.24","160.73","160.02","8.50M","-0.22%"
"2013-01-25","160.65","160.56","161.04","160.31","9.04M","-0.48%"
"2013-01-24","161.42","161.98","162.27","161.18","13.19M","-1.10%"
"2013-01-23","163.21","163.92","163.95","163.00","6.70M","-0.28%"
"2013-01-22","163.67","163.48","164.22","163.37","8.59M","0.36%"
"2013-01-18","163.09","163.95","163.97","163.02","10.04M","-0.16%"
"2013-01-17","163.35","161.94","164.40","161.83","14.91M","0.43%"
"2013-01-16","162.65","162.42","163.03","162.15","9.22M","0.06%"
"2013-01-15","162.56","162.80","163.17","162.35","10.09M","0.63%"
"2013-01-14","161.54","161.88","161.97","161.13","7.29M","0.30%"
"2013-01-11","161.06","161.86","161.90","160.11","13.68M","-0.57%"
"2013-01-10","161.98","161.61","162.56","161.61","11.43M","0.93%"
"2013-01-09","160.49","160.77","160.83","159.91","8.34M","-0.04%"
"2013-01-08","160.56","160.46","160.99","160.01","7.70M","0.71%"
"2013-01-07","159.43","159.36","159.96","159.15","9.36M","-0.63%"
"2013-01-04","160.44","159.52","160.63","158.89","19.18M","-0.47%"
"2013-01-03","161.20","162.48","162.88","160.83","16.12M","-1.21%"
"2013-01-02","163.17","163.49","164.14","163.14","10.44M","0.71%"
"2012-12-31","162.02","160.90","162.75","160.77","11.79M","0.92%"
"2012-12-28","160.54","160.94","160.97","160.15","6.85M","-0.38%"
"2012-12-27","161.16","160.23","161.31","160.05","8.94M","0.24%"
"2012-12-26","160.78","161.36","161.49","160.64","4.97M","0.10%"
"2012-12-24","160.62","160.88","160.96","160.47","3.70M","0.18%"
"2012-12-21","160.33","159.82","160.76","159.78","13.45M","0.38%"
"2012-12-20","159.73","159.87","160.12","158.39","25.15M","-1.21%"
"2012-12-19","161.69","161.31","162.22","161.11","13.00M","-0.24%"
"2012-12-18","162.08","164.35","164.43","160.90","24.00M","-1.44%"
"2012-12-17","164.44","164.16","164.62","164.13","8.18M","0.19%"
"2012-12-14","164.13","164.17","164.48","164.02","5.35M","-0.15%"
"2012-12-13","164.37","163.87","164.90","163.78","9.33M","-0.84%"
"2012-12-12","165.77","166.20","166.94","165.36","14.17M","0.07%"
"2012-12-11","165.65","165.45","165.66","165.12","4.73M","-0.09%"
"2012-12-10","165.80","166.11","166.16","165.72","4.65M","0.39%"
"2012-12-07","165.16","164.88","165.22","164.60","7.29M","0.40%"
"2012-12-06","164.50","163.72","165.00","163.53","7.30M","0.23%"
"2012-12-05","164.12","164.22","164.50","163.20","10.65M","-0.18%"
"2012-12-04","164.42","164.06","164.83","163.87","10.21M","-1.03%"
"2012-12-03","166.13","166.11","166.92","166.04","6.36M","0.05%"
"2012-11-30","166.05","166.94","167.22","165.53","8.41M","-0.68%"
"2012-11-29","167.18","167.14","167.50","166.85","7.45M","0.38%"
"2012-11-28","166.55","165.43","166.84","165.38","12.88M","-1.28%"
"2012-11-27","168.71","169.14","169.40","168.62","7.32M","-0.42%"
"2012-11-26","169.43","169.56","169.73","169.25","5.38M","-0.11%"
"2012-11-23","169.61","167.97","170.01","167.80","6.11M","1.22%"
"2012-11-21","167.56","167.19","167.82","166.97","3.81M","0.10%"
"2012-11-20","167.39","167.75","168.02","166.84","5.50M","-0.29%"
"2012-11-19","167.87","167.75","168.16","167.38","6.77M","1.20%"
"2012-11-16","165.88","165.74","166.36","165.47","6.94M","-0.13%"
"2012-11-15","166.09","167.00","167.06","165.18","10.02M","-0.63%"
"2012-11-14","167.14","167.46","168.04","166.78","8.51M","0.02%"
"2012-11-13","167.10","166.66","167.94","166.63","6.47M","-0.21%"
"2012-11-12","167.45","168.10","168.28","167.21","5.65M","-0.22%"
"2012-11-09","167.82","168.21","168.54","167.55","7.36M","-0.10%"
"2012-11-08","167.99","166.14","168.16","166.12","8.83M","0.90%"
"2012-11-07","166.49","166.87","167.13","165.04","13.20M","0.11%"
"2012-11-06","166.30","163.91","166.77","163.61","16.05M","1.88%"
"2012-11-05","163.23","163.12","163.42","162.81","6.16M","0.39%"
"2012-11-02","162.60","164.45","164.47","162.30","14.76M","-2.09%"
"2012-11-01","166.07","167.02","167.04","166.04","6.02M","-0.46%"
"2012-10-31","166.83","166.47","167.28","166.38","4.68M","0.54%"
"2012-10-26","165.93","166.23","166.60","165.77","6.44M","-0.05%"
"2012-10-25","166.02","166.29","166.53","165.77","7.02M","0.70%"
"2012-10-24","164.86","165.78","165.83","164.60","10.79M","-0.34%"
"2012-10-23","165.43","166.04","166.06","165.12","11.89M","-1.28%"
"2012-10-22","167.58","167.08","167.63","167.03","6.37M","0.37%"
"2012-10-19","166.97","168.42","168.45","166.23","13.86M","-1.08%"
"2012-10-18","168.79","168.80","169.31","168.59","6.61M","-0.44%"
"2012-10-17","169.54","169.21","169.95","168.92","5.20M","0.07%"
"2012-10-16","169.42","168.87","169.45","168.67","6.21M","0.64%"
"2012-10-15","168.35","169.01","169.10","167.53","10.71M","-1.01%"
"2012-10-12","170.06","171.15","171.41","169.81","8.27M","-0.74%"
"2012-10-11","171.32","171.30","171.95","171.13","5.72M","0.28%"
"2012-10-10","170.84","170.54","171.34","170.30","7.37M","-0.09%"
"2012-10-09","170.99","171.86","172.17","170.56","7.76M","-0.62%"
"2012-10-08","172.05","171.75","172.28","171.68","3.75M","-0.33%"
"2012-10-05","172.62","172.87","173.37","172.01","8.87M","-0.57%"
"2012-10-04","173.61","173.20","174.07","172.92","10.38M","0.70%"
"2012-10-03","172.41","172.51","172.61","171.89","5.65M","0.18%"
"2012-10-02","172.10","172.47","172.70","171.59","7.06M","-0.11%"
"2012-10-01","172.29","172.83","173.62","171.77","10.68M","0.23%"
"2012-09-28","171.89","172.03","172.48","171.34","9.68M","-0.26%"
"2012-09-27","172.34","171.02","172.60","170.76","10.54M","1.49%"
"2012-09-26","169.81","169.46","170.05","168.34","12.07M","-0.56%"
"2012-09-25","170.77","171.76","172.11","170.50","10.37M","-0.16%"
"2012-09-24","171.05","170.63","171.39","170.57","9.18M","-0.53%"
"2012-09-21","171.96","172.93","173.19","171.54","13.36M","0.29%"
"2012-09-20","171.47","171.03","171.69","170.23","8.71M","-0.16%"
"2012-09-19","171.74","171.88","172.03","171.19","9.13M","0.01%"
"2012-09-18","171.72","170.81","171.95","170.67","12.49M","0.77%"
"2012-09-17","170.40","171.77","171.96","170.06","11.28M","-0.81%"
"2012-09-14","171.80","171.89","172.23","171.31","16.85M","0.29%"
"2012-09-13","171.31","167.87","171.91","166.30","28.34M","2.02%"
"2012-09-12","167.92","168.84","168.87","167.25","9.95M","0.01%"
"2012-09-11","167.90","168.22","168.53","167.79","7.52M","0.36%"
"2012-09-10","167.29","167.84","168.14","167.22","7.77M","-0.68%"
"2012-09-07","168.44","167.77","169.00","167.37","19.14M","2.15%"
"2012-09-06","164.89","165.16","165.78","164.80","12.97M","0.35%"
"2012-09-05","164.31","164.12","164.39","163.81","8.40M","-0.10%"
"2012-09-04","164.48","164.11","164.77","163.66","12.04M","0.16%"
"2012-08-31","164.22","161.14","164.22","159.56","18.03M","2.31%"
"2012-08-30","160.52","161.26","161.31","160.01","5.81M","-0.04%"
"2012-08-29","160.59","161.60","161.68","160.18","9.29M","-0.65%"
"2012-08-28","161.64","161.63","162.19","161.30","5.08M","0.17%"
"2012-08-27","161.36","161.77","162.29","161.34","5.38M","-0.38%"
"2012-08-24","161.97","161.87","162.35","161.33","8.50M","0.05%"
"2012-08-23","161.89","161.41","162.45","161.23","17.24M","0.84%"
"2012-08-22","160.54","159.19","160.63","158.51","13.61M","1.08%"
"2012-08-21","158.83","158.81","159.20","158.69","11.84M","1.00%"
"2012-08-20","157.26","156.52","157.40","156.47","7.85M","0.34%"
"2012-08-17","156.72","157.06","157.07","156.22","7.81M","0.10%"
"2012-08-16","156.56","155.85","157.09","155.50","8.84M","0.60%"
"2012-08-15","155.63","155.32","155.82","155.27","4.99M","0.32%"
"2012-08-14","155.13","155.06","155.58","154.83","5.08M","-0.55%"
"2012-08-13","155.99","157.05","157.45","155.90","4.57M","-0.76%"
"2012-08-10","157.18","156.90","157.82","156.65","4.61M","0.12%"
"2012-08-09","156.99","156.36","157.00","156.28","3.18M","0.33%"
"2012-08-08","156.48","156.49","156.86","156.26","3.62M","0.13%"
"2012-08-07","156.28","156.37","156.63","156.01","5.93M","-0.01%"
"2012-08-06","156.30","155.92","156.73","155.74","4.61M","0.48%"
"2012-08-03","155.55","154.65","155.89","154.42","10.67M","0.92%"
"2012-08-02","154.13","154.66","155.14","153.61","11.54M","-0.65%"
"2012-08-01","155.14","155.18","155.79","154.41","12.72M","-0.86%"
"2012-07-31","156.49","157.60","157.72","156.26","10.92M","-0.60%"
"2012-07-30","157.43","156.84","157.66","154.81","7.21M","-0.07%"
"2012-07-27","157.54","157.64","157.96","156.66","9.77M","0.49%"
"2012-07-26","156.77","156.70","157.26","156.05","7.34M","0.71%"
"2012-07-25","155.67","155.33","156.29","155.05","9.36M","1.40%"
"2012-07-24","153.52","153.63","153.80","152.20","6.54M","0.32%"
"2012-07-23","153.03","152.50","153.33","152.29","5.26M","-0.42%"
"2012-07-20","153.67","152.97","154.00","152.75","8.58M","0.19%"
"2012-07-19","153.38","153.73","154.32","152.93","6.07M","0.22%"
"2012-07-18","153.05","152.67","153.60","152.40","6.81M","-0.27%"
"2012-07-17","153.47","154.01","154.50","152.45","13.03M","-0.48%"
"2012-07-16","154.21","154.43","154.75","153.98","5.71M","0.05%"
"2012-07-13","154.14","153.45","154.94","153.44","5.08M","1.02%"
"2012-07-12","152.59","151.26","153.07","150.85","11.40M","-0.26%"
"2012-07-11","152.99","152.58","153.45","152.02","6.84M","0.55%"
"2012-07-10","152.15","155.13","155.18","151.78","9.75M","-1.23%"
"2012-07-09","154.04","153.61","154.58","153.43","4.47M","0.21%"
"2012-07-06","153.71","154.23","154.49","152.95","7.05M","-1.27%"
"2012-07-05","155.68","155.44","156.40","154.45","5.36M","-1.13%"
"2012-07-03","157.46","156.97","157.72","156.77","5.04M","1.53%"
"2012-07-02","155.09","154.67","155.55","154.34","3.66M","-0.06%"
"2012-06-29","155.19","155.13","155.95","154.52","10.38M","2.74%"
"2012-06-28","151.05","151.90","152.16","150.15","8.76M","-1.16%"
"2012-06-27","152.83","153.30","153.45","152.15","4.84M","0.14%"
"2012-06-26","152.62","153.03","153.30","152.13","6.12M","-0.74%"
"2012-06-25","153.76","152.58","154.16","152.25","6.19M","0.73%"
"2012-06-22","152.64","152.04","152.70","151.21","6.76M","0.41%"
"2012-06-21","152.01","153.73","154.23","151.80","14.45M","-2.54%"
"2012-06-20","155.97","156.00","157.37","154.26","16.98M","-0.76%"
"2012-06-19","157.16","158.00","158.14","156.97","6.95M","-0.49%"
"2012-06-18","157.93","157.46","158.21","156.54","6.73M","0.06%"
"2012-06-15","157.84","157.75","158.46","157.42","13.10M","0.06%"
"2012-06-14","157.75","157.64","157.94","156.24","11.51M","0.40%"
"2012-06-13","157.12","157.61","157.65","156.42","10.11M","0.42%"
"2012-06-12","156.46","155.49","157.04","155.45","13.25M","0.71%"
"2012-06-11","155.36","154.83","155.40","153.55","9.17M","0.41%"
"2012-06-08","154.73","153.02","154.83","153.00","11.08M","0.15%"
"2012-06-07","154.50","157.82","157.84","153.19","18.93M","-1.72%"
"2012-06-06","157.21","158.90","159.20","156.59","15.77M","0.04%"
"2012-06-05","157.14","156.92","157.27","156.42","8.10M","-0.11%"
"2012-06-04","157.32","157.26","157.44","156.16","11.46M","-0.11%"
"2012-06-01","157.50","155.41","158.31","154.87","27.41M","3.88%"
"2012-05-31","151.62","152.03","152.71","150.62","10.12M","-0.19%"
"2012-05-30","151.91","149.74","152.38","148.53","16.77M","0.59%"
"2012-05-29","151.02","153.47","153.62","150.25","11.25M","-1.09%"
"2012-05-25","152.68","151.89","152.85","151.63","6.21M","0.84%"
"2012-05-24","151.41","152.71","152.91","150.62","9.70M","-0.14%"
"2012-05-23","151.62","151.50","151.84","148.84","18.85M","-0.30%"
"2012-05-22","152.08","153.59","154.42","151.55","11.31M","-1.66%"
"2012-05-21","154.65","154.11","154.95","153.86","7.54M","0.06%"
"2012-05-18","154.55","154.46","155.13","153.97","13.00M","1.15%"
"2012-05-17","152.80","150.83","153.40","150.38","18.09M","2.23%"
"2012-05-16","149.46","149.48","150.70","148.60","16.76M","-0.19%"
"2012-05-15","149.74","151.16","151.44","149.63","13.36M","-1.05%"
"2012-05-14","151.33","151.58","152.03","151.00","13.39M","-1.45%"
"2012-05-11","153.56","153.44","154.47","153.24","8.29M","-0.78%"
"2012-05-10","154.77","155.16","155.57","154.64","7.46M","0.19%"
"2012-05-09","154.47","154.10","154.98","153.60","13.87M","-0.98%"
"2012-05-08","156.00","156.61","156.73","154.92","17.86M","-1.94%"
"2012-05-07","159.08","159.31","159.34","158.45","4.93M","-0.24%"
"2012-05-04","159.47","158.82","159.98","158.57","11.39M","0.31%"
"2012-05-03","158.97","159.16","159.48","158.37","13.18M","-1.01%"
"2012-05-02","160.59","160.74","160.78","159.76","5.64M","-0.45%"
"2012-05-01","161.32","162.09","162.18","160.89","7.42M","-0.35%"
"2012-04-30","161.88","160.49","161.88","160.31","8.01M","0.31%"
"2012-04-27","161.38","161.78","161.97","161.15","8.38M","0.22%"
"2012-04-26","161.03","160.46","161.38","160.10","10.92M","0.88%"
"2012-04-25","159.62","159.48","159.96","157.76","15.10M","0.20%"
"2012-04-24","159.30","159.63","160.18","159.29","5.20M","0.14%"
"2012-04-23","159.07","158.20","159.18","157.88","8.88M","-0.29%"
"2012-04-20","159.54","159.25","159.91","159.20","9.15M","0.07%"
"2012-04-19","159.43","160.00","160.64","159.02","9.92M","0.08%"
"2012-04-18","159.31","159.49","160.12","159.07","7.47M","-0.60%"
"2012-04-17","160.27","160.54","160.96","158.75","7.59M","-0.12%"
"2012-04-16","160.46","160.51","161.18","159.53","6.67M","-0.24%"
"2012-04-13","160.85","162.45","162.46","160.17","10.04M","-1.14%"
"2012-04-12","162.70","160.74","163.20","160.46","9.23M","1.02%"
"2012-04-11","161.06","161.20","161.54","160.74","10.01M","-0.02%"
"2012-04-10","161.10","159.66","161.58","158.47","14.29M","1.09%"
"2012-04-09","159.37","159.72","160.01","158.91","8.25M","0.67%"
"2012-04-05","158.31","157.87","158.68","157.78","8.97M","0.70%"
"2012-04-04","157.21","157.70","158.03","156.58","15.98M","-1.68%"
"2012-04-03","159.89","163.23","163.23","159.17","16.83M","-1.87%"
"2012-04-02","162.94","161.96","163.56","161.81","7.55M","0.51%"
"2012-03-30","162.12","161.67","162.33","161.22","7.53M","0.52%"
"2012-03-29","161.28","161.14","161.46","159.81","11.03M","-0.14%"
"2012-03-28","161.51","162.71","162.98","160.66","11.02M","-1.06%"
"2012-03-27","163.24","164.52","164.89","163.13","10.92M","-0.71%"
"2012-03-26","164.40","163.17","164.54","162.95","13.23M","1.78%"
"2012-03-23","161.53","160.88","161.88","160.52","10.69M","1.23%"
"2012-03-22","159.57","158.20","159.71","158.13","11.11M","-0.40%"
"2012-03-21","160.21","160.63","161.48","160.15","6.68M","0.05%"
"2012-03-20","160.13","160.20","161.08","159.77","11.65M","-0.90%"
"2012-03-19","161.59","160.85","162.30","160.72","9.92M","0.18%"
"2012-03-16","161.30","160.08","161.54","159.92","12.55M","0.14%"
"2012-03-15","161.08","159.73","161.98","159.28","12.69M","0.95%"
"2012-03-14","159.57","159.61","160.58","158.80","28.83M","-1.68%"
"2012-03-13","162.30","163.94","165.41","161.43","20.05M","-1.68%"
"2012-03-12","165.07","165.33","165.58","164.40","6.53M","-0.79%"
"2012-03-09","166.38","163.64","166.57","163.25","13.70M","0.67%"
"2012-03-08","165.28","164.74","165.55","164.05","8.86M","1.01%"
"2012-03-07","163.63","162.76","164.02","162.51","9.56M","0.57%"
"2012-03-06","162.70","162.15","162.81","161.78","15.54M","-1.78%"
"2012-03-05","165.65","165.77","165.91","164.55","12.08M","-0.41%"
"2012-03-02","166.34","166.23","166.83","165.63","9.30M","-0.16%"
"2012-03-01","166.61","166.10","167.72","165.75","19.21M","1.41%"
"2012-02-29","164.29","173.19","173.59","164.00","44.15M","-5.30%"
"2012-02-28","173.49","172.84","174.00","172.60","12.42M","1.04%"
"2012-02-27","171.70","172.14","172.92","171.58","7.35M","-0.31%"
"2012-02-24","172.23","172.63","173.04","172.00","9.30M","-0.46%"
"2012-02-23","173.02","172.69","173.77","172.28","11.65M","0.05%"
"2012-02-22","172.94","170.40","173.17","170.19","16.68M","1.12%"
"2012-02-21","171.02","169.65","171.07","169.59","13.61M","2.19%"
"2012-02-17","167.35","168.29","168.33","166.87","7.29M","-0.39%"
"2012-02-16","168.00","166.33","168.14","166.17","10.73M","-0.07%"
"2012-02-15","168.11","168.63","168.75","167.19","11.64M","0.59%"
"2012-02-14","167.12","167.65","167.93","166.42","7.87M","-0.23%"
"2012-02-13","167.51","167.33","167.94","166.74","7.09M","0.22%"
"2012-02-10","167.14","166.49","167.64","166.33","10.33M","-0.52%"
"2012-02-09","168.02","170.01","170.37","167.67","16.09M","-0.28%"
"2012-02-08","168.50","169.26","169.96","167.50","10.66M","-0.71%"
"2012-02-07","169.70","167.38","170.09","167.15","11.62M","1.51%"
"2012-02-06","167.18","166.96","167.68","166.61","8.81M","-0.27%"
"2012-02-03","167.64","169.88","170.14","167.51","23.36M","-1.99%"
"2012-02-02","171.05","169.96","171.23","169.68","11.52M","0.88%"
"2012-02-01","169.56","169.75","170.18","169.08","7.73M","0.15%"
"2012-01-31","169.31","169.77","169.86","167.72","11.19M","0.76%"
"2012-01-30","168.03","168.19","168.54","167.74","8.44M","-0.56%"
"2012-01-27","168.97","167.44","169.00","167.41","13.03M","1.02%"
"2012-01-26","167.27","168.05","168.31","167.05","19.14M","0.51%"
"2012-01-25","166.42","161.07","166.55","160.29","28.96M","2.72%"
"2012-01-24","162.01","161.81","162.37","161.53","7.50M","-0.70%"
"2012-01-23","163.16","162.32","163.47","162.32","8.84M","0.67%"
"2012-01-20","162.07","160.50","162.09","160.00","11.62M","0.53%"
"2012-01-19","161.22","160.96","161.45","160.33","8.12M","-0.24%"
"2012-01-18","161.60","159.94","161.64","159.68","9.34M","0.69%"
"2012-01-17","160.50","161.17","161.65","160.42","8.31M","0.78%"
"2012-01-13","159.26","159.32","159.59","158.01","8.91M","-0.70%"
"2012-01-12","160.38","161.02","161.62","159.83","8.61M","0.44%"
"2012-01-11","159.67","159.34","160.05","158.91","7.97M","0.65%"
"2012-01-10","158.64","158.97","159.47","158.47","8.37M","1.37%"
"2012-01-09","156.50","157.36","157.59","156.19","8.77M","-0.45%"
"2012-01-06","157.20","158.59","158.63","156.38","9.79M","-0.37%"
"2012-01-05","157.78","155.37","158.03","155.25","11.62M","0.68%"
"2012-01-04","156.71","155.43","157.38","155.34","11.55M","0.51%"
"2012-01-03","155.92","154.76","156.30","154.55","13.39M","2.59%"
"2011-12-30","151.99","152.14","153.75","151.79","10.85M","1.10%"
"2011-12-29","150.34","149.09","150.72","148.27","19.81M","-0.46%"
"2011-12-28","151.03","154.05","154.26","150.66","16.44M","-2.50%"
"2011-12-27","154.91","155.08","155.55","154.54","4.92M","-0.90%"
"2011-12-23","156.31","156.35","156.49","155.82","3.57M","0.17%"
"2011-12-22","156.04","156.35","156.80","155.33","9.89M","-0.71%"
"2011-12-21","157.16","156.98","157.53","156.13","12.01M","0.11%"
"2011-12-20","156.98","156.82","157.43","156.58","9.14M","1.36%"
"2011-12-19","154.87","155.48","155.86","154.36","12.55M","-0.23%"
"2011-12-16","155.23","154.31","155.37","153.90","18.13M","1.90%"
"2011-12-15","152.33","154.74","154.95","151.71","21.52M","-0.37%"
"2011-12-14","152.89","156.79","157.34","152.05","42.33M","-3.51%"
"2011-12-13","158.45","161.86","163.19","157.76","25.04M","-2.19%"
"2011-12-12","161.99","162.35","162.41","161.14","15.34M","-2.65%"
"2011-12-09","166.40","166.43","167.34","166.12","8.35M","0.25%"
"2011-12-08","165.98","166.96","167.63","165.73","11.73M","-2.02%"
"2011-12-07","169.40","168.79","169.52","167.76","10.36M","0.73%"
"2011-12-06","168.18","166.31","168.57","165.53","10.39M","0.51%"
"2011-12-05","167.32","169.06","169.95","167.06","10.26M","-1.47%"
"2011-12-02","169.82","170.65","170.80","169.36","8.43M","0.11%"
"2011-12-01","169.63","169.85","170.57","168.59","11.61M","-0.29%"
"2011-11-30","170.13","169.70","170.30","169.06","11.82M","1.95%"
"2011-11-29","166.88","166.40","167.33","166.08","9.20M","0.15%"
"2011-11-28","166.63","166.93","167.14","165.98","12.01M","1.98%"
"2011-11-25","163.40","163.33","165.20","163.29","6.10M","-0.87%"
"2011-11-23","164.83","164.55","165.37","163.12","11.49M","-0.29%"
"2011-11-22","165.31","164.74","165.92","164.61","12.10M","1.11%"
"2011-11-21","163.50","166.61","166.71","162.07","22.04M","-2.46%"
"2011-11-18","167.62","167.23","168.69","166.60","14.17M","0.31%"
"2011-11-17","167.10","170.04","170.30","166.39","28.47M","-2.57%"
"2011-11-16","171.51","171.63","172.96","170.57","15.10M","-1.07%"
"2011-11-15","173.36","173.35","173.81","171.90","9.17M","0.09%"
"2011-11-14","173.20","173.74","173.86","172.59","5.89M","-0.44%"
"2011-11-11","173.96","172.10","174.05","172.07","8.73M","1.65%"
"2011-11-10","171.14","172.43","172.59","168.83","11.85M","-0.54%"
"2011-11-09","172.07","174.28","174.81","171.61","12.31M","-0.84%"
"2011-11-08","173.53","174.35","175.46","172.90","16.06M","-0.83%"
"2011-11-07","174.98","172.85","175.00","172.71","20.14M","2.42%"
"2011-11-04","170.85","171.03","171.34","170.16","11.06M","-0.51%"
"2011-11-03","171.72","171.17","172.04","169.90","17.61M","1.57%"
"2011-11-02","169.06","168.59","169.74","167.30","14.54M","1.00%"
"2011-11-01","167.38","164.03","167.41","163.61","15.34M","0.02%"
"2011-10-31","167.34","167.76","168.16","166.91","8.44M","-1.34%"
"2011-10-28","169.62","169.64","169.94","168.75","9.36M","0.04%"
"2011-10-27","169.55","167.59","170.29","166.65","15.80M","1.28%"
"2011-10-26","167.40","167.03","168.05","166.42","17.12M","1.09%"
"2011-10-25","165.59","161.24","166.34","160.41","22.13M","2.84%"
"2011-10-24","161.02","160.55","161.33","160.22","10.20M","0.94%"
"2011-10-21","159.52","159.99","160.45","158.94","13.34M","1.11%"
"2011-10-20","157.77","157.62","158.42","156.05","17.37M","-1.31%"
"2011-10-19","159.87","161.09","161.43","159.55","8.54M","-1.22%"
"2011-10-18","161.84","159.96","162.03","158.30","15.39M","-0.48%"
"2011-10-17","162.62","164.00","164.16","161.95","8.77M","-0.48%"
"2011-10-14","163.40","163.33","163.82","162.25","9.74M","0.68%"
"2011-10-13","162.30","162.30","162.48","160.82","8.33M","-0.59%"
"2011-10-12","163.26","163.70","164.00","162.50","10.88M","0.72%"
"2011-10-11","162.10","162.21","162.51","161.21","8.26M","-0.72%"
"2011-10-10","163.27","162.05","163.32","161.14","8.98M","2.57%"
"2011-10-07","159.18","161.02","161.58","158.23","12.98M","-0.82%"
"2011-10-06","160.49","160.02","161.11","158.77","12.40M","0.65%"
"2011-10-05","159.46","158.01","160.32","156.44","15.14M","1.15%"
"2011-10-04","157.64","160.95","161.03","155.27","24.05M","-2.06%"
"2011-10-03","160.96","161.09","161.56","159.93","14.20M","1.83%"
"2011-09-30","158.06","157.30","160.00","156.33","16.77M","0.23%"
"2011-09-29","157.70","158.12","158.20","156.14","17.34M","0.95%"
"2011-09-28","156.22","160.73","161.29","155.56","21.78M","-2.75%"
"2011-09-27","160.63","161.61","162.29","159.91","25.12M","1.94%"
"2011-09-26","157.58","157.12","158.80","154.19","42.37M","-1.39%"
"2011-09-23","159.80","164.51","165.72","158.55","52.99M","-5.47%"
"2011-09-22","169.05","169.30","170.32","167.48","32.48M","-2.62%"
"2011-09-21","173.59","174.79","176.73","173.14","16.43M","-1.25%"
"2011-09-20","175.78","173.18","176.37","172.84","12.68M","1.43%"
"2011-09-19","173.31","176.83","176.86","172.20","18.30M","-1.55%"
"2011-09-16","176.03","173.72","177.40","173.71","20.70M","0.93%"
"2011-09-15","174.40","174.61","174.85","172.56","20.90M","-1.59%"
"2011-09-14","177.21","177.55","177.78","176.05","18.12M","-0.74%"
"2011-09-13","178.54","177.52","179.54","176.29","17.25M","1.06%"
"2011-09-12","176.67","178.73","178.99","175.33","21.81M","-2.23%"
"2011-09-09","180.70","179.76","181.95","179.17","25.43M","-0.61%"
"2011-09-08","181.81","181.39","182.12","179.77","20.74M","2.67%"
"2011-09-07","177.08","176.19","178.09","174.45","30.76M","-3.18%"
"2011-09-06","182.90","184.58","185.85","181.31","30.28M","-0.19%"
"2011-09-02","183.24","182.82","183.51","182.10","19.92M","3.02%"
"2011-09-01","177.87","177.44","178.26","176.55","13.90M","0.08%"
"2011-08-31","177.72","177.73","179.16","176.33","16.06M","-0.77%"
"2011-08-30","179.10","177.70","179.31","176.66","23.44M","3.00%"
"2011-08-29","173.89","175.95","176.01","172.88","25.27M","-2.02%"
"2011-08-26","177.47","173.57","177.55","171.75","38.67M","2.96%"
"2011-08-25","172.36","167.00","172.81","165.88","43.27M","0.41%"
"2011-08-24","171.65","177.90","178.31","170.31","70.70M","-3.39%"
"2011-08-23","177.67","182.24","183.82","177.50","55.27M","-3.75%"
"2011-08-22","184.59","181.95","184.82","181.60","27.48M","2.58%"
"2011-08-19","179.95","181.64","181.67","178.91","34.41M","1.25%"
"2011-08-18","177.72","177.15","178.10","176.41","25.51M","1.89%"
"2011-08-17","174.42","173.87","174.68","173.25","16.48M","0.29%"
"2011-08-16","173.92","172.60","174.07","172.50","19.66M","1.23%"
"2011-08-15","171.80","169.32","171.91","168.95","17.81M","1.08%"
"2011-08-12","169.97","169.57","170.06","167.77","29.23M","-0.46%"
"2011-08-11","170.75","172.28","172.34","168.65","49.89M","-2.19%"
"2011-08-10","174.58","172.46","175.13","171.62","44.80M","3.54%"
"2011-08-09","168.61","169.93","173.15","167.48","55.77M","0.89%"
"2011-08-08","167.12","165.48","167.61","164.76","43.00M","3.32%"
"2011-08-05","161.75","161.64","162.37","160.48","24.56M","0.69%"
"2011-08-04","160.64","163.61","163.87","159.68","40.38M","-0.53%"
"2011-08-03","161.49","162.36","162.86","161.34","27.82M","-0.02%"
"2011-08-02","161.52","159.33","161.62","158.97","24.28M","2.41%"
"2011-08-01","157.72","157.47","158.97","156.78","14.83M","-0.36%"
"2011-07-29","158.29","158.43","159.25","157.68","17.13M","0.62%"
"2011-07-28","157.32","157.54","157.60","156.11","11.37M","0.08%"
"2011-07-27","157.19","158.47","158.64","156.69","18.30M","-0.37%"
"2011-07-26","157.77","156.97","157.79","156.60","11.74M","0.27%"
"2011-07-25","157.34","157.60","157.80","156.72","13.04M","0.78%"
"2011-07-22","156.12","156.00","156.56","155.68","11.38M","0.83%"
"2011-07-21","154.83","155.91","156.04","154.33","18.42M","-0.76%"
"2011-07-20","156.02","154.22","156.02","154.11","14.57M","0.88%"
"2011-07-19","154.66","156.32","156.32","154.10","22.88M","-1.22%"
"2011-07-18","156.57","155.76","156.58","155.67","17.13M","0.88%"
"2011-07-15","155.20","154.34","155.29","154.22","18.45M","0.43%"
"2011-07-14","154.54","154.81","155.24","153.95","17.62M","0.26%"
"2011-07-13","154.14","153.76","154.71","153.58","26.35M","0.90%"
"2011-07-12","152.77","151.24","153.32","150.77","24.04M","0.78%"
"2011-07-11","151.59","151.33","151.69","150.20","20.45M","0.89%"
"2011-07-08","150.25","150.32","150.50","149.99","13.66M","0.74%"
"2011-07-07","149.15","148.97","149.35","148.29","9.52M","0.16%"
"2011-07-06","148.91","148.70","149.44","148.58","14.51M","0.87%"
"2011-07-05","147.63","146.96","147.82","146.85","11.28M","1.86%"
"2011-07-01","144.93","144.76","145.07","143.97","16.37M","-0.73%"
"2011-06-30","146.00","147.18","147.41","145.98","12.67M","-0.80%"
"2011-06-29","147.18","146.77","147.42","146.44","12.63M","0.64%"
"2011-06-28","146.24","146.16","146.77","145.67","8.81M","0.35%"
"2011-06-27","145.73","145.93","146.40","145.20","11.60M","-0.36%"
"2011-06-24","146.26","147.86","148.02","145.97","19.30M","-1.40%"
"2011-06-23","148.34","148.67","148.84","147.26","24.87M","-1.76%"
"2011-06-22","150.99","151.01","151.86","150.56","14.12M","0.15%"
"2011-06-21","150.76","150.26","150.87","150.18","12.45M","0.49%"
"2011-06-20","150.03","150.08","150.79","149.58","10.46M","0.06%"
"2011-06-17","149.94","148.87","150.29","148.83","19.21M","0.65%"
"2011-06-16","148.97","148.83","149.49","148.22","11.03M","-0.10%"
"2011-06-15","149.12","148.16","149.55","147.92","14.55M","0.30%"
"2011-06-14","148.67","147.70","148.73","147.48","10.94M","0.61%"
"2011-06-13","147.77","148.66","149.04","147.19","13.00M","-0.98%"
"2011-06-10","149.24","149.04","149.78","148.69","12.35M","-0.88%"
"2011-06-09","150.56","150.01","151.02","149.75","7.65M","0.50%"
"2011-06-08","149.81","150.02","150.38","149.30","9.61M","-0.41%"
"2011-06-07","150.42","150.67","150.85","149.68","10.15M","-0.04%"
"2011-06-06","150.48","150.82","151.45","150.21","11.48M","0.17%"
"2011-06-03","150.22","150.28","150.66","149.62","12.61M","0.48%"
"2011-06-02","149.50","150.15","150.38","148.07","13.55M","-0.27%"
"2011-06-01","149.91","149.66","151.13","149.43","18.37M","0.18%"
"2011-05-31","149.64","149.88","150.16","149.41","10.50M","-0.04%"
"2011-05-27","149.70","149.02","149.92","148.96","10.19M","1.00%"
"2011-05-26","148.22","148.45","148.61","147.59","9.79M","-0.24%"
"2011-05-25","148.58","148.72","149.37","148.52","10.97M","-0.01%"
"2011-05-24","148.59","148.48","149.05","148.18","14.95M","0.51%"
"2011-05-23","147.83","147.04","147.95","146.97","15.95M","0.23%"
"2011-05-20","147.49","145.82","147.78","144.90","23.19M","1.26%"
"2011-05-19","145.65","145.12","145.85","144.86","8.10M","0.03%"
"2011-05-18","145.60","145.55","146.22","145.14","10.51M","0.59%"
"2011-05-17","144.74","144.23","144.78","143.42","17.20M","-0.43%"
"2011-05-16","145.37","145.88","146.67","145.19","10.07M","-0.18%"
"2011-05-13","145.63","146.72","147.28","144.49","17.27M","-0.65%"
"2011-05-12","146.59","145.88","147.12","144.96","18.73M","0.03%"
"2011-05-11","146.54","147.24","147.35","145.77","21.39M","-0.92%"
"2011-05-10","147.90","147.19","148.19","146.93","11.29M","0.35%"
"2011-05-09","147.38","146.67","147.58","146.34","13.85M","1.43%"
"2011-05-06","145.30","145.24","146.09","144.40","24.19M","1.28%"
"2011-05-05","143.47","146.82","147.58","142.55","51.28M","-2.88%"
"2011-05-04","147.73","149.86","150.34","146.76","35.11M","-1.43%"
"2011-05-03","149.88","150.43","150.97","148.85","24.22M","-0.35%"
"2011-05-02","150.41","151.46","153.61","150.36","24.09M","-1.29%"
"2011-04-29","152.37","149.90","153.03","149.75","27.60M","1.70%"
"2011-04-28","149.82","149.30","150.00","148.60","20.76M","0.42%"
"2011-04-27","149.20","147.38","149.21","146.52","21.95M","1.93%"
"2011-04-26","146.38","146.47","146.62","145.48","16.24M","-0.33%"
"2011-04-25","146.87","147.57","147.58","146.42","15.60M","0.09%"
"2011-04-21","146.74","146.57","147.06","146.32","10.11M","0.16%"
"2011-04-20","146.50","146.37","146.84","145.74","13.72M","0.39%"
"2011-04-19","145.93","145.73","146.24","145.18","10.96M","0.00%"
"2011-04-18","145.93","145.21","146.07","144.63","17.34M","0.61%"
"2011-04-15","145.05","143.85","145.12","143.57","19.13M","0.86%"
"2011-04-14","143.81","142.35","143.83","142.23","14.17M","1.35%"
"2011-04-13","141.90","142.39","142.53","141.48","13.89M","0.20%"
"2011-04-12","141.61","142.74","142.82","140.75","14.95M","-0.72%"
"2011-04-11","142.64","143.28","143.49","142.28","10.11M","-0.71%"
"2011-04-08","143.66","143.34","143.84","142.97","13.13M","0.81%"
"2011-04-07","142.51","142.23","142.89","141.80","9.49M","0.09%"
"2011-04-06","142.38","142.40","142.62","141.77","10.72M","0.23%"
"2011-04-05","142.05","139.58","142.09","139.52","18.33M","1.58%"
"2011-04-04","139.84","140.13","140.26","139.45","9.69M","0.47%"
"2011-04-01","139.19","138.65","139.55","137.72","15.74M","-0.48%"
"2011-03-31","139.86","140.08","140.40","139.78","15.24M","0.86%"
"2011-03-30","138.67","139.07","139.18","137.68","10.76M","0.33%"
"2011-03-29","138.21","138.21","138.82","137.94","6.35M","-0.24%"
"2011-03-28","138.54","137.82","138.83","137.78","7.66M","-0.52%"
"2011-03-25","139.26","140.00","140.24","138.66","13.19M","0.03%"
"2011-03-24","139.22","140.27","141.28","138.83","17.02M","-0.80%"
"2011-03-23","140.34","139.61","140.55","139.55","11.54M","0.93%"
"2011-03-22","139.05","138.88","139.36","138.67","9.56M","-0.06%"
"2011-03-21","139.14","139.50","139.91","138.97","13.74M","0.56%"
"2011-03-18","138.37","138.14","138.83","137.76","18.60M","1.02%"
"2011-03-17","136.97","136.56","137.08","136.25","9.12M","0.54%"
"2011-03-16","136.24","136.52","137.20","135.80","13.39M","-0.02%"
"2011-03-15","136.27","135.35","136.94","135.23","23.47M","-1.87%"
"2011-03-14","138.86","139.33","139.55","138.61","10.24M","0.46%"
"2011-03-11","138.22","137.29","138.93","137.18","10.42M","0.33%"
"2011-03-10","137.77","138.50","138.50","136.84","15.57M","-1.18%"
"2011-03-09","139.41","139.92","139.95","138.94","8.74M","0.04%"
"2011-03-08","139.36","139.65","139.66","138.83","10.73M","-0.26%"
"2011-03-07","139.72","140.29","140.61","139.28","14.07M","0.27%"
"2011-03-04","139.35","138.63","139.75","138.61","17.46M","0.91%"
"2011-03-03","138.09","138.81","139.13","137.57","16.49M","-1.31%"
"2011-03-02","139.92","140.24","140.55","139.48","15.73M","-0.08%"
"2011-03-01","140.03","138.57","140.03","138.49","17.44M","1.72%"
"2011-02-28","137.66","137.65","138.14","137.03","8.85M","0.20%"
"2011-02-25","137.38","137.22","137.74","136.77","10.35M","0.66%"
"2011-02-24","136.48","138.04","138.14","135.73","18.79M","-0.75%"
"2011-02-23","137.51","136.97","138.20","136.92","15.69M","0.90%"
"2011-02-22","136.29","136.92","137.22","136.19","16.68M","0.65%"
"2011-02-18","135.41","135.17","135.80","134.88","15.89M","0.27%"
"2011-02-17","135.04","134.74","135.16","134.47","11.33M","0.70%"
"2011-02-16","134.10","134.23","134.86","133.45","12.82M","0.10%"
"2011-02-15","133.97","133.86","134.17","133.63","10.11M","0.77%"
"2011-02-14","132.95","132.95","133.38","132.70","8.70M","0.48%"
"2011-02-11","132.32","133.01","133.44","132.09","9.89M","-0.40%"
"2011-02-10","132.85","132.11","133.31","132.00","8.11M","-0.17%"
"2011-02-09","133.07","133.19","133.39","132.49","10.18M","-0.05%"
"2011-02-08","133.14","132.96","133.50","132.80","16.23M","1.11%"
"2011-02-07","131.68","131.67","131.95","131.23","7.18M","0.02%"
"2011-02-04","131.66","131.84","132.70","131.23","15.22M","-0.41%"
"2011-02-03","132.20","130.07","132.32","129.28","17.41M","1.34%"
"2011-02-02","130.45","130.37","130.60","129.45","10.09M","-0.27%"
"2011-02-01","130.80","130.52","131.08","129.33","15.37M","0.72%"
"2011-01-31","129.87","129.27","130.51","129.25","14.67M","-0.31%"
"2011-01-28","130.28","127.97","131.48","127.95","28.10M","1.84%"
"2011-01-27","127.92","130.29","130.49","127.80","33.05M","-2.47%"
"2011-01-26","131.16","129.83","131.17","129.28","20.55M","0.81%"
"2011-01-25","130.10","129.65","130.27","129.07","22.22M","-0.20%"
"2011-01-24","130.36","131.01","131.63","130.14","15.13M","-0.51%"
"2011-01-21","131.03","130.76","131.43","130.53","19.49M","-0.13%"
"2011-01-20","131.20","131.76","132.10","131.04","24.36M","-1.88%"
"2011-01-19","133.72","134.34","134.40","133.40","11.80M","0.22%"
"2011-01-18","133.43","133.62","134.00","133.17","11.60M","0.56%"
"2011-01-14","132.69","133.17","133.60","132.22","21.23M","-1.01%"
"2011-01-13","134.05","135.66","135.68","133.63","14.30M","-1.04%"
"2011-01-12","135.46","134.79","135.58","134.35","10.79M","0.41%"
"2011-01-11","134.91","134.79","135.16","133.96","10.27M","0.59%"
"2011-01-10","134.12","133.85","134.20","133.24","8.43M","0.40%"
"2011-01-07","133.58","133.38","134.61","133.18","16.76M","-0.19%"
"2011-01-06","133.83","134.05","134.38","133.14","15.97M","-0.40%"
"2011-01-05","134.37","133.50","134.68","133.10","16.70M","-0.28%"
"2011-01-04","134.75","136.24","136.28","134.16","26.15M","-2.36%"
"2011-01-03","138.00","138.67","139.00","137.88","11.51M","-0.52%"
"2010-12-31","138.72","137.78","138.77","137.72","9.22M","1.23%"
"2010-12-30","137.03","137.58","137.71","136.94","5.75M","-0.49%"
"2010-12-29","137.71","137.38","138.05","137.19","8.44M","0.36%"
"2010-12-28","137.22","136.85","137.34","136.62","10.12M","1.63%"
"2010-12-27","135.02","134.96","135.06","134.49","3.44M","0.27%"
"2010-12-23","134.66","134.26","134.90","133.93","8.70M","-0.29%"
"2010-12-22","135.05","135.60","135.70","134.97","7.30M","-0.20%"
"2010-12-21","135.32","135.17","135.78","134.79","10.24M","0.16%"
"2010-12-20","135.11","135.13","135.44","134.33","13.14M","0.68%"
"2010-12-17","134.20","133.97","134.63","133.22","17.21M","0.29%"
"2010-12-16","133.81","134.21","134.23","132.86","23.47M","-0.66%"
"2010-12-15","134.70","135.34","135.93","134.68","15.09M","-1.09%"
"2010-12-14","136.18","136.27","137.21","135.86","17.43M","0.10%"
"2010-12-13","136.05","136.26","136.64","135.86","13.35M","0.47%"
"2010-12-10","135.41","134.94","135.48","133.95","11.94M","0.03%"
"2010-12-09","135.37","135.69","136.16","134.88","14.16M","0.43%"
"2010-12-08","134.79","135.91","136.29","133.88","23.48M","-1.25%"
"2010-12-07","136.50","139.46","139.54","136.46","26.50M","-1.88%"
"2010-12-06","139.11","138.14","139.46","137.73","15.64M","0.75%"
"2010-12-03","138.07","136.62","138.11","136.48","16.52M","2.12%"
"2010-12-02","135.20","135.62","136.59","135.15","17.58M","-0.13%"
"2010-12-01","135.38","135.71","136.14","134.96","16.83M","-0.03%"
"2010-11-30","135.42","135.21","135.75","134.78","17.47M","1.43%"
"2010-11-29","133.51","133.19","133.75","132.33","13.98M","0.52%"
"2010-11-26","132.82","132.38","132.89","131.93","7.82M","-1.01%"
"2010-11-24","134.18","134.36","134.70","133.74","8.86M","-0.17%"
"2010-11-23","134.41","133.60","135.07","133.46","18.22M","0.70%"
"2010-11-22","133.48","132.13","133.60","131.69","13.09M","0.97%"
"2010-11-19","132.20","131.48","132.35","131.01","14.15M","0.08%"
"2010-11-18","132.09","131.82","132.78","131.55","16.01M","1.31%"
"2010-11-17","130.38","130.77","131.37","130.13","16.43M","-0.45%"
"2010-11-16","130.97","132.24","132.38","129.83","32.49M","-1.09%"
"2010-11-15","132.42","133.86","134.49","132.39","15.10M","-0.95%"
"2010-11-12","133.69","135.89","136.31","132.82","35.89M","-2.88%"
"2010-11-11","137.66","137.62","137.75","136.45","15.45M","0.31%"
"2010-11-10","137.24","137.03","137.28","135.15","28.48M","1.22%"
"2010-11-09","135.59","138.70","139.15","135.05","39.45M","-1.59%"
"2010-11-08","137.78","135.92","137.79","135.53","17.37M","1.03%"
"2010-11-05","136.38","135.14","136.61","134.95","20.34M","0.26%"
"2010-11-04","136.03","134.64","136.13","134.24","23.47M","3.39%"
"2010-11-03","131.57","132.28","132.52","129.48","31.71M","-0.69%"
"2010-11-02","132.49","132.44","132.59","131.88","9.41M","0.43%"
"2010-11-01","131.92","132.85","133.07","131.76","12.40M","-0.53%"
"2010-10-29","132.62","131.48","132.82","131.06","14.34M","1.05%"
"2010-10-28","131.24","130.36","131.50","129.84","15.90M","1.33%"
"2010-10-27","129.52","129.93","130.00","128.79","16.13M","-1.04%"
"2010-10-26","130.88","129.99","131.14","129.73","10.71M","0.02%"
"2010-10-25","130.85","131.16","131.38","130.21","12.16M","0.86%"
"2010-10-22","129.73","129.47","129.75","128.97","11.89M","0.20%"
"2010-10-21","129.47","131.08","131.59","128.72","21.81M","-1.41%"
"2010-10-20","131.32","130.36","131.65","130.32","12.56M","0.93%"
"2010-10-19","130.11","130.46","131.59","129.75","25.33M","-3.11%"
"2010-10-18","134.28","133.46","134.34","133.16","12.30M","0.45%"
"2010-10-15","133.68","134.24","134.46","133.07","26.17M","-0.79%"
"2010-10-14","134.75","134.06","134.85","133.90","26.89M","0.51%"
"2010-10-13","134.07","132.73","134.31","132.63","18.40M","1.60%"
"2010-10-12","131.96","132.06","132.21","131.36","13.30M","-0.25%"
"2010-10-11","132.29","131.28","132.33","130.98","10.63M","0.48%"
"2010-10-08","131.66","130.78","131.88","130.47","18.70M","0.99%"
"2010-10-07","130.37","132.60","132.67","129.51","38.68M","-1.09%"
"2010-10-06","131.81","131.45","131.86","131.34","16.14M","0.63%"
"2010-10-05","130.99","130.11","131.12","129.87","17.49M","1.97%"
"2010-10-04","128.46","128.52","128.62","128.22","8.37M","-0.35%"
"2010-10-01","128.91","128.72","129.07","127.91","17.21M","0.78%"
"2010-09-30","127.91","128.15","128.28","126.61","19.21M","-0.03%"
"2010-09-29","127.95","127.93","128.24","127.52","12.34M","0.08%"
"2010-09-28","127.85","126.42","128.03","126.11","19.86M","0.89%"
"2010-09-27","126.72","126.90","126.91","126.48","6.69M","0.02%"
"2010-09-24","126.69","126.91","127.00","126.30","14.95M","0.31%"
"2010-09-23","126.30","126.20","126.66","125.81","9.33M","0.08%"
"2010-09-22","126.20","126.58","126.63","125.70","11.06M","0.15%"
"2010-09-21","126.01","124.77","126.17","124.16","20.41M","0.91%"
"2010-09-20","124.87","125.09","125.45","124.78","8.48M","0.26%"
"2010-09-17","124.54","125.03","125.03","124.27","13.82M","-0.07%"
"2010-09-16","124.63","124.50","124.77","124.19","12.67M","0.56%"
"2010-09-15","123.94","123.97","124.29","123.44","11.69M","-0.06%"
"2010-09-14","124.02","122.92","124.59","121.55","26.59M","1.97%"
"2010-09-13","121.62","121.63","122.11","121.39","9.69M","-0.09%"
"2010-09-10","121.73","121.40","122.30","121.39","12.51M","0.14%"
"2010-09-09","121.56","122.44","122.88","121.38","13.75M","-0.94%"
"2010-09-08","122.71","122.82","123.42","122.60","9.79M","0.01%"
"2010-09-07","122.70","122.91","123.06","122.63","8.78M","0.69%"
"2010-09-03","121.86","121.39","122.39","121.15","9.08M","-0.35%"
"2010-09-02","122.29","122.38","122.48","121.89","7.00M","0.49%"
"2010-09-01","121.69","122.15","122.21","121.43","11.88M","-0.32%"
"2010-08-31","122.08","121.77","122.19","121.46","12.26M","0.97%"
"2010-08-30","120.91","120.85","121.06","120.58","4.40M","-0.08%"
"2010-08-27","121.01","121.20","121.45","120.42","11.16M","0.04%"
"2010-08-26","120.96","121.09","122.95","120.50","8.90M","-0.33%"
"2010-08-25","121.36","121.12","121.38","120.67","14.00M","0.83%"
"2010-08-24","120.36","118.77","120.80","118.71","14.81M","0.48%"
"2010-08-23","119.78","119.91","120.07","119.42","4.86M","-0.16%"
"2010-08-20","119.97","119.97","120.07","119.45","10.68M","-0.35%"
"2010-08-19","120.39","120.65","120.99","120.11","10.02M","0.14%"
"2010-08-18","120.22","119.23","120.51","119.00","12.11M","0.39%"
"2010-08-17","119.75","119.75","119.97","119.60","9.15M","0.02%"
"2010-08-16","119.73","119.70","119.83","119.46","8.95M","0.83%"
"2010-08-13","118.74","118.82","118.89","118.36","10.21M","-0.03%"
"2010-08-12","118.77","118.56","118.86","118.46","12.33M","1.22%"
"2010-08-11","117.34","117.74","118.14","116.58","12.44M","-0.33%"
"2010-08-10","117.73","116.59","118.09","116.40","10.44M","0.28%"
"2010-08-09","117.40","117.76","117.85","117.23","6.75M","-0.37%"
"2010-08-06","117.84","117.99","118.42","117.49","10.00M","0.74%"
"2010-08-05","116.98","117.01","117.10","116.35","7.03M","0.22%"
"2010-08-04","116.72","117.41","117.65","116.65","10.33M","0.63%"
"2010-08-03","115.99","115.88","116.44","115.81","5.59M","0.39%"
"2010-08-02","115.54","116.12","116.39","115.20","8.47M","0.04%"
"2010-07-30","115.49","114.36","115.73","114.08","10.09M","1.05%"
"2010-07-29","114.29","113.54","114.35","113.34","9.48M","0.45%"
"2010-07-28","113.78","113.48","113.93","113.08","16.07M","0.24%"
"2010-07-27","113.51","114.95","114.99","113.21","29.53M","-1.74%"
"2010-07-26","115.52","116.38","116.47","115.30","11.22M","-0.49%"
"2010-07-23","116.09","117.12","117.47","115.79","8.34M","-0.66%"
"2010-07-22","116.86","115.95","117.50","115.91","8.16M","0.87%"
"2010-07-21","115.85","116.80","117.00","115.71","9.40M","-0.69%"
"2010-07-20","116.65","115.75","116.74","115.48","9.27M","0.79%"
"2010-07-19","115.73","115.57","115.80","115.11","15.72M","-0.81%"
"2010-07-16","116.67","116.69","116.79","115.95","17.49M","-1.32%"
"2010-07-15","118.23","118.59","118.70","117.73","8.59M","-0.06%"
"2010-07-14","118.30","118.26","119.13","117.59","9.58M","-0.05%"
"2010-07-13","118.36","118.98","119.10","118.36","8.42M","0.87%"
"2010-07-12","117.34","117.83","118.20","116.97","7.51M","-0.86%"
"2010-07-09","118.36","118.14","118.73","118.00","9.60M","0.98%"
"2010-07-08","117.21","117.39","117.41","116.10","11.32M","-0.44%"
"2010-07-07","117.73","116.57","117.78","116.50","10.93M","1.05%"
"2010-07-06","116.51","117.67","117.72","116.30","16.85M","-1.67%"
"2010-07-02","118.49","118.21","118.50","117.41","14.73M","1.24%"
"2010-07-01","117.04","120.91","121.03","116.98","33.25M","-3.81%"
"2010-06-30","121.68","121.07","122.09","120.88","12.02M","0.34%"
"2010-06-29","121.27","121.05","121.82","119.03","17.34M","0.15%"
"2010-06-28","121.09","122.79","123.56","120.81","19.66M","-1.36%"
"2010-06-25","122.76","122.75","123.13","122.49","9.99M","1.20%"
"2010-06-24","121.30","120.76","122.16","120.67","13.14M","0.29%"
"2010-06-23","120.95","120.89","121.02","119.77","14.12M","-0.41%"
"2010-06-22","121.45","121.16","121.59","120.87","12.94M","0.88%"
"2010-06-21","120.39","123.09","123.11","120.36","20.04M","-1.99%"
"2010-06-18","122.83","123.04","123.50","122.81","19.43M","0.76%"
"2010-06-17","121.90","121.64","122.41","121.49","19.80M","1.30%"
"2010-06-16","120.33","120.68","120.89","120.04","10.51M","-0.55%"
"2010-06-15","120.99","119.71","121.03","119.48","15.07M","1.16%"
"2010-06-14","119.60","119.63","120.26","118.96","11.00M","-0.34%"
"2010-06-11","120.01","119.88","120.41","119.33","7.83M","0.87%"
"2010-06-10","118.97","119.36","120.04","118.83","13.69M","-1.32%"
"2010-06-09","120.56","120.48","120.99","119.51","12.88M","-0.36%"
"2010-06-08","121.00","121.61","122.45","120.66","23.41M","-0.40%"
"2010-06-07","121.49","118.73","121.80","118.62","20.25M","1.93%"
"2010-06-04","119.19","117.96","119.39","117.05","16.54M","1.04%"
"2010-06-03","117.96","119.16","119.39","117.48","13.86M","-1.52%"
"2010-06-02","119.78","119.35","119.88","118.72","10.35M","-0.11%"
"2010-06-01","119.91","119.88","120.25","119.63","12.21M","0.87%"
"2010-05-28","118.88","118.48","118.90","117.63","11.58M","0.16%"
"2010-05-27","118.69","118.16","119.04","118.14","10.42M","0.19%"
"2010-05-26","118.47","118.58","119.08","118.32","13.15M","0.95%"
"2010-05-25","117.36","117.16","117.52","116.82","21.23M","0.45%"
"2010-05-24","116.84","116.34","117.17","116.04","14.34M","1.41%"
"2010-05-21","115.22","115.05","116.24","114.51","20.10M","-0.54%"
"2010-05-20","115.84","116.14","116.95","115.18","28.91M","-0.68%"
"2010-05-19","116.63","118.19","118.43","116.08","34.41M","-2.39%"
"2010-05-18","119.49","118.86","120.32","118.50","26.60M","0.11%"
"2010-05-17","119.36","120.55","121.12","119.29","27.90M","-0.84%"
"2010-05-14","120.37","121.88","122.02","119.12","34.65M","-0.16%"
"2010-05-13","120.56","121.29","121.71","120.10","22.34M","-0.69%"
"2010-05-12","121.40","121.28","122.23","120.77","32.70M","0.61%"
"2010-05-11","120.66","119.46","120.87","118.97","36.73M","2.63%"
"2010-05-10","117.57","117.50","117.90","116.81","28.43M","-0.59%"
"2010-05-07","118.27","117.64","118.88","116.74","34.28M","-0.19%"
"2010-05-06","118.49","115.62","118.62","115.57","50.54M","2.95%"
"2010-05-05","115.09","113.58","115.24","113.31","21.62M","0.19%"
"2010-05-04","114.87","116.39","116.43","114.17","21.52M","-0.74%"
"2010-05-03","115.73","115.91","116.28","115.53","13.57M","0.32%"
"2010-04-30","115.36","115.26","115.70","115.21","13.41M","0.95%"
"2010-04-29","114.28","113.85","114.52","113.84","10.38M","-0.03%"
"2010-04-28","114.31","114.03","114.99","113.63","26.90M","-0.28%"
"2010-04-27","114.63","112.43","114.82","112.34","25.06M","1.67%"
"2010-04-26","112.75","112.88","113.20","112.63","8.34M","-0.39%"
"2010-04-23","113.19","111.26","113.30","111.09","12.51M","1.21%"
"2010-04-22","111.84","111.79","112.01","110.76","9.61M","-0.42%"
"2010-04-21","112.31","111.82","112.64","111.48","6.84M","0.76%"
"2010-04-20","111.46","111.73","112.21","111.33","7.02M","0.28%"
"2010-04-19","111.15","110.88","111.36","110.67","8.00M","-0.08%"
"2010-04-16","111.24","112.50","113.07","110.54","24.58M","-2.12%"
"2010-04-15","113.65","112.90","113.71","112.85","10.96M","0.55%"
"2010-04-14","113.03","113.23","113.66","112.78","10.57M","0.30%"
"2010-04-13","112.69","113.12","113.16","112.06","11.26M","-0.28%"
"2010-04-12","113.01","113.64","114.13","112.98","11.12M","-0.55%"
"2010-04-09","113.64","113.09","114.07","112.74","16.43M","0.88%"
"2010-04-08","112.65","112.47","112.98","112.13","12.45M","0.14%"
"2010-04-07","112.49","111.85","112.93","111.77","19.15M","1.31%"
"2010-04-06","111.03","110.89","111.51","110.83","10.32M","0.13%"
"2010-04-05","110.89","110.56","110.98","110.27","8.21M","0.57%"
"2010-04-01","110.26","109.97","110.47","109.92","11.37M","1.20%"
"2010-03-31","108.95","109.44","109.50","108.85","14.01M","0.91%"
"2010-03-30","107.97","108.57","108.66","107.87","9.82M","-0.72%"
"2010-03-29","108.75","108.87","109.17","108.40","11.53M","0.15%"
"2010-03-26","108.59","107.16","108.70","106.82","17.44M","1.70%"
"2010-03-25","106.78","107.00","107.25","106.48","16.87M","0.45%"
"2010-03-24","106.30","106.94","107.07","106.24","14.24M","-1.86%"
"2010-03-23","108.32","107.50","108.50","107.34","11.28M","0.53%"
"2010-03-22","107.75","107.31","108.00","106.95","11.59M","-0.49%"
"2010-03-19","108.28","110.26","110.29","107.85","24.33M","-1.87%"
"2010-03-18","110.34","110.10","110.61","109.50","13.85M","0.68%"
"2010-03-17","109.59","110.18","110.46","109.55","13.78M","-0.73%"
"2010-03-16","110.40","110.02","110.57","109.70","17.75M","1.88%"
"2010-03-15","108.36","108.16","108.56","107.82","7.70M","0.38%"
"2010-03-12","107.95","108.56","108.77","107.45","11.85M","-0.60%"
"2010-03-11","108.60","108.28","108.65","107.86","9.52M","0.12%"
"2010-03-10","108.47","109.94","110.50","108.02","21.99M","-1.14%"
"2010-03-09","109.72","109.16","110.16","109.04","12.65M","-0.15%"
"2010-03-08","109.88","111.22","111.30","109.52","12.76M","-0.84%"
"2010-03-05","110.81","111.13","111.75","110.80","11.09M","-0.02%"
"2010-03-04","110.83","111.25","111.37","110.22","12.95M","-0.72%"
"2010-03-03","111.63","111.46","112.18","111.18","16.22M","0.55%"
"2010-03-02","111.02","109.86","111.45","109.86","20.11M","1.45%"
"2010-03-01","109.43","109.48","109.90","108.97","12.83M","0.00%"
"2010-02-26","109.43","108.89","109.60","108.41","13.04M","1.03%"
"2010-02-25","108.31","106.70","108.70","106.60","23.40M","0.88%"
"2010-02-24","107.36","107.33","108.16","107.10","17.21M","-0.49%"
"2010-02-23","107.89","108.84","108.91","107.65","13.63M","-1.08%"
"2010-02-22","109.07","109.86","109.97","108.66","10.75M","-0.37%"
"2010-02-19","109.47","109.32","110.39","108.81","21.93M","-0.46%"
"2010-02-18","109.98","109.61","110.11","109.19","19.18M","0.67%"
"2010-02-17","109.25","109.66","110.01","108.87","19.59M","-0.34%"
"2010-02-16","109.62","109.45","109.87","109.10","20.90M","2.41%"
"2010-02-12","107.04","106.08","107.10","105.57","14.46M","-0.08%"
"2010-02-11","107.13","105.58","107.56","105.27","19.35M","1.91%"
"2010-02-10","105.12","105.13","105.50","104.11","16.28M","-0.28%"
"2010-02-09","105.41","105.18","106.15","104.87","25.97M","1.32%"
"2010-02-08","104.04","104.41","105.14","104.00","17.18M","-0.61%"
"2010-02-05","104.68","103.76","104.68","102.28","32.66M","0.30%"
"2010-02-04","104.37","106.79","106.80","103.75","39.99M","-3.98%"
"2010-02-03","108.70","109.10","109.54","108.43","13.39M","-0.39%"
"2010-02-02","109.13","109.16","109.60","108.61","14.33M","0.72%"
"2010-02-01","108.35","106.64","108.48","106.37","14.90M","2.26%"
"2010-01-29","105.96","105.88","106.30","105.27","20.28M","-0.49%"
"2010-01-28","106.48","107.18","107.23","105.18","16.80M","-0.05%"
"2010-01-27","106.53","107.53","108.80","106.16","19.01M","-0.96%"
"2010-01-26","107.56","106.87","107.99","106.75","12.30M","0.07%"
"2010-01-25","107.48","107.44","107.72","107.07","13.20M","0.29%"
"2010-01-22","107.17","106.93","107.68","106.01","24.21M","-0.19%"
"2010-01-21","107.37","108.48","108.78","106.61","25.75M","-1.44%"
"2010-01-20","108.94","109.97","110.05","108.46","17.54M","-2.31%"
"2010-01-19","111.52","110.95","111.75","110.83","10.47M","0.60%"
"2010-01-15","110.86","111.35","112.01","110.38","18.01M","-1.04%"
"2010-01-14","112.03","111.51","112.37","110.79","18.32M","0.44%"
"2010-01-13","111.54","110.92","111.57","109.57","20.01M","0.95%"
"2010-01-12","110.49","112.38","113.05","110.14","29.18M","-2.09%"
"2010-01-11","112.85","113.34","113.59","112.52","17.25M","1.33%"
"2010-01-08","111.37","111.52","111.58","110.26","15.90M","0.50%"
"2010-01-07","110.82","111.07","111.29","110.62","13.61M","-0.62%"
"2010-01-06","111.51","110.71","111.77","110.41","24.99M","1.65%"
"2010-01-05","109.70","109.88","110.39","109.26","14.21M","-0.09%"
"2010-01-04","109.80","109.82","110.14","109.31","16.22M","2.32%"
"2009-12-31","107.31","107.98","108.11","107.24","9.13M","0.36%"
"2009-12-30","106.93","106.64","107.44","106.40","9.41M","-0.50%"
"2009-12-29","107.47","108.50","108.50","107.45","11.04M","-0.99%"
"2009-12-28","108.55","108.64","108.78","107.91","9.64M","0.18%"
"2009-12-24","108.36","107.90","108.37","107.77","7.99M","1.70%"
"2009-12-23","106.55","106.65","107.45","106.30","16.94M","0.36%"
"2009-12-22","106.17","106.79","107.09","105.31","28.70M","-0.73%"
"2009-12-21","106.95","109.17","109.30","106.82","23.34M","-1.84%"
"2009-12-18","108.95","108.00","109.50","107.04","25.59M","1.50%"
"2009-12-17","107.34","109.47","109.98","107.28","35.02M","-3.81%"
"2009-12-16","111.59","110.83","111.91","110.63","22.85M","1.25%"
"2009-12-15","110.21","109.94","110.57","109.39","20.06M","-0.03%"
"2009-12-14","110.24","110.01","110.70","109.50","16.34M","0.84%"
"2009-12-11","109.32","110.60","110.82","108.72","28.99M","-1.35%"
"2009-12-10","110.82","110.66","111.03","110.04","20.53M","-0.02%"
"2009-12-09","110.84","111.60","112.48","109.38","37.13M","-0.10%"
"2009-12-08","110.95","112.76","113.06","110.21","37.65M","-1.91%"
"2009-12-07","113.11","111.51","114.22","111.44","42.54M","-0.56%"
"2009-12-04","113.75","117.15","117.26","112.41","79.19M","-4.17%"
"2009-12-03","118.70","118.57","119.54","118.03","28.86M","-0.40%"
"2009-12-02","119.18","118.80","119.27","118.30","31.11M","1.53%"
"2009-12-01","117.38","117.30","117.93","116.78","27.72M","1.50%"
"2009-11-30","115.64","114.48","115.89","114.27","16.42M","0.50%"
"2009-11-27","115.06","113.08","115.81","113.02","21.23M","-1.34%"
"2009-11-25","116.62","115.69","116.88","115.53","24.57M","1.65%"
"2009-11-24","114.73","114.73","114.81","113.97","22.62M","0.38%"
"2009-11-23","114.29","114.67","115.12","113.99","24.46M","1.20%"
"2009-11-20","112.94","111.74","112.94","111.54","17.31M","0.57%"
"2009-11-19","112.30","111.85","112.40","110.76","21.25M","0.04%"
"2009-11-18","112.25","112.69","113.09","111.80","22.34M","0.25%"
"2009-11-17","111.97","111.09","111.99","110.90","19.83M","0.30%"
"2009-11-16","111.63","110.70","112.16","110.65","25.02M","1.72%"
"2009-11-13","109.74","108.32","109.80","108.14","17.25M","1.41%"
"2009-11-12","108.21","109.16","109.56","108.12","17.86M","-1.27%"
"2009-11-11","109.60","109.49","109.71","109.00","17.67M","1.12%"
"2009-11-10","108.39","108.03","108.78","107.70","15.98M","0.18%"
"2009-11-09","108.19","108.69","108.75","107.91","18.45M","0.71%"
"2009-11-06","107.43","107.38","108.04","107.06","14.79M","0.42%"
"2009-11-05","106.98","106.81","107.20","106.60","10.20M","-0.11%"
"2009-11-04","107.10","107.11","107.68","106.43","27.20M","0.60%"
"2009-11-03","106.46","103.74","106.70","103.72","33.61M","2.41%"
"2009-11-02","103.95","103.50","104.25","103.25","15.47M","1.38%"
"2009-10-30","102.53","102.33","102.66","101.48","15.25M","-0.16%"
"2009-10-29","102.69","101.72","102.76","101.50","15.33M","1.95%"
"2009-10-28","100.73","101.50","102.03","100.65","19.35M","-1.10%"
"2009-10-27","101.85","101.89","102.06","101.22","18.42M","-0.01%"
"2009-10-26","101.86","103.41","103.97","101.74","21.53M","-1.58%"
"2009-10-23","103.49","104.50","104.58","102.96","11.42M","-0.41%"
"2009-10-22","103.92","103.46","104.09","103.10","11.58M","0.16%"
"2009-10-21","103.75","103.38","104.46","103.24","16.01M","0.32%"
"2009-10-20","103.42","104.34","104.35","102.79","18.25M","-0.78%"
"2009-10-19","104.23","103.16","104.26","102.75","13.94M","1.02%"
"2009-10-16","103.18","102.70","103.68","102.53","14.32M","0.31%"
"2009-10-15","102.86","103.27","103.95","102.60","15.79M","-1.27%"
"2009-10-14","104.18","104.29","104.70","103.76","17.87M","-0.08%"
"2009-10-13","104.26","103.70","104.50","103.46","17.36M","0.68%"
"2009-10-12","103.56","103.39","103.92","103.22","9.18M","0.70%"
"2009-10-09","102.84","103.06","103.25","102.37","15.18M","-0.77%"
"2009-10-08","103.64","102.62","104.15","102.30","24.25M","1.25%"
"2009-10-07","102.36","102.29","102.52","101.83","16.19M","0.08%"
"2009-10-06","102.28","101.33","102.42","100.54","33.54M","2.46%"
"2009-10-05","99.82","98.48","99.84","98.36","11.71M","1.47%"
"2009-10-02","98.37","97.84","98.86","97.74","10.48M","0.49%"
"2009-10-01","97.89","98.84","98.86","97.88","11.05M","-0.97%"
"2009-09-30","98.85","98.31","99.06","97.56","18.67M","1.46%"
"2009-09-29","97.43","97.19","97.73","96.95","9.26M","0.39%"
"2009-09-28","97.05","97.21","97.81","97.00","7.79M","0.05%"
"2009-09-25","97.00","97.07","97.50","96.77","10.73M","-0.56%"
"2009-09-24","97.55","99.36","99.44","97.14","23.35M","-1.30%"
"2009-09-23","98.83","99.16","99.89","98.68","14.74M","-0.84%"
"2009-09-22","99.67","99.84","99.84","99.37","10.89M","1.33%"
"2009-09-21","98.36","97.95","98.62","97.73","11.12M","-0.31%"
"2009-09-18","98.67","99.73","99.87","98.67","13.94M","-0.67%"
"2009-09-17","99.34","99.66","100.08","99.04","12.49M","-0.57%"
"2009-09-16","99.91","100.01","100.02","99.50","16.59M","1.02%"
"2009-09-15","98.90","97.75","99.10","97.56","16.25M","0.96%"
"2009-09-14","97.96","98.16","98.43","97.73","9.64M","-0.83%"
"2009-09-11","98.78","98.96","99.33","98.27","19.50M","1.11%"
"2009-09-10","97.70","97.03","98.03","96.88","12.26M","0.64%"
"2009-09-09","97.08","97.98","98.36","96.85","20.44M","-0.36%"
"2009-09-08","97.43","98.57","98.64","97.39","22.99M","-0.10%"
"2009-09-04","97.53","97.14","97.83","96.00","14.91M","0.07%"
"2009-09-03","97.46","96.52","97.94","96.20","26.44M","1.32%"
"2009-09-02","96.19","94.70","96.26","94.57","27.67M","2.44%"
"2009-09-01","93.90","93.41","93.96","93.06","8.00M","0.54%"
"2009-08-31","93.40","93.14","93.50","92.92","4.96M","-0.50%"
"2009-08-28","93.87","94.07","94.15","93.63","6.76M","0.73%"
"2009-08-27","93.19","92.80","93.31","92.38","6.88M","0.43%"
"2009-08-26","92.79","92.67","92.85","92.21","5.23M","0.03%"
"2009-08-25","92.76","93.40","93.46","92.49","8.28M","0.45%"
"2009-08-24","92.34","93.64","93.70","91.64","8.55M","-1.40%"
"2009-08-21","93.65","93.63","93.80","93.40","7.29M","1.50%"
"2009-08-20","92.27","92.31","92.55","92.12","3.97M","-0.28%"
"2009-08-19","92.53","91.68","92.78","91.66","7.12M","0.51%"
"2009-08-18","92.06","91.81","92.20","91.76","4.36M","0.49%"
"2009-08-17","91.61","91.49","91.86","91.28","6.83M","-1.49%"
"2009-08-14","93.00","93.84","93.91","92.40","6.19M","-0.77%"
"2009-08-13","93.72","93.85","94.05","93.45","6.76M","0.83%"
"2009-08-12","92.95","92.60","93.49","92.47","7.91M","0.17%"
"2009-08-11","92.79","92.68","92.97","92.41","5.03M","-0.15%"
"2009-08-10","92.93","92.91","93.14","92.60","6.42M","-0.87%"
"2009-08-07","93.75","94.32","94.64","93.60","8.04M","-0.90%"
"2009-08-06","94.60","95.01","95.19","93.76","13.66M","-0.19%"
"2009-08-05","94.78","94.88","95.05","94.01","8.99M","0.11%"
"2009-08-04","94.68","94.18","95.25","93.99","11.55M","0.86%"
"2009-08-03","93.87","94.14","94.49","93.65","10.02M","0.56%"
"2009-07-31","93.35","91.86","94.03","91.83","14.39M","1.89%"
"2009-07-30","91.62","91.55","92.00","91.44","6.25M","0.46%"
"2009-07-29","91.20","91.67","91.75","90.81","9.68M","-0.99%"
"2009-07-28","92.11","92.74","92.82","91.65","10.89M","-1.71%"
"2009-07-27","93.71","93.90","93.95","93.36","5.17M","0.32%"
"2009-07-24","93.41","93.48","93.71","93.33","4.73M","0.16%"
"2009-07-23","93.26","93.20","94.00","93.11","9.76M","-0.19%"
"2009-07-22","93.44","92.82","93.82","92.73","10.24M","0.33%"
"2009-07-21","93.13","93.52","93.53","92.69","9.35M","-0.16%"
"2009-07-20","93.28","93.61","93.80","92.91","13.18M","1.47%"
"2009-07-17","91.93","92.15","92.30","91.84","8.75M","-0.05%"
"2009-07-16","91.98","92.00","92.12","91.55","4.61M","-0.28%"
"2009-07-15","92.24","92.17","92.52","92.03","9.86M","1.57%"
"2009-07-14","90.81","90.86","91.11","90.59","5.72M","0.69%"
"2009-07-13","90.19","89.45","90.69","89.10","8.81M","0.68%"
"2009-07-10","89.58","89.30","89.77","89.16","5.04M","0.08%"
"2009-07-09","89.51","89.63","90.26","89.33","13.69M","0.27%"
"2009-07-08","89.27","90.11","97.80","88.82","21.96M","-1.59%"
"2009-07-07","90.71","90.89","91.38","90.50","7.69M","-0.06%"
"2009-07-06","90.76","90.48","90.93","90.36","6.29M","-0.54%"
"2009-07-02","91.25","91.47","91.58","91.08","7.37M","-1.23%"
"2009-07-01","92.39","92.31","93.00","92.00","10.74M","1.33%"
"2009-06-30","91.18","91.85","91.96","90.53","24.19M","-0.93%"
"2009-06-29","92.04","92.32","92.40","91.71","6.53M","-0.27%"
"2009-06-26","92.29","92.81","92.93","91.93","10.42M","-0.02%"
"2009-06-25","92.31","92.12","92.33","91.72","11.45M","0.94%"
"2009-06-24","91.45","92.09","92.33","91.04","12.12M","0.58%"
"2009-06-23","90.92","90.66","91.03","89.95","11.97M","0.42%"
"2009-06-22","90.54","90.41","90.64","90.13","12.96M","-1.48%"
"2009-06-19","91.90","91.81","92.23","91.58","11.81M","0.32%"
"2009-06-18","91.61","92.24","92.50","91.30","16.24M","-0.80%"
"2009-06-17","92.35","91.61","92.39","90.15","12.13M","0.46%"
"2009-06-16","91.93","91.87","92.12","91.35","9.84M","0.91%"
"2009-06-15","91.10","91.90","91.90","90.90","13.12M","-1.16%"
"2009-06-12","92.17","92.41","92.76","92.00","13.81M","-1.63%"
"2009-06-11","93.70","93.13","94.53","93.00","14.78M","-0.17%"
"2009-06-10","93.86","94.50","94.53","92.90","14.45M","0.03%"
"2009-06-09","93.83","94.27","94.39","93.44","9.48M","0.29%"
"2009-06-08","93.56","93.26","93.70","92.58","11.56M","-0.16%"
"2009-06-05","93.71","94.24","94.79","93.57","18.60M","-2.62%"
"2009-06-04","96.23","95.24","96.49","95.20","13.64M","1.93%"
"2009-06-03","94.41","95.90","96.21","94.31","18.21M","-2.02%"
"2009-06-02","96.36","96.19","96.97","96.10","14.54M","0.66%"
"2009-06-01","95.73","96.47","96.76","95.63","17.92M","-0.49%"
"2009-05-29","96.20","95.70","96.35","95.58","18.14M","2.08%"
"2009-05-28","94.24","94.14","94.83","93.80","14.97M","0.85%"
"2009-05-27","93.45","93.73","94.28","93.10","13.71M","-0.33%"
"2009-05-26","93.76","92.95","93.84","92.85","12.36M","-0.41%"
"2009-05-22","94.15","94.25","94.42","93.80","15.41M","0.32%"
"2009-05-21","93.85","92.35","93.86","91.93","21.83M","1.73%"
"2009-05-20","92.25","91.54","92.44","91.52","18.30M","1.42%"
"2009-05-19","90.96","90.64","91.35","90.57","9.63M","0.66%"
"2009-05-18","90.36","91.53","91.57","90.14","17.35M","-1.30%"
"2009-05-15","91.55","91.15","91.81","91.10","11.71M","0.57%"
"2009-05-14","91.03","90.90","91.26","90.70","8.03M","-0.07%"
"2009-05-13","91.09","90.44","91.50","90.31","17.45M","0.43%"
"2009-05-12","90.70","90.40","90.84","89.95","15.76M","1.13%"
"2009-05-11","89.69","89.64","90.01","89.50","12.21M","-0.32%"
"2009-05-08","89.98","89.71","90.09","88.91","10.94M","0.60%"
"2009-05-07","89.44","90.13","90.30","89.24","14.81M","-0.11%"
"2009-05-06","89.54","89.46","89.69","88.84","11.34M","1.46%"
"2009-05-05","88.25","89.71","89.73","87.88","9.96M","-0.44%"
"2009-05-04","88.64","87.55","89.18","87.55","10.82M","1.94%"
"2009-05-01","86.95","86.75","87.49","86.69","6.12M","-0.37%"
"2009-04-30","87.27","86.83","87.78","86.54","9.72M","-1.20%"
"2009-04-29","88.33","88.31","88.78","87.67","8.10M","0.66%"
"2009-04-28","87.75","87.33","87.95","87.11","8.57M","-1.42%"
"2009-04-27","89.01","89.33","89.79","88.94","7.16M","-0.79%"
"2009-04-24","89.72","89.10","89.84","88.83","11.43M","1.04%"
"2009-04-23","88.80","87.71","89.37","87.62","16.62M","1.63%"
"2009-04-22","87.38","87.03","87.82","86.80","10.09M","0.56%"
"2009-04-21","86.89","87.85","87.88","86.33","10.66M","-0.07%"
"2009-04-20","86.95","86.03","87.34","86.00","12.67M","2.03%"
"2009-04-17","85.22","85.75","86.37","84.92","22.33M","-0.69%"
"2009-04-16","85.81","87.38","87.45","85.68","21.03M","-1.93%"
"2009-04-15","87.50","87.42","87.94","87.23","6.86M","0.15%"
"2009-04-14","87.37","87.78","87.81","87.04","7.17M","-0.58%"
"2009-04-13","87.88","88.03","88.45","87.60","7.28M","1.82%"
"2009-04-09","86.31","86.33","86.88","86.10","9.61M","-0.35%"
"2009-04-08","86.61","87.18","87.52","86.26","12.23M","-0.15%"
"2009-04-07","86.74","86.27","88.26","86.17","11.01M","1.72%"
"2009-04-06","85.27","86.40","86.44","84.97","22.91M","-2.65%"
"2009-04-03","87.59","88.96","89.44","87.52","16.35M","-1.36%"
"2009-04-02","88.80","88.75","89.36","87.92","24.83M","-2.45%"
"2009-04-01","91.03","91.34","91.38","90.21","12.30M","0.83%"
"2009-03-31","90.28","90.38","90.85","89.58","14.40M","0.33%"
"2009-03-30","89.98","89.97","91.81","89.75","16.43M","-0.78%"
"2009-03-27","90.69","90.83","91.26","90.41","11.62M","-1.35%"
"2009-03-26","91.93","92.72","92.72","91.84","12.37M","-0.05%"
"2009-03-25","91.98","90.87","92.63","90.34","24.80M","1.08%"
"2009-03-24","91.00","90.76","91.66","90.25","16.98M","-1.17%"
"2009-03-23","92.08","93.44","93.91","91.95","17.66M","-1.61%"
"2009-03-20","93.59","93.48","94.37","93.13","18.08M","-0.81%"
"2009-03-19","94.35","93.41","94.77","92.91","35.04M","1.35%"
"2009-03-18","93.09","88.75","93.39","86.83","59.51M","3.39%"
"2009-03-17","90.04","90.26","90.59","89.75","10.05M","-0.84%"
"2009-03-16","90.80","90.29","90.96","90.03","11.79M","-0.55%"
"2009-03-13","91.30","91.87","91.89","90.50","11.69M","0.22%"
"2009-03-12","91.10","90.37","91.57","90.14","20.14M","2.11%"
"2009-03-11","89.22","88.49","89.83","87.78","16.69M","1.23%"
"2009-03-10","88.14","89.54","89.61","87.47","25.93M","-2.68%"
"2009-03-09","90.57","92.29","92.33","89.57","18.31M","-1.86%"
"2009-03-06","92.29","91.81","92.95","91.20","22.40M","0.33%"
"2009-03-05","91.99","89.92","92.17","89.23","24.00M","3.37%"
"2009-03-04","88.99","90.25","90.35","88.45","19.88M","-1.17%"
"2009-03-03","90.04","90.85","91.04","88.94","28.08M","-0.98%"
"2009-03-02","90.93","93.40","93.61","90.62","24.27M","-1.84%"
"2009-02-27","92.63","94.31","94.53","91.03","30.59M","-0.46%"
"2009-02-26","93.06","92.71","93.14","91.57","28.79M","-0.10%"
"2009-02-25","93.15","94.73","96.41","92.81","26.14M","-1.67%"
"2009-02-24","94.73","97.59","97.59","94.27","37.46M","-3.07%"
"2009-02-23","97.73","96.59","98.22","95.89","24.54M","-0.07%"
"2009-02-20","97.80","98.00","98.99","97.14","43.86M","2.12%"
"2009-02-19","95.77","95.91","96.57","95.42","21.31M","-1.18%"
"2009-02-18","96.91","95.23","97.15","94.67","29.35M","1.53%"
"2009-02-17","95.45","95.23","95.85","94.89","27.09M","3.13%"
"2009-02-13","92.55","92.50","92.77","91.69","14.72M","-0.67%"
"2009-02-12","93.17","93.04","93.74","92.52","38.79M","0.95%"
"2009-02-11","92.29","90.93","93.25","90.80","55.64M","2.31%"
"2009-02-10","90.21","89.66","90.37","89.18","25.45M","2.14%"
"2009-02-09","88.32","88.35","88.65","87.60","21.27M","-1.42%"
"2009-02-06","89.59","89.15","90.14","89.15","12.55M","-0.59%"
"2009-02-05","90.12","90.75","90.82","89.30","17.20M","1.05%"
"2009-02-04","89.18","88.89","89.50","88.52","14.27M","0.80%"
"2009-02-03","88.47","89.34","89.73","86.00","17.58M","-0.42%"
"2009-02-02","88.84","89.88","92.58","88.62","17.00M","-2.71%"
"2009-01-30","91.31","90.70","91.49","89.65","21.28M","2.02%"
"2009-01-29","89.50","86.68","89.55","86.28","21.19M","2.38%"
"2009-01-28","87.42","88.27","88.38","86.84","18.46M","-1.09%"
"2009-01-27","88.38","88.40","88.84","88.01","11.88M","-0.64%"
"2009-01-26","88.95","89.22","90.19","88.68","19.14M","0.47%"
"2009-01-23","88.53","86.57","88.94","86.07","34.01M","4.67%"
"2009-01-22","84.58","84.03","84.97","83.83","18.57M","0.51%"
"2009-01-21","84.15","84.05","84.39","82.98","12.28M","-0.44%"
"2009-01-20","84.52","84.17","85.28","83.57","16.75M","2.19%"
"2009-01-16","82.71","82.20","83.00","81.74","16.47M","2.89%"
"2009-01-15","80.39","79.97","80.70","78.87","16.72M","0.75%"
"2009-01-14","79.79","80.57","81.09","79.36","15.61M","-1.35%"
"2009-01-13","80.88","80.94","81.82","80.62","10.02M","0.15%"
"2009-01-12","80.76","81.72","82.04","80.26","14.76M","-3.77%"
"2009-01-09","83.92","83.34","85.50","83.09","8.86M","-0.64%"
"2009-01-08","84.46","84.40","84.89","83.75","10.72M","2.07%"
"2009-01-07","82.75","84.56","84.58","82.21","13.37M","-2.80%"
"2009-01-06","85.13","83.37","85.70","83.00","12.88M","0.77%"
"2009-01-05","84.48","83.62","84.68","83.24","9.58M","-2.03%"
"2009-01-02","86.23","85.93","86.61","85.84","6.41M","-0.34%"
"2008-12-31","86.52","84.98","87.10","84.28","7.85M","0.72%"
"2008-12-30","85.90","85.94","86.15","85.28","7.12M","-0.52%"
"2008-12-29","86.35","86.50","87.00","85.95","9.09M","0.88%"
"2008-12-26","85.60","83.52","85.97","83.12","5.08M","2.56%"
"2008-12-24","83.46","82.47","83.57","82.47","2.07M","1.00%"
"2008-12-23","82.63","82.93","83.39","81.59","6.32M","-0.99%"
"2008-12-22","83.46","83.57","83.81","82.79","6.70M","1.00%"
"2008-12-19","82.63","82.65","82.87","82.01","9.14M","-1.48%"
"2008-12-18","83.87","84.85","85.12","83.46","17.26M","-1.83%"
"2008-12-17","85.43","85.26","86.91","84.80","22.16M","1.15%"
"2008-12-16","84.46","82.38","84.64","81.93","18.69M","2.25%"
"2008-12-15","82.60","81.33","83.03","81.23","15.01M","2.22%"
"2008-12-12","80.81","80.55","81.63","80.00","12.54M","0.20%"
"2008-12-11","80.65","81.58","81.94","80.49","14.00M","1.13%"
"2008-12-10","79.75","79.20","80.11","78.56","16.06M","4.48%"
"2008-12-09","76.33","75.56","76.85","75.30","9.62M","0.18%"
"2008-12-08","76.19","76.48","76.62","75.40","7.28M","2.24%"
"2008-12-05","74.52","74.30","74.81","72.91","13.39M","-1.30%"
"2008-12-04","75.50","75.59","77.63","75.07","11.83M","-0.89%"
"2008-12-03","76.18","76.00","77.14","75.14","10.69M","-1.00%"
"2008-12-02","76.95","76.90","77.32","76.26","6.95M","1.72%"
"2008-12-01","75.65","77.15","77.34","75.57","13.15M","-5.80%"
"2008-11-28","80.31","80.04","80.75","79.80","3.67M","-0.09%"
"2008-11-26","80.38","80.52","80.77","79.33","9.14M","-0.61%"
"2008-11-25","80.87","81.34","81.38","79.28","17.53M","-0.05%"
"2008-11-24","80.91","80.45","81.72","80.38","19.90M","2.61%"
"2008-11-21","78.85","76.00","79.00","75.45","30.47M","7.35%"
"2008-11-20","73.45","73.15","74.20","72.43","13.59M","1.65%"
"2008-11-19","72.26","73.42","75.19","72.00","13.97M","-0.34%"
"2008-11-18","72.51","72.38","73.46","72.13","8.15M","-0.19%"
"2008-11-17","72.65","72.43","73.80","72.15","7.71M","-0.89%"
"2008-11-14","73.30","73.39","74.26","72.76","12.81M","1.59%"
"2008-11-13","72.15","70.49","72.36","68.81","16.83M","3.07%"
"2008-11-12","70.00","71.45","71.89","69.77","10.04M","-2.85%"
"2008-11-11","72.05","72.56","72.66","71.55","8.36M","-2.08%"
"2008-11-10","73.58","74.80","74.92","72.96","6.10M","1.49%"
"2008-11-07","72.50","72.59","73.09","72.05","6.05M","0.39%"
"2008-11-06","72.22","74.36","74.98","71.67","10.70M","-0.80%"
"2008-11-05","72.80","74.32","75.18","72.38","10.32M","-3.55%"
"2008-11-04","75.48","73.15","75.69","72.85","11.44M","6.16%"
"2008-11-03","71.10","71.55","72.17","71.06","6.81M","-0.34%"
"2008-10-31","71.34","72.62","72.87","70.60","9.52M","-1.88%"
"2008-10-30","72.71","74.89","75.25","72.13","10.90M","-1.74%"
"2008-10-29","74.00","75.05","76.36","73.61","16.12M","0.28%"
"2008-10-28","73.79","73.03","73.80","71.70","8.47M","2.23%"
"2008-10-27","72.18","71.13","73.61","70.72","12.16M","-0.04%"
"2008-10-24","72.21","69.30","73.93","69.07","22.47M","2.21%"
"2008-10-23","70.65","69.64","72.19","69.50","16.66M","-1.48%"
"2008-10-22","71.71","74.44","74.45","66.00","23.29M","-5.68%"
"2008-10-21","76.03","75.90","76.94","74.89","10.86M","-3.15%"
"2008-10-20","78.50","77.77","78.56","77.27","9.33M","1.67%"
"2008-10-17","77.21","77.12","80.78","75.00","15.34M","-2.62%"
"2008-10-16","79.29","82.40","82.50","77.22","30.65M","-4.83%"
"2008-10-15","83.31","82.20","84.39","82.08","16.91M","1.35%"
"2008-10-14","82.20","82.40","83.31","81.61","12.39M","0.26%"
"2008-10-13","81.99","83.61","83.90","80.92","17.03M","-1.48%"
"2008-10-10","83.22","89.59","90.72","81.38","45.07M","-7.43%"
"2008-10-09","89.90","87.29","90.58","86.54","20.01M","0.54%"
"2008-10-08","89.42","90.69","90.84","88.05","31.21M","2.46%"
"2008-10-07","87.27","87.18","87.70","85.53","20.29M","3.55%"
"2008-10-06","84.28","85.84","86.45","84.25","21.68M","2.05%"
"2008-10-03","82.59","81.23","83.44","81.05","24.06M","0.32%"
"2008-10-02","82.33","84.56","84.66","81.62","22.65M","-4.23%"
"2008-10-01","85.97","86.23","88.05","85.18","16.79M","1.06%"
"2008-09-30","85.07","87.31","87.36","84.21","20.44M","-5.02%"
"2008-09-29","89.57","87.06","92.00","86.97","40.57M","3.38%"
"2008-09-26","86.64","87.03","90.17","86.59","21.99M","0.22%"
"2008-09-25","86.45","87.12","87.80","85.01","20.69M","-0.30%"
"2008-09-24","86.71","88.68","88.76","86.70","17.25M","-1.82%"
"2008-09-23","88.32","88.87","89.10","86.72","22.36M","-0.96%"
"2008-09-22","89.18","86.85","89.54","86.81","35.32M","3.72%"
"2008-09-19","85.98","85.58","86.44","84.00","25.54M","3.84%"
"2008-09-18","82.80","85.49","90.78","81.90","60.59M","-3.11%"
"2008-09-17","85.46","77.11","85.60","77.09","65.77M","11.29%"
"2008-09-16","76.79","76.69","77.29","76.30","17.19M","-0.99%"
"2008-09-15","77.56","76.64","77.73","76.00","17.00M","2.66%"
"2008-09-12","75.55","74.26","75.58","73.48","17.60M","3.38%"
"2008-09-11","73.08","73.61","73.93","72.51","23.78M","-1.54%"
"2008-09-10","74.22","76.88","76.93","74.10","29.37M","-2.97%"
"2008-09-09","76.49","77.39","77.82","76.24","20.20M","-3.01%"
"2008-09-08","78.86","80.10","80.35","78.47","10.02M","-0.15%"
"2008-09-05","78.98","80.08","80.27","78.17","10.74M","0.75%"
"2008-09-04","78.39","79.70","79.78","78.14","10.88M","-0.63%"
"2008-09-03","78.89","79.19","79.69","78.34","10.71M","-0.39%"
"2008-09-02","79.20","78.16","79.79","77.98","12.68M","-3.07%"
"2008-08-29","81.71","82.31","82.47","81.58","5.13M","-0.57%"
"2008-08-28","82.18","83.06","83.13","81.27","9.35M","1.01%"
"2008-08-27","81.36","81.89","82.05","81.00","7.10M","0.16%"
"2008-08-26","81.23","80.61","81.85","80.60","8.58M","0.37%"
"2008-08-25","80.93","81.10","81.34","80.56","6.52M","-0.19%"
"2008-08-22","81.08","81.49","81.96","80.94","7.85M","-1.48%"
"2008-08-21","82.30","82.01","84.54","81.75","17.03M","2.80%"
"2008-08-20","80.06","80.15","80.66","78.81","14.72M","-0.46%"
"2008-08-19","80.43","77.92","80.52","77.70","16.76M","2.07%"
"2008-08-18","78.80","78.53","79.17","77.81","14.07M","1.51%"
"2008-08-15","77.63","78.00","78.32","76.61","29.76M","-2.17%"
"2008-08-14","79.35","80.71","81.10","79.28","15.54M","-2.71%"
"2008-08-13","81.56","80.59","81.85","80.39","17.02M","1.29%"
"2008-08-12","80.52","80.74","81.01","79.55","20.13M","-0.75%"
"2008-08-11","81.13","84.46","84.49","80.60","23.57M","-3.91%"
"2008-08-08","84.43","84.35","84.68","83.83","13.51M","-1.93%"
"2008-08-07","86.09","86.64","86.78","85.51","9.96M","-0.63%"
"2008-08-06","86.64","86.80","87.00","86.01","12.40M","0.65%"
"2008-08-05","86.08","87.28","87.41","85.94","20.19M","-2.34%"
"2008-08-04","88.14","89.08","89.68","88.04","14.98M","-1.60%"
"2008-08-01","89.57","89.50","90.45","89.37","10.89M","-0.57%"
"2008-07-31","90.08","91.05","91.14","89.87","10.98M","0.63%"
"2008-07-30","89.52","88.86","89.72","88.08","17.38M","-1.18%"
"2008-07-29","90.59","91.23","91.27","90.09","12.99M","-1.24%"
"2008-07-28","91.73","91.39","92.00","90.94","8.81M","0.04%"
"2008-07-25","91.69","91.03","91.73","90.53","7.60M","0.39%"
"2008-07-24","91.33","91.08","91.62","90.25","13.07M","0.84%"
"2008-07-23","90.57","92.64","92.79","90.44","25.79M","-2.68%"
"2008-07-22","93.06","95.73","95.86","92.94","17.55M","-2.17%"
"2008-07-21","95.12","94.75","95.15","94.45","7.33M","1.01%"
"2008-07-18","94.17","94.22","94.93","94.02","8.59M","-0.05%"
"2008-07-17","94.22","94.70","96.51","94.07","25.19M","-0.23%"
"2008-07-16","94.44","96.27","96.50","94.34","19.90M","-1.80%"
"2008-07-15","96.17","96.55","97.50","95.43","30.35M","0.27%"
"2008-07-14","95.91","95.09","96.20","94.92","21.25M","0.79%"
"2008-07-11","95.16","95.03","95.50","94.26","26.00M","1.74%"
"2008-07-10","93.53","92.40","93.60","92.35","16.83M","2.22%"
"2008-07-09","91.50","90.88","91.64","90.86","11.37M","0.70%"
"2008-07-08","90.86","90.55","91.15","89.93","11.22M","-0.41%"
"2008-07-07","91.23","90.57","91.65","90.16","12.30M","-0.90%"
"2008-07-03","92.06","92.17","92.68","91.68","9.61M","-1.19%"
"2008-07-02","93.17","92.28","93.33","92.13","11.48M","0.55%"
"2008-07-01","92.66","92.53","93.35","92.34","15.48M","1.38%"
"2008-06-30","91.40","91.89","91.90","90.53","7.29M","-0.08%"
"2008-06-27","91.47","90.98","91.82","90.65","14.49M","0.95%"
"2008-06-26","90.61","89.50","90.86","89.50","18.41M","3.65%"
"2008-06-25","87.42","87.43","87.58","86.13","10.90M","-0.06%"
"2008-06-24","87.47","87.30","88.24","87.24","7.40M","0.44%"
"2008-06-23","87.09","87.01","87.40","86.74","12.78M","-2.09%"
"2008-06-20","88.95","88.82","89.61","88.77","10.06M","0.60%"
"2008-06-19","88.42","89.37","89.50","88.39","10.53M","0.16%"
"2008-06-18","88.28","87.66","88.41","87.13","7.82M","1.18%"
"2008-06-17","87.25","86.72","87.52","86.70","5.29M","0.28%"
"2008-06-16","87.01","88.20","88.20","86.97","7.00M","1.37%"
"2008-06-13","85.83","85.33","86.02","85.04","8.43M","0.27%"
"2008-06-12","85.60","85.19","86.07","84.83","9.83M","-1.63%"
"2008-06-11","87.02","86.57","87.10","86.35","10.16M","1.72%"
"2008-06-10","85.55","86.28","86.76","85.11","13.91M","-2.77%"
"2008-06-09","87.99","88.54","89.24","87.84","9.17M","-1.20%"
"2008-06-06","89.06","87.79","89.06","87.69","17.43M","3.02%"
"2008-06-05","86.45","85.97","86.81","85.66","14.13M","-0.23%"
"2008-06-04","86.65","87.09","87.42","86.56","7.16M","-0.26%"
"2008-06-03","86.88","86.65","87.35","86.52","8.40M","-1.23%"
"2008-06-02","87.96","87.47","88.55","87.44","5.28M","0.58%"
"2008-05-30","87.45","87.34","87.69","86.96","4.94M","1.09%"
"2008-05-29","86.51","86.94","87.60","86.10","12.70M","-2.95%"
"2008-05-28","89.14","88.49","89.19","88.35","8.10M","-0.25%"
"2008-05-27","89.36","89.84","89.87","89.16","7.61M","-2.05%"
"2008-05-23","91.23","91.33","92.00","90.96","6.06M","0.27%"
"2008-05-22","90.98","91.20","91.63","90.50","8.87M","-1.07%"
"2008-05-21","91.96","90.61","92.11","90.61","11.35M","1.17%"
"2008-05-20","90.90","89.61","91.17","89.56","10.69M","1.69%"
"2008-05-19","89.39","89.57","89.70","88.87","5.93M","0.33%"
"2008-05-16","89.10","88.52","89.30","88.02","12.08M","2.41%"
"2008-05-15","87.00","87.13","87.60","86.23","9.44M","2.11%"
"2008-05-14","85.20","85.73","85.81","85.10","8.65M","-0.22%"
"2008-05-13","85.39","85.12","86.14","84.92","7.37M","-1.84%"
"2008-05-12","86.99","86.92","87.64","86.79","5.01M","-0.49%"
"2008-05-09","87.42","87.37","87.59","85.84","9.93M","0.21%"
"2008-05-08","87.24","86.76","87.40","86.42","8.63M","1.65%"
"2008-05-07","85.82","85.47","86.10","85.20","7.22M","-0.94%"
"2008-05-06","86.63","86.33","87.15","86.33","10.77M","0.42%"
"2008-05-05","86.27","85.68","86.29","85.29","7.39M","2.00%"
"2008-05-02","84.58","83.96","84.79","83.96","8.75M","0.70%"
"2008-05-01","83.99","84.51","84.56","83.57","17.67M","-3.07%"
"2008-04-30","86.65","86.10","86.79","85.11","17.70M","0.98%"
"2008-04-29","85.81","86.73","86.90","85.54","14.69M","-2.14%"
"2008-04-28","87.69","87.88","88.40","87.67","8.08M","0.48%"
"2008-04-25","87.27","88.33","88.42","87.19","11.18M","0.06%"
"2008-04-24","87.22","88.26","89.91","87.10","22.85M","-2.24%"
"2008-04-23","89.22","89.00","89.55","88.44","18.17M","-1.16%"
"2008-04-22","90.27","90.42","91.35","90.12","14.05M","0.02%"
"2008-04-21","90.25","90.79","90.87","89.89","11.93M","-0.41%"
"2008-04-18","90.62","89.72","90.70","88.96","11.39M","-2.10%"
"2008-04-17","92.56","93.31","93.51","92.48","6.88M","-0.76%"
"2008-04-16","93.27","93.19","93.71","93.01","8.47M","1.76%"
"2008-04-15","91.66","91.73","91.91","91.38","6.64M","0.60%"
"2008-04-14","91.11","91.32","91.98","91.06","4.71M","-0.21%"
"2008-04-11","91.30","91.41","91.83","90.55","6.55M","-0.51%"
"2008-04-10","91.77","92.32","92.56","90.97","7.76M","-0.56%"
"2008-04-09","92.29","90.30","92.37","90.24","10.58M","2.15%"
"2008-04-08","90.35","90.04","90.49","89.72","5.77M","-0.90%"
"2008-04-07","91.17","90.73","91.75","90.60","8.20M","1.02%"
"2008-04-04","90.25","89.48","90.34","89.31","7.23M","0.93%"
"2008-04-03","89.42","88.59","89.75","87.64","9.33M","0.17%"
"2008-04-02","89.27","87.28","89.76","87.22","13.55M","2.77%"
"2008-04-01","86.86","87.86","88.31","86.05","23.68M","-3.93%"
"2008-03-31","90.41","92.56","92.65","89.96","11.17M","-1.60%"
"2008-03-28","91.88","91.96","92.45","91.11","8.79M","-1.69%"
"2008-03-27","93.46","93.51","94.09","92.95","7.57M","-0.36%"
"2008-03-26","93.80","93.11","94.00","93.06","12.39M","1.15%"
"2008-03-25","92.73","91.91","92.79","91.28","15.85M","2.92%"
"2008-03-24","90.10","90.65","91.51","89.78","14.33M","0.21%"
"2008-03-20","89.91","90.73","91.65","89.80","28.83M","-3.36%"
"2008-03-19","93.04","95.65","96.00","92.50","37.59M","-3.59%"
"2008-03-18","96.50","99.35","99.51","96.35","20.97M","-2.69%"
"2008-03-17","99.17","99.32","100.44","98.00","26.52M","0.47%"
"2008-03-14","98.71","98.03","99.53","98.01","17.57M","0.38%"
"2008-03-13","98.34","98.50","98.73","97.73","14.68M","1.37%"
"2008-03-12","97.01","96.58","97.38","96.24","8.18M","1.06%"
"2008-03-11","95.99","96.52","96.98","95.19","14.35M","0.13%"
"2008-03-10","95.87","95.00","96.34","94.88","10.87M","-0.23%"
"2008-03-07","96.09","96.60","96.68","95.72","10.07M","-0.42%"
"2008-03-06","96.50","96.98","97.29","95.26","18.55M","-1.25%"
"2008-03-05","97.72","96.10","98.15","95.93","15.36M","2.67%"
"2008-03-04","95.18","97.28","97.45","94.39","21.36M","-2.12%"
"2008-03-03","97.24","97.52","97.74","96.68","11.49M","1.10%"
"2008-02-29","96.18","95.82","96.24","95.22","9.35M","0.20%"
"2008-02-28","95.99","94.92","96.08","94.47","11.21M","1.28%"
"2008-02-27","94.78","94.56","94.94","93.97","9.93M","1.14%"
"2008-02-26","93.71","92.43","93.97","92.18","8.45M","1.05%"
"2008-02-25","92.74","93.71","93.71","92.11","11.96M","-0.70%"
"2008-02-22","93.39","93.56","93.72","92.35","7.58M","0.15%"
"2008-02-21","93.25","93.44","94.22","93.02","12.96M","0.01%"
"2008-02-20","93.24","90.84","93.31","90.75","10.64M","1.81%"
"2008-02-19","91.58","91.23","91.94","90.98","8.37M","2.73%"
"2008-02-15","89.15","90.30","90.32","88.63","5.59M","-0.62%"
"2008-02-14","89.71","89.37","90.11","89.35","6.89M","0.30%"
"2008-02-13","89.44","88.88","89.99","88.67","10.04M","0.12%"
"2008-02-12","89.33","90.83","91.40","89.10","10.23M","-2.19%"
"2008-02-11","91.33","91.04","91.46","90.44","6.83M","0.36%"
"2008-02-08","91.00","90.00","91.00","89.99","9.13M","1.28%"
"2008-02-07","89.85","88.95","89.94","88.81","8.97M","1.01%"
"2008-02-06","88.95","89.00","89.65","88.75","8.79M","1.45%"
"2008-02-05","87.68","87.90","88.69","87.30","11.17M","-1.59%"
"2008-02-04","89.10","88.51","89.52","88.05","10.29M","-0.28%"
"2008-02-01","89.35","91.75","91.87","89.22","19.64M","-2.24%"
"2008-01-31","91.40","90.92","91.66","90.74","7.79M","-0.72%"
"2008-01-30","92.06","90.71","92.58","90.45","14.38M","1.00%"
"2008-01-29","91.15","91.36","91.72","90.81","9.10M","-0.65%"
"2008-01-28","91.75","90.96","91.89","90.75","8.54M","1.61%"
"2008-01-25","90.30","90.93","91.08","89.50","9.71M","0.24%"
"2008-01-24","90.08","89.72","90.25","89.13","10.63M","2.49%"
"2008-01-23","87.89","87.16","88.67","86.73","14.29M","-0.32%"
"2008-01-22","88.17","86.14","88.44","85.77","20.68M","0.86%"
"2008-01-18","87.42","87.17","87.46","86.51","9.09M","1.06%"
"2008-01-17","86.50","87.50","87.98","86.47","13.60M","-0.23%"
"2008-01-16","86.70","88.17","88.66","86.32","26.92M","-1.47%"
"2008-01-15","87.99","89.60","90.35","87.91","23.86M","-1.73%"
"2008-01-14","89.54","89.45","89.94","89.00","10.09M","1.08%"
"2008-01-11","88.58","88.04","88.76","87.85","6.98M","0.37%"
"2008-01-10","88.25","86.42","88.46","86.41","12.92M","1.96%"
"2008-01-09","86.55","86.56","87.20","86.30","10.09M","-0.27%"
"2008-01-08","86.78","86.28","87.13","86.16","9.57M","2.37%"
"2008-01-07","84.77","85.24","85.26","84.57","6.95M","-0.42%"
"2008-01-04","85.13","85.34","85.55","84.43","8.40M","-0.51%"
"2008-01-03","85.57","84.87","85.94","84.60","9.55M","0.84%"
"2008-01-02","84.86","83.56","85.14","83.44","12.29M","2.91%"
"2007-12-31","82.46","82.74","82.83","81.98","3.82M","-0.65%"
"2007-12-28","83.00","82.38","83.02","82.35","5.13M","1.77%"
"2007-12-27","81.56","81.88","82.17","81.37","5.05M","0.05%"
"2007-12-26","81.52","81.06","81.67","81.00","5.90M","1.72%"
"2007-12-24","80.14","80.21","80.63","80.14","2.86M","0.05%"
"2007-12-21","80.10","80.16","80.32","79.92","4.60M","1.82%"
"2007-12-20","78.67","78.91","79.11","78.36","6.35M","-0.72%"
"2007-12-19","79.24","79.23","79.57","78.98","5.64M","-0.01%"
"2007-12-18","79.25","79.59","79.59","78.82","6.76M","1.43%"
"2007-12-17","78.13","78.13","78.79","77.81","6.50M","-0.50%"
"2007-12-14","78.52","78.41","78.57","77.82","6.83M","0.03%"
"2007-12-13","78.50","79.59","79.62","78.30","9.56M","-2.47%"
"2007-12-12","80.49","80.05","80.92","79.94","9.70M","2.09%"
"2007-12-11","78.84","79.75","80.46","78.68","9.58M","-1.45%"
"2007-12-10","80.00","79.15","80.30","79.13","4.85M","1.78%"
"2007-12-07","78.60","79.01","79.60","78.19","8.33M","-0.97%"
"2007-12-06","79.37","77.92","79.65","77.80","6.84M","0.94%"
"2007-12-05","78.63","79.25","79.25","78.19","7.69M","-0.97%"
"2007-12-04","79.40","78.63","79.62","78.57","7.72M","1.43%"
"2007-12-03","78.28","77.39","78.30","77.30","6.27M","1.24%"
"2007-11-30","77.32","78.35","78.60","76.98","9.51M","-1.23%"
"2007-11-29","78.28","79.28","79.33","78.28","9.31M","-1.62%"
"2007-11-28","79.57","79.42","79.87","78.76","9.71M","-0.66%"
"2007-11-27","80.10","80.70","80.89","79.81","7.23M","-1.48%"
"2007-11-26","81.30","82.25","82.25","81.13","7.44M","0.06%"
"2007-11-23","81.25","80.04","81.61","80.02","5.26M","2.38%"
"2007-11-21","79.36","79.30","79.55","78.56","7.27M","-0.14%"
"2007-11-20","79.47","78.03","80.04","77.30","11.99M","2.89%"
"2007-11-19","77.24","77.84","78.00","76.11","6.10M","-0.66%"
"2007-11-16","77.75","78.34","78.85","77.17","8.08M","-0.26%"
"2007-11-15","77.95","79.18","79.50","77.30","10.92M","-2.90%"
"2007-11-14","80.28","80.21","80.68","79.91","5.70M","1.47%"
"2007-11-13","79.12","79.40","79.93","77.86","11.44M","1.05%"
"2007-11-12","78.30","80.41","80.44","78.25","17.31M","-4.72%"
"2007-11-09","82.18","81.79","82.63","81.22","6.95M","-0.06%"
"2007-11-08","82.23","82.43","83.63","81.73","17.36M","-0.01%"
"2007-11-07","82.24","83.21","83.24","81.33","16.52M","0.99%"
"2007-11-06","81.43","81.03","81.52","80.70","7.69M","2.11%"
"2007-11-05","79.75","79.68","80.24","79.11","5.03M","-0.10%"
"2007-11-02","79.83","78.55","79.90","77.48","9.91M","2.44%"
"2007-11-01","77.93","78.40","78.90","77.50","7.55M","-0.88%"
"2007-10-31","78.62","77.78","78.95","76.89","8.87M","1.64%"
"2007-10-30","77.35","77.66","77.66","77.01","5.61M","-0.99%"
"2007-10-29","78.12","78.27","78.32","77.65","6.88M","0.55%"
"2007-10-26","77.69","76.87","77.74","76.67","8.54M","2.18%"
"2007-10-25","76.03","75.94","76.62","75.06","6.49M","0.68%"
"2007-10-24","75.52","74.84","75.59","74.79","5.66M","0.39%"
"2007-10-23","75.23","75.11","75.26","74.63","3.10M","0.84%"
"2007-10-22","74.60","74.09","74.77","73.84","8.64M","-1.45%"
"2007-10-19","75.70","76.09","76.29","74.51","9.51M","-0.39%"
"2007-10-18","76.00","75.38","76.00","75.33","5.65M","2.01%"
"2007-10-17","74.50","75.31","75.66","74.31","9.36M","-0.83%"
"2007-10-16","75.12","74.87","75.45","73.78","6.62M","-0.03%"
"2007-10-15","75.14","74.99","75.20","74.49","6.71M","0.74%"
"2007-10-12","74.59","73.93","74.59","73.75","3.60M","0.92%"
"2007-10-11","73.91","73.98","74.59","73.28","10.29M","0.75%"
"2007-10-10","73.36","73.60","73.82","72.63","4.62M","0.37%"
"2007-10-09","73.09","72.29","73.30","71.98","7.42M","0.77%"
"2007-10-08","72.53","72.66","72.89","72.28","3.45M","-1.19%"
"2007-10-05","73.40","72.80","73.64","71.88","10.60M","0.73%"
"2007-10-04","72.87","71.80","73.06","71.24","9.18M","1.35%"
"2007-10-03","71.90","72.25","72.65","71.35","8.19M","-0.62%"
"2007-10-02","72.35","72.45","72.68","71.63","10.72M","-2.10%"
"2007-10-01","73.90","73.49","73.98","73.29","4.82M","0.53%"
"2007-09-28","73.51","73.19","73.80","72.74","8.84M","1.11%"
"2007-09-27","72.70","72.65","72.80","72.17","5.73M","0.97%"
"2007-09-26","72.00","72.25","72.93","71.85","9.42M","-0.46%"
"2007-09-25","72.33","71.82","72.59","71.64","5.50M","0.07%"
"2007-09-24","72.28","72.57","72.63","71.82","6.48M","-0.08%"
"2007-09-21","72.34","72.65","73.00","71.47","9.94M","-0.52%"
"2007-09-20","72.72","72.15","73.10","71.95","11.95M","1.81%"
"2007-09-19","71.43","71.74","71.80","71.25","10.94M","-0.38%"
"2007-09-18","71.70","71.20","72.00","70.40","14.26M","1.03%"
"2007-09-17","70.97","70.40","71.24","70.35","7.46M","1.40%"
"2007-09-14","69.99","69.90","70.97","69.86","7.73M","-0.13%"
"2007-09-13","70.08","70.07","70.26","69.61","4.61M","-0.54%"
"2007-09-12","70.46","70.50","70.63","69.83","8.04M","-0.09%"
"2007-09-11","70.52","69.86","70.70","69.52","11.18M","1.29%"
"2007-09-10","69.62","69.96","69.96","68.73","7.60M","0.33%"
"2007-09-07","69.39","69.26","70.00","69.00","14.96M","0.77%"
"2007-09-06","68.86","67.92","69.08","67.89","15.88M","1.92%"
"2007-09-05","67.56","67.35","67.62","67.18","6.27M","0.18%"
"2007-09-04","67.44","66.74","67.66","66.59","6.64M","1.38%"
"2007-08-31","66.52","66.61","66.77","66.46","4.09M","1.09%"
"2007-08-30","65.80","65.87","66.10","65.63","3.03M","-0.41%"
"2007-08-29","66.07","65.89","66.20","65.73","4.47M","0.73%"
"2007-08-28","65.59","65.95","66.10","65.48","3.47M","-0.59%"
"2007-08-27","65.98","66.01","66.05","65.86","1.87M","-0.20%"
"2007-08-24","66.11","65.42","66.21","65.31","3.65M","1.22%"
"2007-08-23","65.31","65.64","65.80","65.13","3.03M","-0.14%"
"2007-08-22","65.40","65.22","65.53","65.17","4.25M","0.51%"
"2007-08-21","65.07","65.18","65.30","64.73","4.48M","-0.08%"
"2007-08-20","65.12","65.06","65.40","64.78","4.48M","0.17%"
"2007-08-17","65.01","64.56","65.73","64.56","6.38M","0.51%"
"2007-08-16","64.68","65.49","65.81","63.47","18.37M","-2.19%"
"2007-08-15","66.13","65.78","66.43","65.57","5.89M","-0.24%"
"2007-08-14","66.29","66.25","66.50","65.95","4.75M","0.05%"
"2007-08-13","66.26","66.45","66.52","66.18","3.64M","-0.47%"
"2007-08-10","66.57","65.44","66.96","65.44","8.83M","1.70%"
"2007-08-09","65.46","65.95","65.95","65.24","9.41M","-1.96%"
"2007-08-08","66.77","66.73","67.54","66.18","4.25M","0.44%"
"2007-08-07","66.48","66.09","66.58","65.91","4.15M","-0.06%"
"2007-08-06","66.52","66.66","66.67","66.21","2.97M","-0.25%"
"2007-08-03","66.69","65.85","66.92","65.85","10.74M","1.21%"
"2007-08-02","65.89","65.96","66.01","65.55","5.33M","-0.06%"
"2007-08-01","65.93","65.50","66.06","65.38","6.36M","0.21%"
"2007-07-31","65.79","66.18","66.39","65.12","4.01M","0.03%"
"2007-07-30","65.77","65.37","65.92","65.07","3.05M","0.55%"
"2007-07-27","65.41","65.28","65.61","64.97","5.35M","-0.37%"
"2007-07-26","65.65","66.46","66.80","64.73","10.70M","-1.87%"
"2007-07-25","66.90","67.19","67.22","66.35","7.53M","-0.84%"
"2007-07-24","67.47","67.72","68.00","67.30","3.76M","0.00%"
"2007-07-23","67.47","67.80","67.80","67.31","3.89M","-0.16%"
"2007-07-20","67.58","67.13","68.00","67.12","5.41M","0.85%"
"2007-07-19","67.01","66.70","67.12","66.61","4.61M","0.59%"
"2007-07-18","66.62","66.11","66.80","65.90","5.24M","1.32%"
"2007-07-17","65.75","65.66","66.08","65.65","1.88M","-0.11%"
"2007-07-16","65.82","66.19","66.19","65.67","4.58M","-0.32%"
"2007-07-13","66.03","66.08","66.23","65.67","3.82M","0.02%"
"2007-07-12","66.02","65.89","66.29","65.45","5.87M","0.89%"
"2007-07-11","65.44","65.82","65.82","65.34","3.65M","-0.26%"
"2007-07-10","65.61","65.70","65.86","65.36","4.02M","0.35%"
"2007-07-09","65.38","65.00","65.68","64.99","5.28M","0.65%"
"2007-07-06","64.96","64.18","64.97","63.88","8.08M","0.84%"
"2007-07-05","64.42","64.99","65.00","63.92","4.33M","-0.49%"
"2007-07-03","64.74","65.06","65.06","64.58","1.84M","-0.43%"
"2007-07-02","65.02","64.51","65.23","64.51","2.71M","1.17%"
"2007-06-29","64.27","64.29","64.64","64.15","2.76M","0.02%"
"2007-06-28","64.26","63.98","64.38","63.91","4.23M","0.93%"
"2007-06-27","63.67","63.54","63.89","63.43","4.69M","0.08%"
"2007-06-26","63.62","64.20","64.25","63.39","8.28M","-1.26%"
"2007-06-25","64.43","64.48","64.74","64.22","3.42M","-0.54%"
"2007-06-22","64.78","64.90","64.98","64.43","1.89M","0.34%"
"2007-06-21","64.56","64.73","65.02","64.13","2.71M","-0.23%"
"2007-06-20","64.71","65.42","65.51","64.60","2.59M","-1.18%"
"2007-06-19","65.48","64.79","65.56","64.75","2.70M","0.82%"
"2007-06-18","64.95","65.19","65.25","64.82","1.79M","0.15%"
"2007-06-15","64.85","64.43","64.94","64.40","3.03M","0.39%"
"2007-06-14","64.60","64.16","64.80","63.95","2.77M","0.11%"
"2007-06-13","64.53","63.95","64.65","63.90","2.80M","0.67%"
"2007-06-12","64.10","64.52","64.53","63.91","4.07M","-0.93%"
"2007-06-11","64.70","64.34","64.87","64.34","4.61M","0.75%"
"2007-06-08","64.22","64.88","65.02","63.74","7.31M","-1.59%"
"2007-06-07","65.26","66.27","66.40","65.16","6.39M","-1.73%"
"2007-06-06","66.41","66.11","66.55","65.88","3.60M","0.06%"
"2007-06-05","66.37","66.70","66.70","66.23","3.73M","-0.26%"
"2007-06-04","66.54","66.61","66.76","66.30","2.63M","0.15%"
"2007-06-01","66.44","65.70","66.54","65.70","5.63M","1.37%"
"2007-05-31","65.54","65.16","65.58","65.07","7.53M","1.27%"
"2007-05-30","64.72","64.86","64.86","64.60","2.75M","-0.54%"
"2007-05-29","65.07","65.12","65.57","64.94","3.34M","0.20%"
"2007-05-25","64.94","64.96","65.08","64.73","4.23M","0.29%"
"2007-05-24","64.75","65.46","65.46","64.52","6.23M","-1.21%"
"2007-05-23","65.54","65.52","65.89","65.45","6.44M","0.52%"
"2007-05-22","65.20","65.70","65.82","65.16","5.89M","-0.72%"
"2007-05-21","65.67","65.29","65.76","65.06","10.96M","0.23%"
"2007-05-18","65.52","65.07","65.67","64.85","3.16M","0.71%"
"2007-05-17","65.06","65.44","65.60","64.72","8.71M","-0.82%"
"2007-05-16","65.60","66.37","66.37","65.32","7.27M","-1.41%"
"2007-05-15","66.54","65.89","66.73","65.88","2.57M","0.39%"
"2007-05-14","66.28","66.63","66.65","66.00","3.60M","-0.26%"
"2007-05-11","66.45","66.13","66.66","66.13","2.94M","0.68%"
"2007-05-10","66.00","67.04","67.11","65.80","5.54M","-2.15%"
"2007-05-09","67.45","67.81","67.84","66.92","4.65M","-0.63%"
"2007-05-08","67.88","67.95","68.02","67.53","2.48M","-0.54%"
"2007-05-07","68.25","68.42","68.46","68.02","2.00M","0.09%"
"2007-05-04","68.19","67.74","68.43","67.74","3.31M","1.04%"
"2007-05-03","67.49","66.87","67.62","66.68","4.05M","1.25%"
"2007-05-02","66.66","66.34","66.75","66.11","4.50M","-0.04%"
"2007-05-01","66.69","66.98","67.00","66.54","3.95M","-0.60%"
"2007-04-30","67.09","67.20","67.52","67.04","2.61M","-0.70%"
"2007-04-27","67.56","66.84","67.57","66.84","5.23M","1.03%"
"2007-04-26","66.87","67.43","67.43","66.50","4.67M","-1.50%"
"2007-04-25","67.89","67.85","68.06","67.66","2.61M","0.24%"
"2007-04-24","67.73","68.45","68.50","67.43","5.07M","-0.78%"
"2007-04-23","68.26","68.41","68.65","68.04","2.49M","-0.64%"
"2007-04-20","68.70","68.58","68.73","68.35","3.36M","1.73%"
"2007-04-19","67.53","68.00","68.04","67.25","5.35M","-1.24%"
"2007-04-18","68.38","68.10","68.45","67.95","4.93M","0.56%"
"2007-04-17","68.00","68.31","68.48","67.98","4.16M","-0.58%"
"2007-04-16","68.40","68.14","68.50","67.68","7.91M","0.83%"
"2007-04-13","67.84","67.49","67.97","67.19","5.06M","1.27%"
"2007-04-12","66.99","67.06","67.25","66.48","6.02M","-0.13%"
"2007-04-11","67.08","67.26","67.50","66.81","4.36M","-0.12%"
"2007-04-10","67.16","67.16","67.55","66.98","2.74M","0.95%"
"2007-04-09","66.53","66.88","67.20","66.46","3.30M","-0.49%"
"2007-04-05","66.86","66.70","66.96","66.59","3.59M","0.07%"
"2007-04-04","66.81","66.09","66.98","66.00","7.13M","1.49%"
"2007-04-03","65.83","65.67","66.22","65.65","4.14M","-0.03%"
"2007-04-02","65.85","65.74","66.14","65.03","5.38M","0.17%"
"2007-03-30","65.74","65.74","66.21","65.49","4.29M","0.14%"
"2007-03-29","65.65","65.97","66.00","64.93","5.45M","-0.61%"
"2007-03-28","66.05","66.14","66.48","65.77","6.31M","0.53%"
"2007-03-27","65.70","65.88","65.97","65.50","3.27M","-0.21%"
"2007-03-26","65.84","65.36","65.97","65.36","3.93M","1.06%"
"2007-03-23","65.15","65.79","65.90","64.90","5.59M","-0.93%"
"2007-03-22","65.76","65.78","66.13","65.60","4.72M","-0.09%"
"2007-03-21","65.82","65.54","65.90","65.12","5.06M","0.84%"
"2007-03-20","65.27","64.93","65.54","64.93","4.42M","0.82%"
"2007-03-19","64.74","64.88","64.94","64.63","2.99M","0.19%"
"2007-03-16","64.62","64.54","64.99","64.38","5.04M","1.00%"
"2007-03-15","63.98","64.03","64.46","63.88","7.04M","0.06%"
"2007-03-14","63.94","63.34","64.06","63.09","7.42M","0.35%"
"2007-03-13","63.72","64.29","64.69","63.57","4.33M","-1.01%"
"2007-03-12","64.37","64.54","64.74","63.96","4.56M","0.19%"
"2007-03-09","64.25","64.82","65.22","64.15","9.03M","-0.36%"
"2007-03-08","64.48","64.79","65.04","64.43","4.29M","0.28%"
"2007-03-07","64.30","64.14","64.64","63.55","6.13M","0.23%"
"2007-03-06","64.15","63.66","64.37","63.46","6.99M","1.94%"
"2007-03-05","62.93","63.12","63.78","62.62","9.84M","-1.22%"
"2007-03-02","63.71","64.59","65.00","63.34","13.73M","-3.21%"
"2007-03-01","65.82","66.23","66.75","65.58","7.11M","-0.99%"
"2007-02-28","66.48","66.73","66.93","65.54","8.93M","1.64%"
"2007-02-27","65.41","67.34","68.33","65.07","15.22M","-3.95%"
"2007-02-26","68.10","67.97","68.23","67.63","5.25M","0.56%"
"2007-02-23","67.72","67.35","68.29","67.35","8.13M","0.85%"
"2007-02-22","67.15","67.44","67.56","66.97","6.57M","-0.30%"
"2007-02-21","67.35","65.31","67.71","65.20","11.08M","3.12%"
"2007-02-20","65.31","66.10","66.10","65.00","4.81M","-1.58%"
"2007-02-16","66.36","65.94","66.39","65.76","3.20M","-0.08%"
"2007-02-15","66.41","66.22","66.53","65.71","7.67M","0.06%"
"2007-02-14","66.37","66.23","66.66","65.97","4.18M","0.80%"
"2007-02-13","65.84","66.13","66.34","65.55","4.14M","0.26%"
"2007-02-12","65.67","66.00","66.11","65.41","4.11M","-0.68%"
"2007-02-09","66.12","65.27","66.38","65.22","6.82M","0.92%"
"2007-02-08","65.52","64.92","65.61","64.83","4.77M","1.38%"
"2007-02-07","64.63","64.78","65.15","64.48","3.08M","-0.25%"
"2007-02-06","64.79","65.05","65.10","64.53","2.93M","0.75%"
"2007-02-05","64.31","64.68","64.69","64.24","2.55M","0.05%"
"2007-02-02","64.28","64.76","64.80","63.80","9.08M","-1.44%"
"2007-02-01","65.22","65.45","65.63","65.06","6.29M","0.60%"
"2007-01-31","64.83","63.99","64.98","63.95","5.90M","0.95%"
"2007-01-30","64.22","63.92","64.23","63.83","3.09M","0.71%"
"2007-01-29","63.77","63.85","64.29","63.66","3.49M","-0.62%"
"2007-01-26","64.17","64.16","64.31","63.76","3.49M","0.17%"
"2007-01-25","64.06","64.80","64.88","63.98","5.99M","-0.42%"
"2007-01-24","64.33","63.71","64.41","63.37","5.24M","0.16%"
"2007-01-23","64.23","63.68","64.29","63.67","6.32M","2.41%"
"2007-01-22","62.72","63.01","63.48","62.65","3.94M","-0.44%"
"2007-01-19","63.00","62.52","63.13","62.27","3.26M","1.19%"
"2007-01-18","62.26","62.99","63.16","62.15","4.46M","-0.61%"
"2007-01-17","62.64","61.97","62.90","61.97","4.52M","1.08%"
"2007-01-16","61.97","62.20","62.30","61.74","3.20M","-0.32%"
"2007-01-12","62.17","61.00","62.28","60.90","5.84M","2.54%"
"2007-01-11","60.63","60.70","61.07","60.53","4.64M","0.07%"
"2007-01-10","60.59","60.46","60.82","60.06","3.77M","-0.43%"
"2007-01-09","60.85","60.14","61.09","60.06","4.17M","0.61%"
"2007-01-08","60.48","60.38","60.54","59.85","3.48M","0.52%"
"2007-01-05","60.17","60.75","60.78","59.66","12.50M","-2.40%"
"2007-01-04","61.65","62.07","62.50","61.52","4.86M","-1.01%"
"2007-01-03","62.28","63.58","64.02","62.00","8.06M","-1.47%"