"Date","Price","Open","High","Low","Vol.","Change %"
"2026-09-17","81.78","81.54","81.79","81.42","41.62M","1.11%"
"2026-09-16","80.88","80.94","81.56","80.86","56.48M","0.21%"
"2026-09-15","80.71","80.63","80.85","80.51","35.03M","-0.27%"
"2026-09-14","80.93","80.82","81.36","80.46","33.74M","0.07%"
"2026-09-11","80.87","81.30","81.47","80.81","32.43M","0.11%"
"2026-09-10","80.78","81.00","81.36","80.67","60.48M","-1.16%"
"2026-09-09","81.73","82.19","82.31","81.36","40.68M","-0.57%"
"2026-09-08","82.20","82.44","82.46","81.93","16.10M","-0.01%"
"2026-09-04","82.21","82.29","82.50","82.18","16.59M","0.17%"
"2026-09-03","82.07","82.36","82.43","82.06","18.04M","0.15%"
"2026-09-02","81.95","81.97","82.05","81.75","21.45M","0.10%"
"2026-09-01","81.87","81.89","82.35","81.78","25.62M","-0.79%"
"2026-08-31","82.52","82.47","82.53","82.14","37.32M","-0.43%"
"2026-08-28","82.88","83.04","83.60","82.78","35.81M","-0.30%"
"2026-08-27","83.13","83.20","83.35","83.00","17.36M","-0.20%"
"2026-08-26","83.30","83.27","83.30","83.07","20.66M","-0.20%"
"2026-08-25","83.47","83.11","83.48","82.97","35.02M","1.10%"
"2026-08-24","82.56","82.49","82.88","82.45","29.04M","0.62%"
"2026-08-21","82.05","82.17","82.27","81.90","24.27M","-0.35%"
"2026-08-20","82.34","82.36","82.77","82.15","39.57M","-0.82%"
"2026-08-19","83.02","82.81","83.06","82.61","51.31M","1.67%"
"2026-08-18","81.66","81.26","81.75","81.17","25.04M","0.38%"
"2026-08-17","81.35","81.77","81.86","81.31","31.56M","-0.84%"
"2026-08-14","82.04","82.23","82.36","81.82","31.37M","-0.67%"
"2026-08-13","82.59","82.59","83.00","82.49","26.92M","0.58%"
"2026-08-12","82.11","82.45","82.47","82.05","21.44M","-0.10%"
"2026-08-11","82.19","82.27","82.46","82.12","23.27M","0.16%"
"2026-08-10","82.06","82.40","82.45","82.03","36.74M","-0.85%"
"2026-08-07","82.76","82.79","82.85","82.48","96.13M","0.29%"
"2026-08-06","82.52","82.77","82.92","82.40","27.57M","-0.58%"
"2026-08-05","83.00","82.94","83.15","82.80","29.47M","0.22%"
"2026-08-04","82.82","82.65","82.84","82.57","38.41M","0.77%"
"2026-08-03","82.19","82.24","82.35","82.01","32.05M","-0.07%"
"2026-07-31","82.25","82.45","82.45","81.89","50.36M","-0.66%"
"2026-07-30","82.80","82.81","82.90","82.51","40.41M","-0.06%"
"2026-07-29","82.85","84.10","84.15","82.70","41.45M","-1.65%"
"2026-07-28","84.24","83.86","84.34","83.85","25.37M","0.59%"
"2026-07-27","83.75","83.73","83.87","83.52","23.82M","0.60%"
"2026-07-24","83.25","83.31","83.65","83.22","15.11M","0.10%"
"2026-07-23","83.17","82.99","83.25","82.96","29.15M","-0.32%"
"2026-07-22","83.44","83.61","83.70","83.38","15.99M","-0.26%"
"2026-07-21","83.66","83.74","83.77","83.43","14.29M","-0.27%"
"2026-07-20","83.89","84.31","84.34","83.82","24.29M","-0.75%"
"2026-07-17","84.52","84.62","84.82","84.49","22.07M","0.37%"
"2026-07-16","84.21","83.84","84.22","83.79","20.82M","-0.04%"
"2026-07-15","84.24","84.08","84.40","84.08","17.84M","0.19%"
"2026-07-14","84.08","84.18","84.50","84.04","23.79M","0.13%"
"2026-07-13","83.97","84.18","84.28","83.93","18.74M","-0.59%"
"2026-07-10","84.47","84.50","84.63","84.28","14.45M","-0.02%"
"2026-07-09","84.49","84.28","84.68","84.25","18.63M","0.15%"
"2026-07-08","84.36","84.31","84.45","84.06","25.81M","-0.22%"
"2026-07-07","84.55","85.11","85.17","84.54","24.82M","-1.05%"
"2026-07-06","85.45","85.43","85.48","85.18","17.94M","-0.07%"
"2026-07-02","85.51","85.38","85.78","85.37","20.96M","-0.01%"
"2026-07-01","85.52","85.48","85.79","85.43","28.11M","-1.04%"
"2026-06-30","86.42","87.15","87.18","86.38","31.08M","-1.18%"
"2026-06-29","87.45","87.36","87.54","87.30","19.46M","0.10%"
"2026-06-26","87.36","87.01","87.37","87.00","21.65M","0.01%"
"2026-06-25","87.35","87.58","87.79","87.29","28.39M","-0.03%"
"2026-06-24","87.38","87.15","87.47","87.12","41.84M","1.37%"
"2026-06-23","86.20","86.12","86.43","86.10","19.15M","0.13%"
"2026-06-22","86.09","86.30","86.33","85.97","28.60M","-0.76%"
"2026-06-18","86.75","87.07","87.18","86.65","32.35M","0.49%"
"2026-06-17","86.33","86.33","86.59","85.93","34.51M","0.16%"
"2026-06-16","86.19","85.96","86.38","85.93","26.47M","0.55%"
"2026-06-15","85.72","85.96","86.11","85.67","17.63M","-0.06%"
"2026-06-12","85.77","85.64","85.83","85.41","23.10M","-0.24%"
"2026-06-11","85.98","85.17","86.04","85.04","35.19M","1.30%"
"2026-06-10","84.88","85.12","85.30","84.70","21.26M","-0.28%"
"2026-06-09","85.12","84.97","85.18","84.78","22.62M","0.59%"
"2026-06-08","84.62","85.23","85.32","84.62","22.92M","-0.52%"
"2026-06-05","85.06","84.99","85.35","84.92","26.46M","-0.51%"
"2026-06-04","85.50","85.61","85.71","85.42","15.87M","0.22%"
"2026-06-03","85.31","85.29","85.43","85.10","15.37M","-0.40%"
"2026-06-02","85.65","85.80","85.82","85.50","20.32M","0.21%"
"2026-06-01","85.47","84.93","85.54","84.80","26.32M","-0.34%"
"2026-05-29","85.76","85.81","85.96","85.55","33.12M","0.02%"
"2026-05-28","85.74","85.36","85.85","85.27","25.42M","0.52%"
"2026-05-27","85.30","85.25","85.48","85.15","23.59M","0.24%"
"2026-05-26","85.10","85.33","85.38","84.90","22.53M","0.50%"
"2026-05-22","84.68","84.61","84.68","84.14","27.99M","0.55%"
"2026-05-21","84.22","83.62","84.26","83.32","24.89M","0.37%"
"2026-05-20","83.91","83.06","84.00","83.04","44.50M","1.07%"
"2026-05-19","83.02","82.96","83.23","82.77","35.35M","-0.65%"
"2026-05-18","83.56","83.70","83.92","83.32","26.17M","-0.12%"
"2026-05-15","83.66","83.87","83.97","83.59","50.80M","-1.48%"
"2026-05-14","84.92","85.26","85.38","84.90","25.25M","0.14%"
"2026-05-13","84.80","84.94","85.05","84.59","26.30M","-0.22%"
"2026-05-12","84.99","85.19","85.20","84.92","27.68M","-0.67%"
"2026-05-11","85.56","85.88","85.92","85.49","17.71M","-0.60%"
"2026-05-08","86.08","86.06","86.28","85.99","30.80M","0.50%"
"2026-05-07","85.65","86.28","86.29","85.60","21.18M","-0.50%"
"2026-05-06","86.08","86.05","86.17","85.92","22.53M","0.76%"
"2026-05-05","85.43","85.14","85.49","85.09","18.23M","0.55%"
"2026-05-04","84.96","85.35","85.36","84.76","27.23M","-0.76%"
"2026-05-01","85.61","85.50","86.00","85.34","21.28M","-0.01%"
"2026-04-30","85.62","85.89","85.90","85.39","28.52M","-0.09%"
"2026-04-29","85.70","85.99","85.99","85.55","29.02M","-0.78%"
"2026-04-28","86.37","86.12","86.37","85.94","14.55M","0.10%"
"2026-04-27","86.28","86.49","86.62","86.19","19.25M","-0.50%"
"2026-04-24","86.71","86.46","86.82","86.25","22.29M","0.18%"
"2026-04-23","86.55","86.82","87.04","86.24","21.11M","-0.22%"
"2026-04-22","86.74","87.05","87.15","86.71","13.68M","0.20%"
"2026-04-21","86.57","86.97","87.09","86.53","19.80M","-0.55%"
"2026-04-20","87.05","87.11","87.13","86.71","14.62M","-0.02%"
"2026-04-17","87.07","87.05","87.21","86.89","29.60M","0.92%"
"2026-04-16","86.28","86.92","86.97","86.20","20.00M","-0.63%"
"2026-04-15","86.83","87.02","87.07","86.72","15.12M","-0.44%"
"2026-04-14","87.21","86.70","87.24","86.63","16.61M","0.53%"
"2026-04-13","86.75","86.44","86.80","86.25","12.72M","0.30%"
"2026-04-10","86.49","86.60","86.68","86.33","13.25M","-0.24%"
"2026-04-09","86.70","86.69","87.13","86.39","18.91M","-0.25%"
"2026-04-08","86.92","87.36","87.37","86.73","22.24M","0.32%"
"2026-04-07","86.64","86.52","86.68","85.91","22.75M","-0.01%"
"2026-04-06","86.65","86.50","86.85","86.39","14.66M","-0.16%"
"2026-04-02","86.79","86.21","86.85","86.15","33.31M","0.61%"
"2026-04-01","86.26","86.28","86.71","86.23","31.16M","-0.50%"
"2026-03-31","86.69","86.93","87.16","86.57","47.11M","-0.10%"
"2026-03-30","86.78","86.63","86.95","86.49","36.47M","1.33%"
"2026-03-27","85.64","85.50","86.10","85.45","39.93M","-0.55%"
"2026-03-26","86.11","86.34","86.61","85.93","39.54M","-0.84%"
"2026-03-25","86.84","86.75","86.88","86.48","37.86M","0.96%"
"2026-03-24","86.01","85.72","86.29","85.56","51.80M","-0.43%"
"2026-03-23","86.39","86.18","86.72","85.93","69.69M","0.65%"
"2026-03-20","85.83","86.81","86.86","85.76","78.95M","-1.90%"
"2026-03-19","87.49","87.06","87.72","86.97","60.31M","0.62%"
"2026-03-18","86.96","87.36","87.48","86.93","37.60M","-0.57%"
"2026-03-17","87.45","87.36","87.57","87.32","19.58M","0.28%"
"2026-03-16","87.21","87.18","87.34","86.96","37.34M","0.77%"
"2026-03-13","86.54","86.93","87.14","86.47","43.46M","-0.49%"
"2026-03-12","86.97","86.90","87.25","86.78","48.98M","-0.20%"
"2026-03-11","87.14","87.75","87.81","87.07","54.68M","-1.29%"
"2026-03-10","88.28","88.80","88.95","88.27","48.65M","-1.06%"
"2026-03-09","89.23","88.29","89.32","88.21","52.48M","0.87%"
"2026-03-06","88.46","88.32","88.94","88.01","58.14M","-0.37%"
"2026-03-05","88.79","88.63","88.93","88.51","45.77M","-0.40%"
"2026-03-04","89.15","89.27","89.44","89.10","47.07M","-0.31%"
"2026-03-03","89.43","88.97","89.67","88.93","51.85M","-0.20%"
"2026-03-02","89.61","89.97","89.99","89.36","55.47M","-1.33%"
"2026-02-27","90.82","90.68","90.86","90.55","51.27M","0.61%"
"2026-02-26","90.27","90.06","90.32","90.05","29.45M","0.40%"
"2026-02-25","89.91","89.71","90.08","89.71","23.63M","0.01%"
"2026-02-24","89.90","89.94","90.05","89.76","24.93M","0.18%"
"2026-02-23","89.74","89.55","90.00","89.53","33.61M","0.37%"
"2026-02-20","89.41","89.70","89.74","88.93","49.61M","-0.23%"
"2026-02-19","89.62","89.40","89.72","89.36","28.66M","0.10%"
"2026-02-18","89.53","89.68","89.86","89.47","35.42M","-0.38%"
"2026-02-17","89.87","89.93","90.12","89.76","32.36M","0.17%"
"2026-02-13","89.72","89.63","89.81","89.52","56.79M","0.55%"
"2026-02-12","89.23","88.36","89.28","88.35","48.45M","1.33%"
"2026-02-11","88.06","88.04","88.47","87.93","37.01M","-0.53%"
"2026-02-10","88.53","88.24","88.53","88.22","37.25M","1.15%"
"2026-02-09","87.52","87.20","87.58","87.03","24.71M","-0.02%"
"2026-02-06","87.54","87.45","87.54","87.20","33.46M","0.07%"
"2026-02-05","87.48","86.93","87.48","86.75","50.27M","1.09%"
"2026-02-04","86.54","86.63","86.78","86.46","37.87M","-0.25%"
"2026-02-03","86.76","86.49","86.78","86.43","27.44M","0.24%"
"2026-02-02","86.55","87.02","87.06","86.55","38.17M","-0.67%"
"2026-01-30","87.13","87.38","87.56","87.13","45.83M","-0.56%"
"2026-01-29","87.62","87.15","87.74","87.08","43.85M","0.02%"
"2026-01-28","87.60","87.50","87.70","87.29","38.75M","-0.23%"
"2026-01-27","87.80","88.11","88.25","87.68","35.18M","-0.62%"
"2026-01-26","88.35","88.39","88.49","88.20","38.88M","0.48%"
"2026-01-23","87.93","87.83","88.03","87.50","35.97M","0.27%"
"2026-01-22","87.69","87.27","87.75","87.14","42.42M","0.44%"
"2026-01-21","87.31","86.80","87.48","86.62","51.22M","0.76%"
"2026-01-20","86.65","86.63","87.03","86.54","66.01M","-1.31%"
"2026-01-16","87.80","88.13","88.32","87.71","46.38M","-0.58%"
"2026-01-15","88.31","88.64","88.66","88.31","37.99M","-0.02%"
"2026-01-14","88.33","87.91","88.43","87.89","39.23M","0.58%"
"2026-01-13","87.82","87.88","87.91","87.54","30.45M","0.17%"
"2026-01-12","87.67","87.50","87.91","87.41","36.10M","-0.30%"
"2026-01-09","87.93","87.30","88.00","87.12","57.35M","0.66%"
"2026-01-08","87.35","87.33","87.55","87.25","28.20M","-0.50%"
"2026-01-07","87.79","87.84","88.00","87.48","39.93M","0.58%"
"2026-01-06","87.28","87.15","87.34","86.90","39.02M","-0.21%"
"2026-01-05","87.46","87.18","87.52","87.11","30.18M","0.49%"
"2026-01-02","87.03","87.40","87.41","87.02","40.73M","-0.15%"
"2025-12-31","87.16","87.68","87.91","87.13","36.50M","-0.80%"
"2025-12-30","87.86","87.74","88.04","87.67","25.11M","-0.24%"
"2025-12-29","88.07","87.95","88.07","87.79","29.40M","0.38%"
"2025-12-26","87.74","88.10","88.17","87.60","26.52M","-0.33%"
"2025-12-25","88.03","87.76","88.03","88.03","25.94M","0.00%"
"2025-12-24","88.03","87.76","88.08","87.65","25.94M","0.61%"
"2025-12-23","87.50","87.07","87.58","87.03","33.62M","0.16%"
"2025-12-22","87.36","87.42","87.46","87.25","25.55M","-0.22%"
"2025-12-19","87.55","87.61","87.76","87.41","37.86M","-0.76%"
"2025-12-18","88.22","88.13","88.38","88.07","39.05M","0.48%"
"2025-12-17","87.80","87.63","87.99","87.58","24.67M","-0.09%"
"2025-12-16","87.88","87.18","87.92","87.17","41.02M","0.55%"
"2025-12-15","87.40","87.71","87.88","87.39","28.61M","0.07%"
"2025-12-12","87.34","87.38","87.50","87.19","47.03M","-0.96%"
"2025-12-11","88.19","88.69","88.83","88.16","26.78M","-0.14%"
"2025-12-10","88.31","88.00","88.52","87.86","46.83M","0.39%"
"2025-12-09","87.97","88.34","88.35","87.84","25.77M","0.10%"
"2025-12-08","87.88","88.18","88.20","87.56","32.26M","-0.33%"
"2025-12-05","88.17","88.55","88.55","88.04","32.81M","-0.46%"
"2025-12-04","88.58","88.91","88.93","88.48","25.54M","-0.54%"
"2025-12-03","89.06","88.92","89.15","88.74","23.28M","0.28%"
"2025-12-02","88.81","88.57","88.96","88.46","27.61M","0.05%"
"2025-12-01","88.77","88.85","88.99","88.71","47.09M","-1.60%"
"2025-11-28","90.21","90.46","90.53","89.95","40.70M","-0.47%"
"2025-11-26","90.64","90.15","90.64","89.83","34.10M","0.44%"
"2025-11-25","90.24","90.31","90.59","90.13","36.50M","0.26%"
"2025-11-24","90.01","89.95","90.07","89.78","30.87M","0.57%"
"2025-11-21","89.50","89.65","89.67","89.19","41.94M","0.30%"
"2025-11-20","89.23","88.99","89.42","88.99","32.95M","0.39%"
"2025-11-19","88.88","89.22","89.31","88.85","25.78M","-0.20%"
"2025-11-18","89.06","89.35","89.45","88.80","31.97M","-0.03%"
"2025-11-17","89.09","89.08","89.30","88.98","25.61M","0.25%"
"2025-11-14","88.87","89.79","89.83","88.87","38.55M","-0.57%"
"2025-11-13","89.38","89.80","89.94","89.38","33.83M","-0.82%"
"2025-11-12","90.12","89.95","90.32","89.88","23.59M","0.18%"
"2025-11-11","89.96","89.95","90.07","89.78","18.94M","0.46%"
"2025-11-10","89.55","89.49","89.67","89.39","24.09M","-0.02%"
"2025-11-07","89.57","89.36","89.87","89.36","28.53M","-0.21%"
"2025-11-06","89.76","89.56","89.85","89.53","33.03M","0.90%"
"2025-11-05","88.96","89.51","89.54","88.88","44.64M","-1.09%"
"2025-11-04","89.94","89.78","90.06","89.74","26.38M","0.22%"
"2025-11-03","89.74","89.62","89.82","89.42","40.75M","-0.61%"
"2025-10-31","90.29","90.56","90.66","90.20","38.25M","-0.30%"
"2025-10-30","90.56","90.39","90.97","90.35","42.65M","-0.58%"
"2025-10-29","91.09","91.88","91.89","91.01","39.55M","-1.01%"
"2025-10-28","92.02","91.85","92.18","91.81","23.56M","0.26%"
"2025-10-27","91.78","91.32","91.79","91.09","30.03M","0.34%"
"2025-10-24","91.47","91.58","91.60","91.16","28.27M","0.04%"
"2025-10-23","91.43","91.61","91.79","91.29","28.28M","-0.68%"
"2025-10-22","92.06","91.99","92.18","91.82","30.50M","0.07%"
"2025-10-21","92.00","91.99","92.18","91.91","24.51M","0.49%"
"2025-10-20","91.55","91.46","91.56","91.28","28.43M","0.38%"
"2025-10-17","91.20","91.25","91.29","90.90","40.24M","-0.15%"
"2025-10-16","91.34","90.51","91.50","90.45","39.63M","0.75%"
"2025-10-15","90.66","90.96","91.30","90.47","31.33M","-0.22%"
"2025-10-14","90.86","90.65","90.92","90.43","29.80M","0.32%"
"2025-10-13","90.57","90.28","90.58","89.86","28.04M","-0.06%"
"2025-10-10","90.62","89.98","90.72","89.90","59.39M","1.61%"
"2025-10-09","89.18","89.17","89.29","89.00","21.58M","-0.08%"
"2025-10-08","89.25","89.60","89.61","89.13","22.51M","0.08%"
"2025-10-07","89.18","88.97","89.38","88.81","29.10M","0.58%"
"2025-10-06","88.67","88.71","89.15","88.65","28.37M","-0.79%"
"2025-10-03","89.38","89.63","89.72","89.27","25.88M","-0.19%"
"2025-10-02","89.55","89.31","89.69","89.19","23.21M","0.29%"
"2025-10-01","89.29","89.45","89.64","89.09","39.41M","-0.09%"
"2025-09-30","89.37","89.66","90.04","89.21","38.58M","-0.29%"
"2025-09-29","89.63","89.29","89.74","89.26","32.29M","0.82%"
"2025-09-26","88.90","88.99","89.47","88.69","30.96M","-0.09%"
"2025-09-25","88.98","88.85","89.03","88.46","29.88M","0.00%"
"2025-09-24","88.98","89.08","89.16","88.70","28.10M","-0.38%"
"2025-09-23","89.32","88.96","89.36","88.75","26.69M","0.70%"
"2025-09-22","88.70","88.82","88.91","88.54","24.76M","-0.36%"
"2025-09-19","89.02","89.07","89.22","88.79","32.51M","-0.19%"
"2025-09-18","89.19","89.26","89.47","88.90","55.72M","-1.03%"
"2025-09-17","90.12","90.71","91.04","89.87","49.12M","-0.25%"
"2025-09-16","90.35","90.09","90.50","90.04","26.79M","0.21%"
"2025-09-15","90.16","90.15","90.46","90.07","24.82M","0.23%"
"2025-09-12","89.95","89.83","89.98","89.49","32.97M","-0.43%"
"2025-09-11","90.34","89.91","90.48","89.90","46.69M","0.67%"
"2025-09-10","89.74","89.40","90.07","89.19","40.71M","0.57%"
"2025-09-09","89.23","89.40","89.55","88.99","37.13M","-0.57%"
"2025-09-08","89.74","89.17","89.75","89.12","54.54M","1.33%"
"2025-09-05","88.56","88.22","88.61","88.14","69.67M","1.52%"
"2025-09-04","87.23","87.02","87.24","86.58","40.50M","0.76%"
"2025-09-03","86.57","85.93","86.81","85.89","52.50M","1.10%"
"2025-09-02","85.63","85.63","85.84","85.48","48.76M","-1.12%"
"2025-08-29","86.60","86.76","86.86","86.44","41.69M","-0.71%"
"2025-08-28","87.22","86.78","87.26","86.66","32.21M","0.66%"
"2025-08-27","86.65","86.11","86.66","86.00","38.14M","-0.12%"
"2025-08-26","86.75","86.51","86.79","86.22","30.26M","-0.06%"
"2025-08-25","86.80","86.72","87.05","86.65","27.01M","-0.29%"
"2025-08-22","87.05","86.83","87.30","86.72","49.87M","0.74%"
"2025-08-21","86.41","86.56","86.68","86.11","28.64M","-0.50%"
"2025-08-20","86.84","86.59","86.96","86.56","25.91M","0.22%"
"2025-08-19","86.65","86.45","86.75","86.44","28.78M","0.58%"
"2025-08-18","86.15","86.50","86.54","85.99","26.78M","-0.29%"
"2025-08-15","86.40","86.66","86.78","86.25","36.34M","-0.71%"
"2025-08-14","87.02","87.51","87.51","86.89","33.40M","-0.74%"
"2025-08-13","87.67","87.44","87.81","87.43","30.82M","0.83%"
"2025-08-12","86.95","86.90","86.97","86.55","41.09M","-0.50%"
"2025-08-11","87.39","87.54","87.67","87.28","20.10M","0.11%"
"2025-08-08","87.29","87.36","87.39","87.15","21.60M","-0.43%"
"2025-08-07","87.67","87.92","88.25","87.59","29.21M","-0.17%"
"2025-08-06","87.82","87.84","88.04","86.92","42.59M","-0.58%"
"2025-08-05","88.33","87.85","88.45","87.78","28.59M","0.31%"
"2025-08-04","88.06","87.96","88.15","87.65","36.43M","0.27%"
"2025-08-01","87.82","87.56","87.93","87.51","63.43M","1.04%"
"2025-07-31","86.92","87.13","87.41","86.84","49.81M","0.06%"
"2025-07-30","86.87","86.77","86.96","86.56","40.67M","-0.52%"
"2025-07-29","87.32","86.23","87.34","86.20","47.83M","1.69%"
"2025-07-28","85.87","85.99","86.20","85.83","26.81M","-0.65%"
"2025-07-25","86.43","85.80","86.44","85.72","27.20M","0.63%"
"2025-07-24","85.89","85.55","86.24","85.51","25.16M","-0.17%"
"2025-07-23","86.04","86.05","86.20","85.79","31.01M","-0.55%"
"2025-07-22","86.52","86.17","86.77","86.11","35.19M","0.60%"
"2025-07-21","86.00","86.21","86.50","85.96","40.02M","0.89%"
"2025-07-18","85.24","85.43","85.46","85.10","27.53M","0.15%"
"2025-07-17","85.11","85.22","85.49","84.99","31.88M","-0.02%"
"2025-07-16","85.13","85.28","85.66","84.19","65.99M","0.14%"
"2025-07-15","85.01","85.89","85.91","84.90","40.45M","-0.70%"
"2025-07-14","85.61","85.54","85.88","85.32","24.61M","-0.21%"
"2025-07-11","85.79","86.23","86.27","85.64","40.76M","-1.38%"
"2025-07-10","86.99","86.83","87.06","86.49","24.53M","0.07%"
"2025-07-09","86.93","86.19","86.93","86.18","29.82M","1.05%"
"2025-07-08","86.03","85.57","86.04","85.44","31.41M","-0.13%"
"2025-07-07","86.14","86.54","86.56","85.92","38.31M","-0.95%"
"2025-07-03","86.97","87.17","87.29","86.85","26.73M","-0.70%"
"2025-07-02","87.58","87.19","87.59","87.10","39.38M","-0.64%"
"2025-07-01","88.14","88.13","88.31","87.66","38.96M","-0.12%"
"2025-06-30","88.25","87.86","88.43","87.61","53.70M","0.98%"
"2025-06-27","87.39","87.57","88.16","87.24","74.99M","-0.64%"
"2025-06-26","87.95","87.59","87.95","87.20","30.47M","0.50%"
"2025-06-25","87.51","87.11","87.51","86.80","26.35M","0.13%"
"2025-06-24","87.40","86.47","87.59","86.43","32.96M","0.73%"
"2025-06-23","86.77","86.93","87.44","86.77","36.85M","0.32%"
"2025-06-20","86.49","86.14","86.79","85.95","26.00M","-0.18%"
"2025-06-18","86.65","86.88","87.09","86.35","38.59M","0.17%"
"2025-06-17","86.50","86.00","86.66","85.75","34.52M","1.22%"
"2025-06-16","85.46","86.08","86.43","85.46","36.50M","-1.01%"
"2025-06-13","86.33","86.73","86.88","85.78","49.37M","-0.96%"
"2025-06-12","87.17","86.89","87.20","86.60","43.02M","1.20%"
"2025-06-11","86.14","85.81","86.40","85.71","36.33M","0.30%"
"2025-06-10","85.88","86.10","86.18","85.51","24.86M","0.51%"
"2025-06-09","85.44","85.04","85.64","85.04","26.56M","0.11%"
"2025-06-06","85.35","85.79","85.93","85.28","38.13M","-1.27%"
"2025-06-05","86.45","86.68","86.93","86.22","37.72M","0.07%"
"2025-06-04","86.39","85.79","86.65","85.64","57.44M","1.62%"
"2025-06-03","85.01","85.44","85.74","84.89","33.73M","-0.18%"
"2025-06-02","85.16","85.29","85.47","84.79","46.21M","-1.30%"
"2025-05-30","86.28","86.08","86.47","85.88","49.04M","0.15%"
"2025-05-29","86.15","85.77","86.26","85.64","39.00M","0.93%"
"2025-05-28","85.36","85.41","85.54","84.97","34.81M","-0.43%"
"2025-05-27","85.73","85.35","86.03","85.15","56.77M","1.40%"
"2025-05-23","84.55","84.77","84.82","84.31","47.14M","0.17%"
"2025-05-22","84.41","83.52","84.43","83.29","61.75M","0.52%"
"2025-05-21","83.97","84.68","85.06","83.76","77.05M","-1.71%"
"2025-05-20","85.43","85.43","85.60","85.06","35.49M","-0.72%"
"2025-05-19","86.05","84.91","86.12","84.83","49.36M","-0.29%"
"2025-05-16","86.30","86.87","86.89","86.19","31.78M","0.27%"
"2025-05-15","86.07","85.63","86.32","85.48","59.45M","0.88%"
"2025-05-14","85.32","85.75","85.87","85.20","42.12M","-0.66%"
"2025-05-13","85.89","86.13","86.29","85.50","53.91M","-0.41%"
"2025-05-12","86.24","86.38","86.78","86.19","32.12M","-0.93%"
"2025-05-09","87.05","87.00","87.31","86.92","17.01M","0.15%"
"2025-05-08","86.92","88.01","88.06","86.89","25.48M","-1.11%"
"2025-05-07","87.90","87.92","88.21","87.82","23.18M","0.42%"
"2025-05-06","87.53","86.80","87.53","86.64","21.10M","0.33%"
"2025-05-05","87.24","87.35","87.40","86.83","22.86M","-0.56%"
"2025-05-02","87.73","87.71","88.07","87.54","32.09M","-1.08%"
"2025-05-01","88.69","89.26","89.28","88.30","29.93M","-0.87%"
"2025-04-30","89.47","89.78","90.05","89.33","42.63M","-0.81%"
"2025-04-29","90.20","89.32","90.21","89.29","22.13M","0.84%"
"2025-04-28","89.45","88.65","89.53","88.61","20.13M","0.63%"
"2025-04-25","88.89","88.90","89.11","88.60","22.51M","0.74%"
"2025-04-24","88.24","88.03","88.35","87.76","24.19M","1.05%"
"2025-04-23","87.32","88.88","89.06","87.17","44.08M","0.97%"
"2025-04-22","86.48","86.82","87.02","86.40","32.55M","0.56%"
"2025-04-21","86.00","86.60","87.07","85.98","39.34M","-1.75%"
"2025-04-17","87.53","88.04","88.20","87.23","31.76M","-0.88%"
"2025-04-16","88.31","87.80","88.50","87.47","35.61M","0.56%"
"2025-04-15","87.82","87.15","88.18","87.04","22.55M","0.35%"
"2025-04-14","87.51","87.40","87.71","86.82","37.60M","0.71%"
"2025-04-11","86.89","85.87","87.30","85.00","94.81M","0.54%"
"2025-04-10","86.42","87.74","88.18","86.35","78.59M","-2.76%"
"2025-04-09","88.87","87.27","88.91","85.89","131.35M","0.59%"
"2025-04-08","88.35","89.28","90.20","88.22","73.86M","-1.89%"
"2025-04-07","90.05","91.88","92.19","89.79","124.99M","-3.02%"
"2025-04-04","92.85","93.65","94.09","92.82","92.79M","1.09%"
"2025-04-03","91.85","92.52","92.73","91.84","57.47M","0.46%"
"2025-04-02","91.43","92.37","92.37","90.66","43.49M","-0.07%"
"2025-04-01","91.49","91.25","91.90","91.21","39.80M","0.51%"
"2025-03-31","91.03","91.23","91.33","90.36","38.82M","0.99%"
"2025-03-28","90.14","89.88","90.34","89.81","39.87M","1.38%"
"2025-03-27","88.91","88.85","89.03","88.63","23.67M","-0.29%"
"2025-03-26","89.17","89.39","89.60","89.09","25.17M","-0.66%"
"2025-03-25","89.76","89.57","90.08","89.51","22.33M","-0.01%"
"2025-03-24","89.77","90.20","90.25","89.70","27.99M","-1.03%"
"2025-03-21","90.70","91.33","91.43","90.62","29.19M","-0.59%"
"2025-03-20","91.24","92.20","92.24","91.15","35.65M","0.07%"
"2025-03-19","91.18","90.68","91.22","90.38","31.38M","0.52%"
"2025-03-18","90.71","90.14","91.02","90.12","23.65M","0.10%"
"2025-03-17","90.62","90.80","91.18","90.38","26.70M","0.50%"
"2025-03-14","90.17","90.01","90.41","89.86","24.66M","-0.53%"
"2025-03-13","90.65","89.58","90.71","89.38","38.68M","0.88%"
"2025-03-12","89.86","90.00","90.38","89.78","32.73M","-0.60%"
"2025-03-11","90.40","90.96","91.49","90.14","40.56M","-0.71%"
"2025-03-10","91.05","91.08","91.63","90.91","41.44M","1.04%"
"2025-03-07","90.11","91.14","91.16","89.99","36.90M","-0.32%"
"2025-03-06","90.40","90.48","90.80","89.73","42.83M","-0.33%"
"2025-03-05","90.70","91.56","91.80","90.61","50.22M","-0.80%"
"2025-03-04","91.43","92.44","92.79","91.26","56.72M","-1.23%"
"2025-03-03","92.57","91.41","92.71","91.37","42.90M","0.15%"
"2025-02-28","92.43","91.85","92.47","91.47","49.39M","1.23%"
"2025-02-27","91.31","91.31","91.79","91.14","53.37M","-0.71%"
"2025-02-26","91.96","91.42","92.06","91.20","32.22M","0.59%"
"2025-02-25","91.42","90.97","91.50","90.80","50.13M","1.72%"
"2025-02-24","89.87","89.33","90.06","89.26","26.22M","0.29%"
"2025-02-21","89.61","88.87","89.93","88.82","46.91M","1.21%"
"2025-02-20","88.54","88.45","88.76","88.45","27.91M","0.37%"
"2025-02-19","88.21","87.95","88.45","87.89","20.58M","0.12%"
"2025-02-18","88.10","88.54","88.84","88.04","29.43M","-1.18%"
"2025-02-14","89.15","89.38","89.68","89.12","27.46M","0.53%"
"2025-02-13","88.68","88.09","88.89","88.07","42.72M","1.66%"
"2025-02-12","87.23","87.29","87.60","86.86","48.54M","-1.36%"
"2025-02-11","88.43","88.53","88.68","88.38","21.51M","-0.64%"
"2025-02-10","89.00","89.26","89.53","88.85","22.74M","-0.30%"
"2025-02-07","89.27","89.24","89.45","88.93","31.17M","-0.65%"
"2025-02-06","89.85","89.86","90.15","89.54","22.51M","-0.04%"
"2025-02-05","89.89","89.45","90.18","89.39","48.33M","1.65%"
"2025-02-04","88.43","87.55","88.45","87.48","33.41M","0.31%"
"2025-02-03","88.16","88.57","89.10","87.80","70.66M","0.46%"
"2025-01-31","87.76","88.38","88.66","87.43","48.81M","-0.66%"
"2025-01-30","88.34","88.41","88.71","88.17","25.09M","0.37%"
"2025-01-29","88.01","88.43","88.61","87.63","25.34M","-0.20%"
"2025-01-28","88.19","87.84","88.20","87.66","25.52M","-0.07%"
"2025-01-27","88.25","88.15","88.43","87.85","42.86M","1.18%"
"2025-01-24","87.22","86.72","87.28","86.60","21.11M","0.45%"
"2025-01-23","86.83","86.64","86.99","86.53","31.95M","-0.78%"
"2025-01-22","87.51","87.87","87.98","87.32","25.28M","-0.52%"
"2025-01-21","87.97","87.89","88.17","87.63","30.55M","0.89%"
"2025-01-17","87.19","87.43","87.48","87.04","29.88M","0.17%"
"2025-01-16","87.04","86.64","87.39","86.28","34.65M","0.32%"
"2025-01-15","86.76","86.69","86.97","86.39","54.12M","1.72%"
"2025-01-14","85.29","85.23","85.36","84.89","33.41M","-0.16%"
"2025-01-13","85.43","85.53","85.66","85.04","33.26M","-0.04%"
"2025-01-10","85.46","85.28","85.85","85.16","47.12M","-0.66%"
"2025-01-08","86.03","85.47","86.20","85.34","44.59M","0.13%"
"2025-01-07","85.92","86.60","86.77","85.79","41.76M","-1.13%"
"2025-01-06","86.90","87.05","87.23","86.67","30.23M","-0.45%"
"2025-01-03","87.29","87.72","87.88","87.18","21.96M","-0.32%"
"2025-01-02","87.57","87.80","88.11","87.21","27.84M","0.27%"
"2024-12-31","87.33","88.13","88.28","87.26","31.92M","-0.54%"
"2024-12-30","87.80","87.83","88.04","87.67","48.52M","0.80%"
"2024-12-27","87.10","87.48","87.78","87.06","27.26M","-0.82%"
"2024-12-26","87.82","87.21","87.96","87.20","20.00M","-0.06%"
"2024-12-24","87.87","87.04","87.89","86.98","22.38M","0.42%"
"2024-12-23","87.50","88.16","88.23","87.44","32.76M","-0.92%"
"2024-12-20","88.31","88.53","88.91","88.29","45.54M","0.57%"
"2024-12-19","87.81","88.07","88.39","87.50","99.08M","-1.51%"
"2024-12-18","89.16","89.97","90.37","89.14","61.33M","-1.63%"
"2024-12-17","90.64","90.52","90.99","90.46","23.84M","0.24%"
"2024-12-16","90.42","90.55","90.62","90.05","23.48M","0.30%"
"2024-12-13","90.15","90.80","90.85","90.08","39.49M","-1.02%"
"2024-12-12","91.08","91.64","91.75","91.00","45.37M","-1.21%"
"2024-12-11","92.20","93.07","93.29","92.11","38.75M","-0.95%"
"2024-12-10","93.08","93.02","93.30","92.90","28.71M","-0.47%"
"2024-12-09","93.52","93.99","94.04","93.46","30.51M","-0.92%"
"2024-12-06","94.39","94.72","94.85","94.02","31.76M","0.15%"
"2024-12-05","94.25","93.72","94.39","93.65","23.70M","0.20%"
"2024-12-04","94.06","92.61","94.19","92.54","35.85M","1.07%"
"2024-12-03","93.06","93.93","94.03","92.99","32.77M","-0.86%"
"2024-12-02","93.87","93.27","94.15","93.00","39.41M","-0.11%"
"2024-11-29","93.97","93.78","93.99","93.44","31.91M","1.03%"
"2024-11-27","93.01","93.04","93.38","92.67","39.44M","0.69%"
"2024-11-26","92.37","92.16","92.44","91.81","31.12M","-0.39%"
"2024-11-25","92.73","92.20","92.78","91.99","56.86M","2.59%"
"2024-11-22","90.39","90.51","90.70","90.15","21.55M","0.06%"
"2024-11-21","90.34","90.45","90.85","90.00","28.37M","-0.08%"
"2024-11-20","90.41","90.15","90.83","90.11","27.76M","-0.32%"
"2024-11-19","90.70","90.82","91.07","90.62","29.59M","0.51%"
"2024-11-18","90.24","89.66","90.59","89.42","36.06M","0.18%"
"2024-11-15","90.08","89.92","90.65","89.51","73.72M","-0.27%"
"2024-11-14","90.32","90.56","91.03","90.27","53.33M","0.58%"
"2024-11-13","89.80","91.51","91.54","89.72","49.01M","-0.95%"
"2024-11-12","90.66","91.37","91.85","90.51","57.91M","-1.50%"
"2024-11-11","92.04","92.25","92.29","91.62","22.37M","-0.49%"
"2024-11-08","92.49","92.00","92.60","91.84","56.76M","1.27%"
"2024-11-07","91.33","90.75","91.62","90.65","56.22M","1.25%"
"2024-11-06","90.20","89.64","90.72","89.55","98.90M","-2.74%"
"2024-11-05","92.74","92.03","92.90","91.60","46.99M","0.53%"
"2024-11-04","92.25","92.28","92.57","91.63","49.75M","1.55%"
"2024-11-01","90.84","92.26","92.51","90.80","80.40M","-1.74%"
"2024-10-31","92.45","92.20","92.94","91.87","52.17M","0.16%"
"2024-10-30","92.30","92.84","93.29","92.16","41.95M","0.29%"
"2024-10-29","92.03","91.17","92.06","90.98","46.55M","0.15%"
"2024-10-28","91.89","92.27","92.29","91.42","33.16M","-0.27%"
"2024-10-25","92.14","92.99","93.04","92.02","28.67M","-0.56%"
"2024-10-24","92.66","92.23","93.00","91.96","32.51M","0.64%"
"2024-10-23","92.07","91.84","92.37","91.66","33.35M","-0.27%"
"2024-10-22","92.32","92.65","92.76","92.09","32.10M","0.10%"
"2024-10-21","92.23","93.02","93.09","92.23","49.50M","-1.75%"
"2024-10-18","93.87","94.05","94.28","93.86","25.26M","0.07%"
"2024-10-17","93.80","94.29","94.44","93.67","43.43M","-1.58%"
"2024-10-16","95.31","95.39","95.62","95.14","32.28M","0.42%"
"2024-10-15","94.91","94.46","95.00","94.37","46.43M","1.22%"
"2024-10-14","93.76","93.04","93.78","92.98","28.80M","0.07%"
"2024-10-11","93.70","93.48","94.07","93.42","27.41M","-0.40%"
"2024-10-10","94.08","93.88","94.09","93.41","53.67M","-0.39%"
"2024-10-09","94.45","94.67","94.90","94.23","35.81M","-0.57%"
"2024-10-08","94.99","94.39","95.03","94.33","33.71M","0.17%"
"2024-10-07","94.83","94.98","95.27","94.76","42.61M","-0.75%"
"2024-10-04","95.55","95.44","95.96","95.40","56.97M","-1.23%"
"2024-10-03","96.74","97.34","97.51","96.74","39.68M","-0.94%"
"2024-10-02","97.66","97.36","97.73","97.06","35.81M","-0.84%"
"2024-10-01","98.49","98.80","99.33","98.39","45.25M","0.40%"
"2024-09-30","98.10","98.64","98.71","97.88","34.21M","-0.48%"
"2024-09-27","98.57","98.54","98.75","98.21","28.32M","0.52%"
"2024-09-26","98.06","98.07","98.25","97.42","33.33M","0.24%"
"2024-09-25","97.83","98.26","98.32","97.79","36.74M","-0.83%"
"2024-09-24","98.65","98.00","98.89","97.85","31.01M","-0.02%"
"2024-09-23","98.67","98.50","99.09","98.02","35.70M","-0.21%"
"2024-09-20","98.88","98.99","99.25","98.72","37.07M","-0.38%"
"2024-09-19","99.26","98.92","99.31","98.77","39.98M","-0.33%"
"2024-09-18","99.59","100.24","100.73","99.54","48.90M","-1.24%"
"2024-09-17","100.84","101.47","101.64","100.74","31.70M","-0.48%"
"2024-09-16","101.33","100.63","101.37","100.41","30.87M","0.92%"
"2024-09-13","100.41","100.46","100.61","100.02","25.72M","0.27%"
"2024-09-12","100.14","100.36","100.55","99.69","41.81M","-0.47%"
"2024-09-11","100.61","100.49","101.24","100.35","39.50M","-0.08%"
"2024-09-10","100.69","99.87","100.91","99.82","31.70M","0.70%"
"2024-09-09","99.99","99.40","100.10","99.16","26.96M","0.43%"
"2024-09-06","99.56","99.55","100.78","99.19","57.41M","-0.01%"
"2024-09-05","99.57","99.34","99.68","98.78","47.45M","0.57%"
"2024-09-04","99.01","97.88","99.03","97.81","40.89M","1.29%"
"2024-09-03","97.75","97.56","98.06","97.42","48.95M","1.31%"
"2024-08-30","96.49","97.68","97.99","96.47","42.90M","-1.07%"
"2024-08-29","97.53","97.37","97.64","97.13","24.99M","-0.33%"
"2024-08-28","97.85","98.01","98.20","97.72","18.50M","-0.12%"
"2024-08-27","97.97","97.49","98.08","97.41","21.51M","-0.17%"
"2024-08-26","98.14","98.69","98.70","98.08","23.20M","-0.25%"
"2024-08-23","98.39","98.19","98.67","97.96","32.01M","0.65%"
"2024-08-22","97.75","98.23","98.30","97.43","33.45M","-0.99%"
"2024-08-21","98.73","98.67","99.20","98.21","29.23M","0.06%"
"2024-08-20","98.67","98.32","98.86","98.12","25.24M","0.80%"
"2024-08-19","97.89","97.42","98.15","97.40","25.32M","0.46%"
"2024-08-16","97.44","97.44","97.54","97.01","28.54M","0.35%"
"2024-08-15","97.10","96.40","97.10","96.21","38.72M","-0.81%"
"2024-08-14","97.89","97.55","98.16","97.51","31.33M","0.63%"
"2024-08-13","97.28","97.30","97.36","96.98","30.37M","0.69%"
"2024-08-12","96.61","96.03","96.82","95.88","24.26M","0.36%"
"2024-08-09","96.26","96.51","96.54","96.09","32.14M","0.99%"
"2024-08-08","95.32","95.11","95.40","94.84","37.82M","-0.62%"
"2024-08-07","95.91","95.95","96.45","95.50","51.34M","-0.70%"
"2024-08-06","96.59","98.15","98.41","96.59","61.32M","-2.24%"
"2024-08-05","98.80","99.69","99.93","97.90","90.69M","0.53%"
"2024-08-02","98.28","97.00","98.37","96.89","91.91M","3.12%"
"2024-08-01","95.31","95.14","95.90","95.12","77.25M","0.53%"
"2024-07-31","94.81","94.53","94.84","94.24","47.45M","1.02%"
"2024-07-30","93.85","93.75","94.05","93.30","28.17M","0.39%"
"2024-07-29","93.49","93.67","93.69","93.22","25.80M","0.54%"
"2024-07-26","92.99","92.95","93.15","92.71","34.42M","0.78%"
"2024-07-25","92.27","92.03","92.86","91.96","45.00M","0.82%"
"2024-07-24","91.52","92.59","92.85","91.47","50.76M","-1.08%"
"2024-07-23","92.52","92.81","93.03","92.49","23.50M","-0.14%"
"2024-07-22","92.65","93.40","93.52","92.30","36.16M","-0.29%"
"2024-07-19","92.92","93.04","93.16","92.82","32.16M","-0.59%"
"2024-07-18","93.47","93.68","94.14","93.38","34.55M","-0.76%"
"2024-07-17","94.19","93.92","94.40","93.69","29.04M","0.02%"
"2024-07-16","94.17","93.53","94.21","93.39","36.38M","1.41%"
"2024-07-15","92.86","93.00","93.30","92.78","37.92M","-1.15%"
"2024-07-12","93.94","93.53","93.94","93.34","27.80M","0.43%"
"2024-07-11","93.54","93.68","94.14","93.47","49.76M","0.97%"
"2024-07-10","92.64","92.45","92.68","92.26","23.57M","0.31%"
"2024-07-09","92.35","92.47","92.68","91.87","30.30M","-0.44%"
"2024-07-08","92.76","92.54","92.85","92.22","16.10M","0.22%"
"2024-07-05","92.56","92.27","92.72","91.90","34.90M","0.83%"
"2024-07-03","91.80","91.17","91.89","91.08","35.56M","1.31%"
"2024-07-02","90.61","90.68","90.81","90.08","34.20M","0.78%"
"2024-07-01","89.91","90.42","91.08","89.82","49.74M","-2.04%"
"2024-06-28","91.78","93.73","93.76","91.78","55.12M","-1.86%"
"2024-06-27","93.52","93.52","93.71","93.42","23.14M","0.40%"
"2024-06-26","93.15","93.28","93.46","93.11","38.49M","-1.43%"
"2024-06-25","94.50","94.07","94.55","94.04","23.16M","0.17%"
"2024-06-24","94.34","94.05","94.34","93.74","56.94M","0.40%"
"2024-06-21","93.96","94.24","94.48","93.59","22.83M","0.00%"
"2024-06-20","93.96","93.41","94.00","93.34","30.25M","-0.67%"
"2024-06-18","94.59","93.89","94.60","93.73","26.88M","0.92%"
"2024-06-17","93.73","93.52","93.81","93.28","31.04M","-0.99%"
"2024-06-14","94.67","94.42","94.84","94.24","28.78M","0.84%"
"2024-06-13","93.88","93.22","93.99","92.95","33.09M","1.47%"
"2024-06-12","92.52","93.02","93.57","92.49","42.55M","0.75%"
"2024-06-11","91.83","91.03","91.87","90.92","30.33M","1.03%"
"2024-06-10","90.89","91.00","91.06","90.65","20.59M","-0.67%"
"2024-06-07","91.50","91.83","91.83","91.40","35.24M","-1.83%"
"2024-06-06","93.21","92.92","93.43","92.86","22.89M","-0.15%"
"2024-06-05","93.35","93.00","93.35","92.39","43.15M","0.73%"
"2024-06-04","92.67","92.20","92.80","91.99","42.58M","1.17%"
"2024-06-03","91.60","90.64","91.67","90.61","42.27M","1.27%"
"2024-05-31","90.45","90.48","90.66","90.25","41.31M","0.68%"
"2024-05-30","89.84","89.60","89.97","89.44","29.57M","0.97%"
"2024-05-29","88.98","89.34","89.39","88.68","45.51M","-1.21%"
"2024-05-28","90.07","91.33","91.36","90.03","45.97M","-1.43%"
"2024-05-24","91.38","90.97","91.47","90.90","19.16M","0.30%"
"2024-05-23","91.11","91.80","91.80","90.82","51.29M","-0.64%"
"2024-05-22","91.70","91.27","91.78","91.26","38.07M","0.12%"
"2024-05-21","91.59","91.73","91.77","91.43","15.33M","0.52%"
"2024-05-20","91.12","91.08","91.32","91.01","17.92M","-0.30%"
"2024-05-17","91.39","91.64","91.80","91.34","24.76M","-0.67%"
"2024-05-16","92.01","92.39","92.42","91.94","37.90M","-0.10%"
"2024-05-15","92.10","91.87","92.25","91.63","65.14M","1.36%"
"2024-05-14","90.86","90.65","90.92","90.42","25.75M","0.56%"
"2024-05-13","90.35","90.55","90.61","90.31","23.16M","0.26%"
"2024-05-10","90.12","90.28","90.38","89.96","21.91M","-0.56%"
"2024-05-09","90.63","89.87","90.77","89.82","39.61M","0.49%"
"2024-05-08","90.19","90.31","90.46","90.16","31.17M","-0.61%"
"2024-05-07","90.74","90.90","91.24","90.61","30.53M","0.61%"
"2024-05-06","90.19","89.87","90.25","89.67","23.87M","0.39%"
"2024-05-03","89.84","89.93","90.12","89.27","50.07M","1.01%"
"2024-05-02","88.94","88.21","89.01","88.03","58.93M","0.43%"
"2024-05-01","88.56","88.60","89.21","88.24","59.68M","0.39%"
"2024-04-30","88.22","88.42","88.73","88.10","41.05M","-0.85%"
"2024-04-29","88.98","88.66","89.01","88.48","39.23M","0.84%"
"2024-04-26","88.24","88.25","88.61","88.05","31.59M","0.52%"
"2024-04-25","87.78","87.46","87.90","87.34","49.28M","-0.70%"
"2024-04-24","88.40","88.56","88.63","87.50","48.99M","-0.71%"
"2024-04-23","89.03","88.73","89.54","88.55","27.22M","0.03%"
"2024-04-22","89.00","88.68","89.12","88.64","24.97M","-0.17%"
"2024-04-19","89.15","89.39","89.39","88.90","44.83M","0.36%"
"2024-04-18","88.83","89.24","89.27","88.59","43.84M","-0.50%"
"2024-04-17","89.28","88.87","89.38","88.46","57.95M","1.11%"
"2024-04-16","88.30","88.05","88.58","87.79","45.10M","-0.66%"
"2024-04-15","88.89","89.22","89.26","88.52","55.99M","-1.55%"
"2024-04-12","90.29","90.64","90.95","90.28","47.90M","0.53%"
"2024-04-11","89.81","90.38","90.44","89.51","65.75M","-0.45%"
"2024-04-10","90.22","91.20","91.30","90.05","74.37M","-2.18%"
"2024-04-09","92.23","91.87","92.36","91.83","32.54M","0.93%"
"2024-04-08","91.38","91.23","91.59","91.13","37.88M","-0.01%"
"2024-04-05","91.39","91.69","92.18","91.38","42.50M","-1.39%"
"2024-04-04","92.68","92.63","92.76","92.04","47.96M","0.72%"
"2024-04-03","92.02","91.26","92.05","91.05","45.49M","-0.02%"
"2024-04-02","92.04","91.57","92.20","91.33","43.09M","-0.55%"
"2024-04-01","92.55","93.29","93.30","92.46","48.95M","-2.19%"
"2024-03-28","94.62","94.49","95.02","94.32","34.54M","-0.08%"
"2024-03-27","94.70","93.99","94.70","93.94","50.16M","0.99%"
"2024-03-26","93.77","93.51","93.87","93.28","34.42M","0.28%"
"2024-03-25","93.51","93.71","93.75","93.30","24.01M","-0.50%"
"2024-03-22","93.98","94.19","94.21","93.78","30.26M","0.96%"
"2024-03-21","93.09","93.27","93.43","92.72","34.28M","0.22%"
"2024-03-20","92.89","93.10","93.79","92.29","43.46M","-0.03%"
"2024-03-19","92.92","92.85","93.27","92.69","26.95M","0.28%"
"2024-03-18","92.66","92.73","92.99","92.50","29.52M","-0.30%"
"2024-03-15","92.94","93.06","93.19","92.79","35.00M","-0.03%"
"2024-03-14","92.97","93.73","93.75","92.86","58.37M","-1.54%"
"2024-03-13","94.42","94.50","94.74","94.21","38.27M","-0.48%"
"2024-03-12","94.88","95.04","95.21","94.69","29.57M","-0.84%"
"2024-03-11","95.68","95.96","96.01","95.37","17.79M","-0.05%"
"2024-03-08","95.73","95.80","96.04","95.48","25.02M","-0.18%"
"2024-03-07","95.90","96.36","96.40","95.48","39.08M","-0.09%"
"2024-03-06","95.99","95.49","96.17","95.41","40.57M","0.59%"
"2024-03-05","95.43","95.23","95.68","94.96","37.72M","1.42%"
"2024-03-04","94.09","93.70","94.15","93.68","23.86M","-0.40%"
"2024-03-01","94.47","93.44","94.51","93.01","45.83M","0.31%"
"2024-02-29","94.18","93.82","94.30","93.78","51.04M","0.71%"
"2024-02-28","93.52","93.08","93.60","92.90","34.57M","0.63%"
"2024-02-27","92.93","93.24","93.47","92.85","30.24M","-0.71%"
"2024-02-26","93.59","94.00","94.03","93.19","27.86M","-0.30%"
"2024-02-23","93.87","92.75","94.00","92.75","38.41M","1.34%"
"2024-02-22","92.63","92.33","92.76","92.26","45.19M","0.49%"
"2024-02-21","92.18","92.83","92.89","92.01","36.40M","-0.71%"
"2024-02-20","92.84","92.79","93.19","92.72","24.47M","0.09%"
"2024-02-16","92.76","92.48","92.85","92.34","33.12M","-0.58%"
"2024-02-15","93.30","93.56","93.72","93.00","49.60M","0.52%"
"2024-02-14","92.82","92.30","93.05","92.23","44.19M","0.51%"
"2024-02-13","92.35","92.86","93.06","92.33","49.77M","-1.71%"
"2024-02-12","93.96","93.90","94.14","93.50","27.89M","0.12%"
"2024-02-09","93.85","93.76","94.01","93.66","27.95M","-0.20%"
"2024-02-08","94.04","94.02","94.30","93.65","50.09M","-0.58%"
"2024-02-07","94.59","94.57","95.23","94.52","40.12M","-0.48%"
"2024-02-06","95.05","94.24","95.15","94.21","33.41M","0.98%"
"2024-02-05","94.13","94.63","94.85","94.02","53.83M","-2.02%"
"2024-02-02","96.07","96.27","96.62","95.69","63.82M","-2.21%"
"2024-02-01","98.24","97.42","98.67","97.19","84.29M","1.63%"
"2024-01-31","96.66","96.22","96.91","96.00","80.65M","0.98%"
"2024-01-30","95.72","95.48","95.84","94.74","40.15M","0.91%"
"2024-01-29","94.86","94.31","95.17","94.12","38.24M","1.15%"
"2024-01-26","93.78","93.93","94.07","93.49","29.28M","-0.19%"
"2024-01-25","93.96","94.00","94.22","93.57","57.02M","0.65%"
"2024-01-24","93.35","94.51","94.54","93.10","54.57M","-0.59%"
"2024-01-23","93.90","93.89","93.99","93.43","35.79M","-0.79%"
"2024-01-22","94.65","94.82","95.08","94.39","35.76M","0.60%"
"2024-01-19","94.09","93.71","94.17","93.26","47.03M","0.32%"
"2024-01-18","93.79","94.46","94.58","93.51","77.34M","-0.93%"
"2024-01-17","94.67","94.60","95.00","94.16","55.51M","-0.16%"
"2024-01-16","94.82","95.62","95.79","94.51","61.72M","-1.76%"
"2024-01-12","96.52","96.78","97.27","96.27","38.88M","-0.20%"
"2024-01-11","96.71","96.17","96.83","95.71","78.86M","0.56%"
"2024-01-10","96.17","96.92","97.04","96.12","48.23M","-0.47%"
"2024-01-09","96.62","96.64","97.17","96.58","34.37M","-0.64%"
"2024-01-08","97.24","96.23","97.38","96.09","39.49M","0.99%"
"2024-01-05","96.29","96.50","97.68","96.21","45.89M","-0.96%"
"2024-01-04","97.22","97.42","97.64","97.07","52.60M","-1.52%"
"2024-01-03","98.72","97.38","98.85","97.15","58.16M","0.42%"
"2024-01-02","98.31","98.23","98.65","98.00","47.80M","-0.58%"
"2023-12-29","98.88","99.13","99.82","98.79","41.62M","-0.90%"
"2023-12-28","99.78","100.09","100.57","99.56","36.21M","-0.73%"
"2023-12-27","100.51","99.78","100.53","99.50","45.08M","1.77%"
"2023-12-26","98.76","98.54","98.87","98.48","24.02M","0.29%"
"2023-12-22","98.47","99.38","99.38","98.24","29.24M","-0.46%"
"2023-12-21","98.93","99.74","99.84","98.75","65.23M","-0.63%"
"2023-12-20","99.56","99.11","99.69","98.58","51.23M","0.68%"
"2023-12-19","98.89","98.86","99.26","98.66","30.02M","0.54%"
"2023-12-18","98.36","98.50","98.50","98.02","34.75M","-0.80%"
"2023-12-15","99.15","98.69","99.35","98.58","59.94M","0.11%"
"2023-12-14","99.04","97.66","99.04","97.42","87.80M","2.27%"
"2023-12-13","96.84","95.17","96.98","95.02","70.83M","2.35%"
"2023-12-12","94.62","94.15","94.70","93.90","37.00M","0.30%"
"2023-12-11","94.34","94.01","94.44","93.53","33.91M","-0.21%"
"2023-12-08","94.54","94.42","94.71","93.91","44.81M","-0.82%"
"2023-12-07","95.32","95.18","96.08","95.06","47.97M","-0.57%"
"2023-12-06","95.87","95.08","96.05","94.87","61.61M","1.33%"
"2023-12-05","94.61","93.63","94.62","93.57","73.59M","2.15%"
"2023-12-04","92.61","92.49","92.83","92.09","33.77M","-0.40%"
"2023-12-01","92.99","91.31","93.06","91.13","64.17M","1.56%"
"2023-11-30","91.56","91.97","92.29","91.15","60.52M","-1.16%"
"2023-11-29","92.63","92.11","92.69","91.78","61.65M","1.26%"
"2023-11-28","91.48","90.91","91.53","90.79","44.99M","0.20%"
"2023-11-27","91.30","90.30","91.34","90.21","39.80M","1.67%"
"2023-11-24","89.80","90.10","90.26","89.79","20.20M","-1.18%"
"2023-11-22","90.87","91.12","91.32","90.38","31.22M","0.35%"
"2023-11-21","90.55","90.50","90.80","89.89","27.72M","-0.04%"
"2023-11-20","90.59","89.62","90.65","89.61","40.52M","0.61%"
"2023-11-17","90.04","90.16","90.43","89.64","44.10M","0.47%"
"2023-11-16","89.62","89.30","89.96","89.25","49.47M","1.24%"
"2023-11-15","88.52","89.01","89.14","88.31","56.21M","-1.40%"
"2023-11-14","89.78","90.00","90.15","89.29","65.67M","2.27%"
"2023-11-13","87.79","87.22","87.94","86.90","25.66M","-0.23%"
"2023-11-10","87.99","88.22","88.43","87.77","36.59M","0.56%"
"2023-11-09","87.50","88.94","89.03","86.74","88.98M","-2.30%"
"2023-11-08","89.56","88.48","89.62","88.45","53.89M","1.70%"
"2023-11-07","88.06","87.61","88.50","87.59","37.83M","1.47%"
"2023-11-06","86.78","87.07","87.20","86.60","41.34M","-0.97%"
"2023-11-03","87.63","88.81","89.05","87.57","77.69M","0.68%"
"2023-11-02","87.04","86.68","87.31","86.22","69.74M","2.28%"
"2023-11-01","85.10","84.04","85.12","84.02","72.31M","1.82%"
"2023-10-31","83.58","84.36","84.77","83.55","37.27M","-0.49%"
"2023-10-30","83.99","83.81","84.50","83.24","45.03M","-0.45%"
"2023-10-27","84.37","84.19","84.97","83.74","32.36M","-0.42%"
"2023-10-26","84.73","83.48","84.82","83.40","49.70M","1.53%"
"2023-10-25","83.45","84.02","84.13","83.13","60.74M","-2.23%"
"2023-10-24","85.35","84.44","85.35","84.09","46.27M","1.32%"
"2023-10-23","84.24","82.81","84.86","82.42","70.89M","1.20%"
"2023-10-20","83.24","82.99","83.54","82.77","52.19M","0.57%"
"2023-10-19","82.77","83.88","84.57","82.74","87.70M","-2.05%"
"2023-10-18","84.50","84.38","84.72","83.85","63.72M","-0.88%"
"2023-10-17","85.25","84.89","85.63","84.50","52.95M","-1.10%"
"2023-10-16","86.20","86.19","86.37","85.90","38.31M","-1.61%"
"2023-10-13","87.61","87.60","87.83","87.17","44.20M","1.79%"
"2023-10-12","86.07","88.05","88.19","85.93","66.99M","-2.71%"
"2023-10-11","88.47","87.85","88.47","87.60","58.52M","2.09%"
"2023-10-10","86.66","85.85","87.17","85.52","54.74M","-0.14%"
"2023-10-09","86.78","85.50","86.80","84.95","29.42M","2.35%"
"2023-10-06","84.79","84.20","85.68","84.06","62.79M","-1.21%"
"2023-10-05","85.83","86.11","86.19","85.64","35.76M","-0.50%"
"2023-10-04","86.26","85.77","86.31","85.37","56.28M","1.41%"
"2023-10-03","85.06","86.31","86.65","84.89","71.36M","-2.15%"
"2023-10-02","86.93","87.82","87.93","86.71","44.70M","-1.98%"
"2023-09-29","88.69","89.27","89.49","88.13","49.01M","0.01%"
"2023-09-28","88.68","87.62","88.73","87.10","60.24M","0.31%"
"2023-09-27","88.41","89.54","89.62","88.09","47.11M","-0.52%"
"2023-09-26","88.87","89.43","89.62","88.71","38.10M","-0.35%"
"2023-09-25","89.18","89.66","90.04","89.15","45.59M","-2.46%"
"2023-09-22","91.43","90.81","91.61","90.67","29.53M","0.80%"
"2023-09-21","90.70","91.29","91.36","90.69","59.96M","-2.57%"
"2023-09-20","93.09","93.29","93.60","93.04","29.45M","0.31%"
"2023-09-19","92.80","93.08","93.43","92.80","24.95M","-0.74%"
"2023-09-18","93.49","92.85","93.53","92.82","17.96M","0.57%"
"2023-09-15","92.96","93.46","93.48","92.96","25.64M","-0.61%"
"2023-09-14","93.53","93.94","94.21","93.40","27.80M","-0.72%"
"2023-09-13","94.21","93.92","94.53","93.82","23.33M","-0.02%"
"2023-09-12","94.23","93.89","94.24","93.58","20.03M","0.58%"
"2023-09-11","93.69","93.70","93.98","93.55","17.06M","-0.72%"
"2023-09-08","94.37","94.38","94.90","94.17","17.05M","0.38%"
"2023-09-07","94.01","94.00","94.07","93.68","18.09M","0.28%"
"2023-09-06","93.75","94.09","94.11","93.46","23.61M","0.25%"
"2023-09-05","93.52","94.28","94.29","93.49","29.44M","-1.40%"
"2023-09-01","94.85","95.80","95.82","94.62","32.47M","-1.85%"
"2023-08-31","96.64","96.54","97.05","96.43","26.96M","0.45%"
"2023-08-30","96.21","96.16","96.40","95.88","17.55M","-0.10%"
"2023-08-29","96.31","94.97","96.51","94.94","28.48M","1.04%"
"2023-08-28","95.32","95.65","95.66","94.89","16.04M","0.11%"
"2023-08-25","95.22","94.66","95.51","94.51","23.87M","0.33%"
"2023-08-24","94.91","95.13","95.55","94.89","22.30M","-0.66%"
"2023-08-23","95.54","94.30","95.55","94.23","38.29M","2.48%"
"2023-08-22","93.23","92.64","93.28","92.46","21.32M","0.77%"
"2023-08-21","92.52","92.66","92.76","92.23","29.25M","-1.33%"
"2023-08-18","93.77","93.43","94.19","93.30","24.18M","0.35%"
"2023-08-17","93.44","93.50","93.61","93.02","32.24M","-0.43%"
"2023-08-16","93.84","94.28","94.79","93.72","23.08M","-0.78%"
"2023-08-15","94.58","94.80","95.19","94.56","24.13M","-0.61%"
"2023-08-14","95.16","95.21","95.93","94.90","19.07M","-0.22%"
"2023-08-11","95.37","95.30","95.86","95.20","26.75M","-0.23%"
"2023-08-10","95.59","97.04","97.36","95.59","37.25M","-1.65%"
"2023-08-09","97.19","96.88","97.29","96.84","20.15M","0.52%"
"2023-08-08","96.69","96.86","97.37","96.44","24.01M","1.16%"
"2023-08-07","95.58","96.11","96.20","95.50","35.86M","-0.98%"
"2023-08-04","96.53","95.15","96.68","95.13","42.07M","1.77%"
"2023-08-03","94.85","95.19","95.32","94.54","59.45M","-2.31%"
"2023-08-02","97.09","97.04","97.24","96.41","38.12M","-1.07%"
"2023-08-01","98.14","98.84","98.92","97.90","34.99M","-1.91%"
"2023-07-31","100.05","99.65","100.33","99.62","28.67M","0.24%"
"2023-07-28","99.81","99.40","99.86","99.15","27.43M","0.51%"
"2023-07-27","99.30","100.71","100.93","98.91","44.79M","-1.95%"
"2023-07-26","101.27","101.68","101.69","100.93","19.31M","0.10%"
"2023-07-25","101.17","100.83","101.50","100.80","17.16M","-0.19%"
"2023-07-24","101.36","101.99","102.15","101.30","17.55M","-0.36%"
"2023-07-21","101.73","102.16","102.35","101.63","20.66M","0.03%"
"2023-07-20","101.70","102.22","102.31","101.28","56.95M","-1.21%"
"2023-07-19","102.95","102.00","102.98","101.72","27.19M","1.13%"
"2023-07-18","101.80","101.80","102.07","101.57","15.41M","0.45%"
"2023-07-17","101.34","101.23","101.49","100.92","18.83M","0.05%"
"2023-07-14","101.29","101.72","101.93","101.24","18.57M","-0.59%"
"2023-07-13","101.89","101.31","101.97","101.03","32.44M","1.05%"
"2023-07-12","100.83","100.10","101.12","99.76","31.93M","1.11%"
"2023-07-11","99.72","99.57","99.97","99.29","20.49M","0.51%"
"2023-07-10","99.21","98.86","99.53","98.85","24.67M","0.13%"
"2023-07-07","99.08","99.18","99.60","98.99","29.00M","-0.60%"
"2023-07-06","99.68","100.20","100.38","99.47","41.38M","-1.41%"
"2023-07-05","101.11","101.89","102.00","100.74","28.17M","-0.95%"
"2023-07-03","102.08","102.84","103.25","102.06","16.01M","-0.84%"
"2023-06-30","102.94","102.06","103.06","101.87","32.02M","1.18%"
"2023-06-29","101.74","102.17","102.34","101.45","41.09M","-1.80%"
"2023-06-28","103.61","103.41","103.84","102.83","23.83M","0.43%"
"2023-06-27","103.17","103.59","103.95","102.76","18.11M","-0.26%"
"2023-06-26","103.44","103.62","103.80","103.16","12.89M","0.11%"
"2023-06-23","103.33","103.83","103.95","102.98","22.90M","1.00%"
"2023-06-22","102.31","102.80","103.25","102.20","23.63M","-1.21%"
"2023-06-21","103.56","102.81","103.65","102.34","19.72M","0.24%"
"2023-06-20","103.31","103.11","103.66","103.11","17.16M","0.69%"
"2023-06-16","102.60","102.44","102.83","102.03","16.76M","-0.39%"
"2023-06-15","103.00","103.03","103.63","102.60","25.73M","0.96%"
"2023-06-14","102.02","101.63","102.29","101.46","29.09M","0.80%"
"2023-06-13","101.21","102.11","102.33","100.96","25.91M","-0.99%"
"2023-06-12","102.22","102.24","102.30","101.12","19.02M","0.29%"
"2023-06-09","101.92","101.60","102.26","101.34","22.15M","-0.14%"
"2023-06-08","102.06","100.87","102.14","100.80","23.85M","1.17%"
"2023-06-07","100.88","102.17","102.43","100.78","25.25M","-1.48%"
"2023-06-06","102.40","101.84","102.47","101.39","14.33M","0.59%"
"2023-06-05","101.80","101.35","102.44","101.21","14.43M","-0.19%"
"2023-06-02","101.99","103.00","103.07","101.94","19.14M","-1.10%"
"2023-06-01","103.12","103.28","103.63","102.63","21.04M","0.13%"
"2023-05-31","102.99","101.99","103.18","101.87","23.79M","0.87%"
"2023-05-30","102.10","101.40","102.24","101.25","23.13M","1.00%"
"2023-05-26","101.09","100.12","101.17","100.00","17.03M","0.81%"
"2023-05-25","100.28","100.70","100.80","100.03","22.49M","-0.25%"
"2023-05-24","100.53","101.28","101.36","100.53","18.47M","-0.49%"
"2023-05-23","101.03","100.43","101.25","100.28","21.75M","0.29%"
"2023-05-22","100.74","101.25","101.71","100.67","20.13M","-0.36%"
"2023-05-19","101.10","101.26","101.86","100.93","29.04M","-0.71%"
"2023-05-18","101.82","102.20","102.26","101.75","25.54M","-0.74%"
"2023-05-17","102.58","103.08","103.16","102.35","21.34M","-0.29%"
"2023-05-16","102.88","102.40","102.90","102.11","29.25M","-0.30%"
"2023-05-15","103.19","103.39","103.47","103.12","20.09M","-1.04%"
"2023-05-12","104.27","105.05","105.25","104.25","14.20M","-0.84%"
"2023-05-11","105.15","105.29","105.52","104.72","19.15M","1.06%"
"2023-05-10","104.05","103.67","104.24","103.64","22.89M","0.97%"
"2023-05-09","103.05","103.50","103.64","103.00","19.18M","-0.36%"
"2023-05-08","103.42","103.51","103.87","103.32","20.59M","-1.40%"
"2023-05-05","104.89","104.35","104.90","104.11","15.10M","-0.33%"
"2023-05-04","105.24","105.22","106.45","105.15","25.11M","-0.99%"
"2023-05-03","106.29","106.00","106.60","105.28","23.66M","0.56%"
"2023-05-02","105.70","104.00","105.70","103.89","30.06M","2.49%"
"2023-05-01","103.13","105.27","105.42","102.84","32.49M","-3.13%"
"2023-04-28","106.46","106.21","106.76","105.86","26.95M","1.61%"
"2023-04-27","104.77","105.20","105.27","104.61","20.25M","-0.99%"
"2023-04-26","105.82","106.79","107.24","105.67","19.61M","-1.07%"
"2023-04-25","106.96","106.33","107.13","106.28","21.90M","1.47%"
"2023-04-24","105.41","104.96","105.49","104.84","17.03M","0.97%"
"2023-04-21","104.40","105.30","105.46","104.27","15.24M","-0.56%"
"2023-04-20","104.99","104.83","105.28","104.75","16.45M","0.85%"
"2023-04-19","104.10","103.91","104.24","103.47","16.09M","-0.10%"
"2023-04-18","104.20","103.81","104.58","103.80","15.92M","0.36%"
"2023-04-17","103.83","104.42","104.59","103.71","19.53M","-1.19%"
"2023-04-14","105.08","105.39","105.55","104.77","19.80M","-0.91%"
"2023-04-13","106.05","107.05","107.39","105.88","22.08M","-0.79%"
"2023-04-12","106.89","107.05","107.17","105.88","20.56M","-0.10%"
"2023-04-11","107.00","107.05","107.09","106.51","13.97M","0.21%"
"2023-04-10","106.78","107.64","107.76","106.56","19.13M","-1.61%"
"2023-04-06","108.53","108.42","108.87","108.39","16.45M","0.26%"
"2023-04-05","108.25","107.77","108.37","107.41","23.05M","1.05%"
"2023-04-04","107.13","105.78","107.80","105.75","18.05M","0.50%"
"2023-04-03","106.60","105.88","107.10","105.70","18.23M","0.22%"
"2023-03-31","106.37","105.35","106.56","105.07","25.40M","1.50%"
"2023-03-30","104.80","104.46","105.05","104.27","14.32M","0.46%"
"2023-03-29","104.32","103.70","104.45","103.60","16.80M","-0.20%"
"2023-03-28","104.53","104.24","104.68","104.02","17.79M","0.18%"
"2023-03-27","104.34","105.05","105.76","104.32","22.22M","-2.35%"
"2023-03-24","106.85","107.09","107.43","106.26","23.66M","0.42%"
"2023-03-23","106.40","105.36","106.55","104.82","25.48M","0.00%"
"2023-03-22","106.40","104.66","106.45","104.44","26.39M","1.33%"
"2023-03-21","105.00","105.08","105.42","104.54","18.93M","-0.86%"
"2023-03-20","105.91","106.88","106.96","105.72","24.24M","-0.88%"
"2023-03-17","106.85","106.65","107.73","106.46","38.13M","1.50%"
"2023-03-16","105.27","107.38","108.03","105.04","43.10M","-0.78%"
"2023-03-15","106.10","106.78","107.71","105.35","45.16M","1.93%"
"2023-03-14","104.09","105.14","105.61","103.75","38.42M","-1.64%"
"2023-03-13","105.83","108.20","109.10","105.04","51.50M","0.23%"
"2023-03-10","105.59","104.03","105.69","104.00","43.92M","3.45%"
"2023-03-09","102.07","101.55","102.52","101.33","21.55M","0.25%"
"2023-03-08","101.82","102.40","102.97","101.42","20.25M","0.10%"
"2023-03-07","101.72","101.46","102.36","100.88","23.10M","0.61%"
"2023-03-06","101.10","102.22","102.34","100.99","16.63M","-0.78%"
"2023-03-03","101.89","100.93","101.90","100.57","30.88M","2.42%"
"2023-03-02","99.48","99.06","99.64","98.88","23.77M","-0.89%"
"2023-03-01","100.37","100.82","101.03","99.96","19.00M","-1.32%"
"2023-02-28","101.71","100.57","101.72","100.28","14.96M","0.45%"
"2023-02-27","101.25","101.29","101.70","100.91","14.21M","0.28%"
"2023-02-24","100.97","101.44","101.79","100.56","21.40M","-1.30%"
"2023-02-23","102.30","101.54","102.59","101.47","15.83M","0.98%"
"2023-02-22","101.31","100.99","101.69","100.95","15.17M","0.92%"
"2023-02-21","100.39","101.00","101.20","100.28","22.73M","-1.94%"
"2023-02-17","102.38","101.10","102.38","100.96","19.56M","0.78%"
"2023-02-16","101.59","102.07","102.22","101.33","19.27M","-1.42%"
"2023-02-15","103.05","103.55","103.95","102.50","15.57M","-0.93%"
"2023-02-14","104.02","104.20","104.83","103.14","15.44M","-0.23%"
"2023-02-13","104.26","103.71","104.42","103.58","13.13M","0.84%"
"2023-02-10","103.39","104.40","104.44","103.11","16.60M","-1.12%"
"2023-02-09","104.56","106.47","106.62","104.39","20.47M","-0.95%"
"2023-02-08","105.56","105.04","105.58","104.39","13.53M","0.48%"
"2023-02-07","105.06","105.33","106.23","105.00","18.29M","-0.80%"
"2023-02-06","105.91","105.75","106.31","105.68","15.18M","-0.74%"
"2023-02-03","106.70","106.77","107.11","106.08","20.62M","-1.50%"
"2023-02-02","108.32","108.92","109.35","108.08","19.55M","0.13%"
"2023-02-01","108.18","107.55","108.59","106.42","25.31M","0.94%"
"2023-01-31","107.17","106.98","107.28","105.87","13.71M","0.80%"
"2023-01-30","106.32","106.46","107.16","106.19","11.46M","-0.37%"
"2023-01-27","106.71","106.19","106.96","106.11","11.85M","-0.25%"
"2023-01-26","106.98","107.14","107.65","106.49","15.55M","-0.47%"
"2023-01-25","107.48","107.37","107.90","106.64","11.91M","0.24%"
"2023-01-24","107.22","106.12","107.45","105.39","16.42M","1.44%"
"2023-01-23","105.70","105.57","106.20","105.49","12.96M","-0.47%"
"2023-01-20","106.20","106.96","107.24","106.11","22.75M","-1.62%"
"2023-01-19","107.95","108.10","108.37","107.44","17.19M","-0.63%"
"2023-01-18","108.63","108.46","108.77","107.12","35.50M","2.42%"
"2023-01-17","106.06","105.67","106.66","105.65","13.91M","-0.65%"
"2023-01-13","106.75","107.10","107.80","106.38","17.75M","-0.94%"
"2023-01-12","107.76","105.82","107.81","104.56","32.03M","1.97%"
"2023-01-11","105.68","104.97","105.72","104.70","18.79M","1.63%"
"2023-01-10","103.99","104.53","104.82","103.50","20.55M","-1.66%"
"2023-01-09","105.74","104.41","105.93","104.27","21.47M","0.53%"
"2023-01-06","105.18","102.70","105.30","102.64","27.47M","1.84%"
"2023-01-05","103.28","101.87","103.29","101.78","14.77M","0.42%"
"2023-01-04","102.85","103.22","103.47","102.21","21.68M","1.37%"
"2023-01-03","101.46","102.20","102.34","100.84","25.31M","1.91%"
"2022-12-30","99.56","99.87","100.55","99.37","20.81M","-1.11%"
"2022-12-29","100.68","99.86","100.99","99.79","16.59M","1.14%"
"2022-12-28","99.55","100.65","100.78","99.35","17.30M","-0.59%"
"2022-12-27","100.14","100.49","101.07","100.01","26.48M","-1.98%"
"2022-12-23","102.16","102.58","102.81","102.02","15.41M","-1.47%"
"2022-12-22","103.68","103.67","104.12","103.38","11.32M","-0.02%"
"2022-12-21","103.70","104.29","104.40","102.96","15.89M","0.25%"
"2022-12-20","103.44","103.38","103.81","103.10","28.87M","-1.78%"
"2022-12-19","105.31","105.83","105.84","104.98","26.13M","-1.68%"
"2022-12-16","107.11","106.60","107.83","106.31","20.84M","-1.12%"
"2022-12-15","108.32","108.39","109.12","108.16","20.26M","0.15%"
"2022-12-14","108.16","107.66","108.32","106.89","19.52M","0.43%"
"2022-12-13","107.70","109.04","109.08","107.46","23.85M","0.97%"
"2022-12-12","106.67","107.86","108.11","106.26","16.90M","0.32%"
"2022-12-09","106.33","107.94","108.17","106.27","25.87M","-2.60%"
"2022-12-08","109.17","108.70","109.45","108.47","13.38M","-0.27%"
"2022-12-07","109.47","108.37","109.68","108.20","30.55M","2.36%"
"2022-12-06","106.95","106.50","107.39","106.19","21.75M","1.29%"
"2022-12-05","105.59","105.84","105.99","104.90","20.16M","-1.40%"
"2022-12-02","107.09","105.30","107.10","104.61","24.48M","1.26%"
"2022-12-01","105.76","103.15","105.81","103.10","53.16M","2.95%"
"2022-11-30","102.73","101.61","102.73","101.37","21.58M","0.74%"
"2022-11-29","101.98","102.15","102.96","101.91","16.58M","-1.17%"
"2022-11-28","103.19","103.61","103.81","102.68","14.57M","0.28%"
"2022-11-25","102.90","102.61","102.93","102.43","9.49M","-0.34%"
"2022-11-23","103.25","102.14","103.25","102.08","23.23M","1.74%"
"2022-11-22","101.48","100.65","101.62","100.53","18.10M","1.42%"
"2022-11-21","100.06","100.69","100.82","99.80","15.53M","0.42%"
"2022-11-18","99.64","100.60","100.89","99.54","14.94M","-0.69%"
"2022-11-17","100.33","100.20","100.57","99.78","24.54M","-1.06%"
"2022-11-16","101.40","100.02","101.45","99.74","28.51M","2.19%"
"2022-11-15","99.23","98.25","99.30","98.11","26.61M","1.62%"
"2022-11-14","97.65","97.91","97.99","97.09","13.71M","-0.25%"
"2022-11-11","97.89","97.57","98.37","97.54","15.94M","-0.37%"
"2022-11-10","98.25","96.72","98.43","96.64","45.38M","3.85%"
"2022-11-09","94.61","93.82","95.02","93.69","15.64M","0.33%"
"2022-11-08","94.30","93.80","94.96","93.77","20.36M","1.09%"
"2022-11-07","93.28","94.80","94.86","93.24","14.52M","-1.00%"
"2022-11-04","94.22","95.10","95.65","94.22","23.56M","-1.68%"
"2022-11-03","95.83","95.17","96.38","95.09","29.10M","-0.54%"
"2022-11-02","96.35","96.91","97.63","95.96","25.01M","-0.43%"
"2022-11-01","96.77","97.38","97.42","96.21","17.59M","0.69%"
"2022-10-31","96.11","96.36","96.62","95.03","23.96M","-0.71%"
"2022-10-28","96.80","96.86","97.63","96.41","22.24M","-0.69%"
"2022-10-27","97.47","96.98","97.90","96.21","20.27M","1.05%"
"2022-10-26","96.46","95.77","96.69","95.76","24.85M","1.44%"
"2022-10-25","95.09","94.58","95.22","94.44","31.21M","2.91%"
"2022-10-24","92.40","92.82","93.55","91.85","31.33M","-0.83%"
"2022-10-21","93.17","93.02","93.93","92.26","46.28M","-1.80%"
"2022-10-20","94.88","95.93","96.33","94.74","25.43M","-1.71%"
"2022-10-19","96.53","97.19","97.42","96.32","25.43M","-1.82%"
"2022-10-18","98.32","97.95","98.46","96.87","16.93M","0.23%"
"2022-10-17","98.09","99.29","99.66","97.94","18.97M","-0.49%"
"2022-10-14","98.57","100.19","100.19","98.25","18.73M","-0.83%"
"2022-10-13","99.39","98.36","100.38","98.34","30.29M","-0.96%"
"2022-10-12","100.35","99.28","100.54","99.19","21.45M","0.49%"
"2022-10-11","99.86","99.74","100.90","98.99","33.25M","0.44%"
"2022-10-10","99.42","100.50","100.51","98.79","15.65M","-1.55%"
"2022-10-07","100.99","100.81","101.62","100.47","14.81M","-0.97%"
"2022-10-06","101.98","102.59","102.84","101.53","13.97M","-0.56%"
"2022-10-05","102.55","102.73","102.84","101.58","20.52M","-0.96%"
"2022-10-04","103.54","104.15","104.65","103.30","13.79M","-0.28%"
"2022-10-03","103.83","103.85","104.68","103.15","27.19M","1.35%"
"2022-09-30","102.45","104.27","104.86","102.22","26.49M","-1.29%"
"2022-09-29","103.79","102.90","104.22","102.80","19.13M","-0.52%"
"2022-09-28","104.33","103.13","104.45","102.48","39.28M","3.35%"
"2022-09-27","100.95","102.71","102.98","100.90","34.61M","-2.63%"
"2022-09-26","103.68","105.36","105.41","103.22","25.10M","-1.91%"
"2022-09-23","105.70","105.34","106.43","104.56","23.04M","0.41%"
"2022-09-22","105.27","105.79","105.96","104.73","29.03M","-2.55%"
"2022-09-21","108.03","106.70","108.04","105.97","23.13M","1.68%"
"2022-09-20","106.25","105.69","106.84","105.40","20.13M","-1.00%"
"2022-09-19","107.32","106.96","107.82","106.80","11.08M","0.23%"
"2022-09-16","107.07","107.03","108.05","106.76","18.90M","-0.83%"
"2022-09-15","107.97","107.85","108.19","107.58","10.26M","-0.06%"
"2022-09-14","108.04","107.34","108.21","107.11","13.08M","0.34%"
"2022-09-13","107.67","106.56","107.74","106.24","22.16M","0.23%"
"2022-09-12","107.42","108.63","108.89","106.92","14.81M","-0.82%"
"2022-09-09","108.31","108.33","108.79","107.63","12.53M","0.22%"
"2022-09-08","108.07","108.84","109.52","108.05","14.67M","-1.03%"
"2022-09-07","109.19","108.32","109.48","108.21","17.05M","1.58%"
"2022-09-06","107.49","108.90","108.97","107.42","24.65M","-2.48%"
"2022-09-02","110.22","109.68","110.56","109.47","13.02M","0.57%"
"2022-09-01","109.60","109.87","110.25","108.94","22.49M","-2.04%"
"2022-08-31","111.88","112.69","113.34","111.57","13.62M","-0.96%"
"2022-08-30","112.96","112.62","113.51","112.21","14.35M","0.25%"
"2022-08-29","112.68","112.94","113.01","112.13","14.28M","-0.83%"
"2022-08-26","113.62","112.30","113.99","112.01","18.76M","0.75%"
"2022-08-25","112.77","111.32","113.09","110.99","21.43M","1.39%"
"2022-08-24","111.22","111.49","111.87","110.86","13.97M","-0.73%"
"2022-08-23","112.04","112.19","113.48","111.74","17.81M","-0.55%"
"2022-08-22","112.66","112.86","112.96","112.13","10.46M","-0.34%"
"2022-08-19","113.04","113.23","113.33","112.74","16.33M","-1.61%"
"2022-08-18","114.89","114.97","115.64","114.58","10.74M","0.15%"
"2022-08-17","114.72","115.06","115.10","114.31","14.13M","-1.04%"
"2022-08-16","115.93","115.25","116.02","114.24","11.07M","0.42%"
"2022-08-15","115.45","116.33","116.75","115.45","9.03M","-0.09%"
"2022-08-12","115.55","115.10","115.57","114.43","12.18M","1.01%"
"2022-08-11","114.39","116.87","117.06","114.09","20.66M","-2.33%"
"2022-08-10","117.12","117.73","118.91","116.73","14.67M","-0.65%"
"2022-08-09","117.89","117.73","118.36","117.46","8.22M","-0.39%"
"2022-08-08","118.35","117.64","118.53","117.56","17.48M","1.61%"
"2022-08-05","116.47","117.07","117.11","115.89","19.49M","-2.38%"
"2022-08-04","119.31","118.98","119.55","118.54","11.00M","-0.03%"
"2022-08-03","119.35","117.17","119.49","116.33","16.73M","1.57%"
"2022-08-02","117.50","120.15","120.69","117.29","17.90M","-2.12%"
"2022-08-01","120.04","118.25","120.10","118.08","17.97M","2.22%"
"2022-07-29","117.43","117.70","119.31","117.33","16.66M","-0.27%"
"2022-07-28","117.75","118.04","118.92","117.32","16.64M","0.80%"
"2022-07-27","116.82","118.01","118.49","116.71","15.73M","-0.56%"
"2022-07-26","117.48","118.86","119.24","117.39","13.54M","0.08%"
"2022-07-25","117.39","116.71","117.54","116.47","24.87M","-0.98%"
"2022-07-22","118.55","118.29","119.27","117.97","17.72M","1.68%"
"2022-07-21","116.59","115.19","116.72","115.01","14.75M","1.73%"
"2022-07-20","114.61","115.48","115.55","114.05","9.12M","0.26%"
"2022-07-19","114.31","114.91","115.15","113.66","9.28M","-0.54%"
"2022-07-18","114.93","115.25","115.32","114.18","15.84M","-1.04%"
"2022-07-15","116.14","115.84","116.82","115.60","16.02M","0.56%"
"2022-07-14","115.49","115.08","116.16","114.47","15.66M","-0.82%"
"2022-07-13","116.44","113.77","116.65","113.45","20.59M","1.15%"
"2022-07-12","115.12","115.51","116.23","114.97","18.55M","0.59%"
"2022-07-11","114.44","113.79","114.79","113.70","13.64M","1.72%"
"2022-07-08","112.50","113.50","113.50","112.05","15.32M","-1.11%"
"2022-07-07","113.76","115.10","115.17","113.51","13.09M","-0.88%"
"2022-07-06","114.77","117.39","117.54","114.77","20.21M","-1.68%"
"2022-07-05","116.73","116.89","117.75","116.17","16.69M","0.79%"
"2022-07-01","115.82","115.90","117.59","115.22","21.86M","0.83%"
"2022-06-30","114.87","114.86","115.77","114.75","25.80M","0.88%"
"2022-06-29","113.87","112.38","113.90","112.17","12.93M","1.56%"
"2022-06-28","112.12","111.29","112.18","110.87","13.71M","0.47%"
"2022-06-27","111.60","111.22","112.22","111.16","12.05M","-0.85%"
"2022-06-24","112.56","113.46","114.17","112.50","18.16M","-1.38%"
"2022-06-23","114.14","113.90","115.17","113.49","20.67M","0.82%"
"2022-06-22","113.21","112.69","113.31","112.38","23.70M","2.75%"
"2022-06-21","110.18","110.09","111.01","109.81","17.66M","-1.70%"
"2022-06-17","112.08","112.01","112.83","110.96","21.61M","0.32%"
"2022-06-16","111.72","108.45","111.72","108.11","26.07M","0.79%"
"2022-06-15","110.84","110.08","110.99","109.03","25.20M","1.87%"
"2022-06-14","108.81","110.53","110.98","108.59","21.87M","-1.26%"
"2022-06-13","110.20","111.49","111.67","109.24","36.97M","-3.14%"
"2022-06-10","113.77","114.36","114.61","112.96","21.92M","-0.62%"
"2022-06-09","114.48","113.83","114.71","113.68","15.53M","0.33%"
"2022-06-08","114.10","114.68","115.13","114.08","11.48M","-0.89%"
"2022-06-07","115.12","114.61","115.78","114.58","14.28M","1.08%"
"2022-06-06","113.89","115.15","115.51","113.81","20.82M","-1.84%"
"2022-06-03","116.03","115.09","116.06","114.87","15.33M","-0.21%"
"2022-06-02","116.28","116.63","116.71","115.46","9.83M","0.05%"
"2022-06-01","116.22","117.03","117.34","115.69","15.54M","-0.29%"
"2022-05-31","116.56","117.18","117.23","115.93","28.39M","-2.12%"
"2022-05-27","119.08","119.36","119.74","118.74","11.19M","0.24%"
"2022-05-26","118.79","119.02","119.09","117.80","14.91M","-0.45%"
"2022-05-25","119.33","119.61","119.62","118.59","14.41M","0.40%"
"2022-05-24","118.86","117.90","119.64","117.86","23.39M","1.97%"
"2022-05-23","116.56","117.71","118.25","116.54","15.93M","-1.65%"
"2022-05-20","118.51","117.09","119.02","117.06","22.78M","1.14%"
"2022-05-19","117.18","118.64","118.72","116.85","21.94M","0.24%"
"2022-05-18","116.90","114.72","117.00","114.61","21.34M","2.13%"
"2022-05-17","114.46","114.71","115.35","114.36","15.04M","-1.21%"
"2022-05-16","115.86","116.21","116.93","115.85","11.05M","-0.10%"
"2022-05-13","115.98","116.98","117.15","115.90","20.78M","-1.48%"
"2022-05-12","117.72","118.02","118.89","117.65","26.41M","-0.19%"
"2022-05-11","117.94","114.74","117.94","114.44","34.17M","1.93%"
"2022-05-10","115.71","115.89","116.96","115.48","33.64M","0.91%"
"2022-05-09","114.67","112.86","114.71","112.62","26.77M","0.88%"
"2022-05-06","113.67","114.14","115.04","113.31","32.79M","-1.47%"
"2022-05-05","115.37","116.35","116.47","114.01","48.38M","-2.74%"
"2022-05-04","118.62","117.97","118.96","117.35","25.58M","0.55%"
"2022-05-03","117.97","119.04","119.31","117.89","21.26M","0.67%"
"2022-05-02","117.18","117.86","118.27","116.93","29.23M","-1.90%"
"2022-04-29","119.45","119.31","120.97","119.11","26.15M","-1.30%"
"2022-04-28","121.02","120.39","121.07","120.01","16.89M","0.15%"
"2022-04-27","120.84","122.19","122.32","120.77","14.56M","-1.28%"
"2022-04-26","122.41","122.44","123.03","121.76","26.93M","1.01%"
"2022-04-25","121.19","121.38","122.18","121.13","25.42M","1.00%"
"2022-04-22","119.99","120.07","121.44","119.81","19.77M","-0.63%"
"2022-04-21","120.75","120.83","120.91","119.17","23.32M","-0.74%"
"2022-04-20","121.65","120.22","121.96","119.92","31.42M","2.01%"
"2022-04-19","119.25","119.15","119.72","118.67","26.01M","-0.75%"
"2022-04-18","120.15","120.87","121.08","119.69","18.78M","-0.50%"
"2022-04-14","120.75","122.86","122.93","120.38","34.27M","-2.00%"
"2022-04-13","123.22","123.05","124.30","122.89","17.19M","0.20%"
"2022-04-12","122.97","124.05","124.16","122.67","23.12M","-0.14%"
"2022-04-11","123.14","123.92","124.19","122.56","30.02M","-1.58%"
"2022-04-08","125.12","125.45","125.83","124.26","26.86M","-1.08%"
"2022-04-07","126.49","126.11","126.67","125.41","23.46M","-0.75%"
"2022-04-06","127.45","126.43","128.30","126.40","22.95M","-0.81%"
"2022-04-05","128.49","130.76","130.77","128.29","25.20M","-2.26%"
"2022-04-04","131.46","131.93","131.98","130.71","13.61M","-0.69%"
"2022-04-01","132.38","130.01","132.96","129.71","23.49M","0.23%"
"2022-03-31","132.08","131.98","132.67","131.66","19.90M","0.24%"
"2022-03-30","131.76","130.07","132.01","129.99","16.31M","0.78%"
"2022-03-29","130.74","130.56","131.55","129.74","19.32M","0.76%"
"2022-03-28","129.76","129.39","130.56","129.04","17.66M","0.85%"
"2022-03-25","128.66","129.50","129.52","127.65","25.69M","-1.39%"
"2022-03-24","130.47","129.65","131.18","129.60","17.14M","-0.78%"
"2022-03-23","131.50","129.37","131.60","128.86","21.27M","2.19%"
"2022-03-22","128.68","128.96","129.34","128.34","21.83M","-1.28%"
"2022-03-21","130.35","131.28","131.67","129.75","26.12M","-2.32%"
"2022-03-18","133.44","132.57","133.54","132.57","55.89M","1.22%"
"2022-03-17","131.83","132.82","133.34","131.07","19.33M","-0.75%"
"2022-03-16","132.82","131.83","133.13","130.32","25.86M","0.98%"
"2022-03-15","131.53","132.86","133.15","131.19","17.52M","-0.17%"
"2022-03-14","131.76","132.70","132.89","131.72","24.38M","-2.33%"
"2022-03-11","134.91","134.33","135.45","134.21","15.58M","0.33%"
"2022-03-10","134.46","134.83","135.17","133.72","26.87M","-1.44%"
"2022-03-09","136.42","137.07","137.34","136.13","18.82M","-0.98%"
"2022-03-08","137.77","137.51","138.25","137.25","28.33M","-1.01%"
"2022-03-07","139.17","139.12","140.64","138.77","23.71M","-0.76%"
"2022-03-04","140.24","140.36","140.82","139.30","25.85M","1.73%"
"2022-03-03","137.86","137.49","138.70","137.02","20.65M","1.02%"
"2022-03-02","136.47","139.84","140.42","136.41","30.40M","-3.42%"
"2022-03-01","141.30","140.36","142.33","140.00","35.66M","1.02%"
"2022-02-28","139.87","138.43","140.04","138.32","25.82M","2.19%"
"2022-02-25","136.87","136.86","137.31","136.18","15.03M","0.07%"
"2022-02-24","136.77","139.10","139.37","136.25","28.15M","0.07%"
"2022-02-23","136.68","137.68","137.85","136.57","17.76M","-1.38%"
"2022-02-22","138.59","137.69","138.67","137.47","19.53M","0.26%"
"2022-02-18","138.23","137.52","138.37","137.16","17.52M","1.05%"
"2022-02-17","136.79","136.45","137.57","135.90","24.51M","0.74%"
"2022-02-16","135.78","135.95","136.07","134.51","16.47M","0.59%"
"2022-02-15","134.98","135.60","135.84","134.94","18.20M","-1.14%"
"2022-02-14","136.53","137.13","137.74","135.97","23.16M","-1.24%"
"2022-02-11","138.25","136.87","138.51","135.36","43.21M","1.48%"
"2022-02-10","136.23","137.66","137.83","135.84","30.90M","-1.59%"
"2022-02-09","138.43","138.72","139.37","138.19","14.35M","0.19%"
"2022-02-08","138.17","138.21","138.58","137.82","16.27M","-0.67%"
"2022-02-07","139.10","138.91","139.31","138.55","12.96M","0.06%"
"2022-02-04","139.01","139.85","140.14","138.78","23.61M","-1.47%"
"2022-02-03","141.09","140.44","141.48","140.18","17.23M","-0.78%"
"2022-02-02","142.20","141.95","143.57","141.93","18.40M","0.34%"
"2022-02-01","141.72","142.28","142.36","141.05","20.81M","-0.47%"
"2022-01-31","142.39","142.18","142.95","141.96","14.00M","-0.52%"
"2022-01-28","143.13","142.09","143.46","141.85","12.83M","0.03%"
"2022-01-27","143.08","142.41","143.37","142.33","21.50M","1.84%"
"2022-01-26","140.50","142.26","142.57","140.49","23.66M","-1.21%"
"2022-01-25","142.22","143.11","143.71","141.80","15.60M","-0.16%"
"2022-01-24","142.45","144.30","144.37","142.43","25.01M","-0.82%"
"2022-01-21","143.63","143.40","144.10","142.67","28.92M","1.19%"
"2022-01-20","141.94","141.37","141.99","141.09","13.96M","0.62%"
"2022-01-19","141.07","140.53","141.71","140.31","17.93M","0.69%"
"2022-01-18","140.10","140.96","141.31","140.02","21.17M","-1.41%"
"2022-01-14","142.10","143.42","143.46","141.79","23.00M","-1.51%"
"2022-01-13","144.28","143.39","144.42","143.03","15.17M","0.89%"
"2022-01-12","143.01","143.90","144.01","142.99","14.44M","-0.38%"
"2022-01-11","143.56","142.88","143.63","142.70","24.39M","0.67%"
"2022-01-10","142.61","141.65","142.80","141.36","13.78M","0.25%"
"2022-01-07","142.26","143.13","143.24","141.56","18.76M","-0.72%"
"2022-01-06","143.29","142.59","143.44","142.29","19.00M","0.26%"
"2022-01-05","142.92","144.14","144.16","142.71","20.91M","-0.54%"
"2022-01-04","143.70","143.61","144.13","142.74","22.00M","-0.42%"
"2022-01-03","144.30","146.41","146.94","144.28","33.86M","-2.63%"
"2021-12-31","148.19","147.81","149.03","147.43","13.40M","0.20%"
"2021-12-30","147.90","147.25","147.97","146.45","10.36M","0.84%"
"2021-12-29","146.67","146.91","147.31","146.41","11.77M","-1.09%"
"2021-12-28","148.29","149.60","149.78","148.01","9.18M","-0.40%"
"2021-12-27","148.88","148.46","149.01","148.32","7.82M","0.24%"
"2021-12-23","148.52","149.59","149.60","148.03","11.64M","-0.87%"
"2021-12-22","149.82","149.73","149.86","149.02","12.25M","0.46%"
"2021-12-21","149.13","148.14","149.20","147.62","16.60M","-0.38%"
"2021-12-20","149.70","150.75","151.02","149.60","17.15M","-0.75%"
"2021-12-17","150.83","150.34","150.98","150.16","18.09M","1.13%"
"2021-12-16","149.14","148.75","149.88","148.73","18.68M","-0.07%"
"2021-12-15","149.25","149.61","150.79","149.13","25.38M","-0.96%"
"2021-12-14","150.70","150.37","150.93","149.31","14.02M","-0.24%"
"2021-12-13","151.06","150.39","151.30","150.31","17.86M","1.48%"
"2021-12-10","148.86","149.92","150.24","148.81","14.30M","-0.24%"
"2021-12-09","149.22","149.34","149.84","148.48","17.54M","0.56%"
"2021-12-08","148.39","150.47","150.48","148.36","33.63M","-1.73%"
"2021-12-07","151.00","151.72","152.52","150.86","22.12M","-0.81%"
"2021-12-06","152.23","154.05","154.35","151.93","30.92M","-1.37%"
"2021-12-03","154.35","151.68","155.12","151.35","34.43M","1.19%"
"2021-12-02","152.53","152.93","152.99","150.76","17.75M","0.12%"
"2021-12-01","152.34","150.49","152.41","149.79","30.84M","0.49%"
"2021-11-30","151.59","150.83","152.07","150.25","31.48M","1.52%"
"2021-11-29","149.32","148.31","149.63","148.17","23.23M","-0.80%"
"2021-11-26","150.53","148.83","150.68","148.67","20.06M","2.53%"
"2021-11-24","146.82","144.94","146.82","144.79","13.77M","1.61%"
"2021-11-23","144.50","145.93","146.11","144.50","15.32M","-1.45%"
"2021-11-22","146.62","147.40","147.64","146.13","15.27M","-1.17%"
"2021-11-19","148.36","147.58","148.60","147.58","14.02M","1.06%"
"2021-11-18","146.81","145.99","146.90","145.95","11.06M","0.38%"
"2021-11-17","146.26","144.57","146.29","144.46","14.24M","0.79%"
"2021-11-16","145.11","145.69","146.38","144.85","13.00M","-0.25%"
"2021-11-15","145.48","146.89","146.96","145.22","15.23M","-1.26%"
"2021-11-12","147.33","148.00","148.51","146.76","12.71M","-0.44%"
"2021-11-11","147.98","148.51","148.65","147.89","5.55M","-0.15%"
"2021-11-10","148.20","150.83","150.93","147.03","28.17M","-1.83%"
"2021-11-09","150.96","150.80","151.77","150.64","23.43M","1.30%"
"2021-11-08","149.02","148.96","149.28","148.51","12.08M","-0.19%"
"2021-11-05","149.30","148.52","149.58","148.13","21.51M","1.50%"
"2021-11-04","147.10","145.87","147.36","145.85","15.92M","1.05%"
"2021-11-03","145.57","147.82","147.98","145.53","20.64M","-1.03%"
"2021-11-02","147.09","146.50","147.57","146.50","9.84M","0.44%"
"2021-11-01","146.44","145.80","146.76","145.70","18.04M","-0.85%"
"2021-10-29","147.69","146.47","148.00","146.32","19.09M","0.31%"
"2021-10-28","147.24","147.79","148.33","146.84","17.50M","-0.34%"
"2021-10-27","147.74","146.40","148.18","145.93","22.09M","1.82%"
"2021-10-26","145.10","144.62","145.10","143.74","13.67M","0.83%"
"2021-10-25","143.91","143.67","144.30","143.63","8.14M","-0.15%"
"2021-10-22","144.13","143.45","144.40","143.21","13.74M","1.10%"
"2021-10-21","142.56","143.00","143.15","142.23","13.66M","-0.12%"
"2021-10-20","142.73","143.25","143.68","142.51","12.78M","-0.68%"
"2021-10-19","143.70","144.66","144.73","143.65","12.16M","-1.38%"
"2021-10-18","145.71","145.00","146.00","144.52","12.12M","0.47%"
"2021-10-15","145.03","145.00","145.14","144.47","11.81M","-0.58%"
"2021-10-14","145.88","145.37","145.96","144.95","12.95M","0.37%"
"2021-10-13","145.34","144.61","145.53","144.58","23.58M","0.97%"
"2021-10-12","143.94","142.63","144.01","142.48","17.97M","1.71%"
"2021-10-11","141.52","141.60","141.90","141.45","7.21M","-0.25%"
"2021-10-08","141.88","142.26","142.35","141.52","17.26M","-0.70%"
"2021-10-07","142.88","143.18","143.34","142.59","14.86M","-1.05%"
"2021-10-06","144.39","144.23","144.71","144.02","18.70M","0.56%"
"2021-10-05","143.58","144.60","144.70","143.46","22.66M","-0.97%"
"2021-10-04","144.98","144.67","145.46","144.10","28.03M","-0.25%"
"2021-10-01","145.35","144.85","145.40","144.20","26.15M","0.71%"
"2021-09-30","144.32","144.10","144.51","143.65","22.57M","-0.01%"
"2021-09-29","144.34","144.80","145.43","143.69","23.57M","0.17%"
"2021-09-28","144.09","144.33","145.07","143.64","26.61M","-1.56%"
"2021-09-27","146.37","146.06","146.87","145.88","13.46M","-0.37%"
"2021-09-24","146.91","147.84","147.85","146.74","20.20M","-0.98%"
"2021-09-23","148.36","150.42","150.45","148.34","23.85M","-2.26%"
"2021-09-22","151.79","150.79","151.79","150.44","22.28M","0.60%"
"2021-09-21","150.89","150.71","150.96","150.20","10.04M","-0.09%"
"2021-09-20","151.02","150.57","151.37","150.23","14.66M","1.24%"
"2021-09-17","149.17","149.18","149.36","148.70","13.78M","-0.48%"
"2021-09-16","149.89","149.67","150.45","149.50","13.33M","-0.46%"
"2021-09-15","150.58","151.21","151.25","149.93","11.94M","-0.35%"
"2021-09-14","151.11","149.73","151.57","149.58","19.92M","1.21%"
"2021-09-13","149.30","149.04","149.49","148.95","15.04M","0.61%"
"2021-09-10","148.40","148.90","149.17","148.16","14.89M","-0.88%"
"2021-09-09","149.72","148.17","149.89","147.85","20.32M","1.21%"
"2021-09-08","147.93","147.66","148.19","147.39","14.53M","0.68%"
"2021-09-07","146.93","147.26","147.52","146.65","15.55M","-0.84%"
"2021-09-03","148.18","148.27","148.51","147.94","12.93M","-0.91%"
"2021-09-02","149.54","149.24","149.55","148.75","9.77M","0.44%"
"2021-09-01","148.89","149.27","149.39","148.49","10.81M","0.04%"
"2021-08-31","148.83","149.67","150.09","148.50","15.26M","-0.68%"
"2021-08-30","149.85","148.99","149.90","148.93","10.60M","0.26%"
"2021-08-27","149.46","148.57","149.49","148.33","15.38M","0.68%"
"2021-08-26","148.45","147.96","148.57","147.51","16.66M","0.28%"
"2021-08-25","148.04","149.21","149.37","147.58","16.74M","-0.83%"
"2021-08-24","149.28","149.76","150.07","149.28","13.84M","-0.78%"
"2021-08-23","150.45","150.20","150.49","149.92","10.62M","-0.07%"
"2021-08-20","150.55","150.59","150.81","150.11","12.39M","0.07%"
"2021-08-19","150.45","150.31","150.46","149.81","15.47M","0.74%"
"2021-08-18","149.35","148.71","149.47","148.45","13.14M","0.34%"
"2021-08-17","148.85","148.88","149.47","148.67","14.13M","-0.04%"
"2021-08-16","148.91","149.19","150.02","148.81","19.17M","0.24%"
"2021-08-13","148.55","146.83","148.56","146.81","18.65M","1.58%"
"2021-08-12","146.24","146.09","146.44","145.43","14.71M","-0.16%"
"2021-08-11","146.48","146.41","147.23","145.71","17.23M","-0.06%"
"2021-08-10","146.57","147.49","147.57","146.56","13.72M","-0.46%"
"2021-08-09","147.25","148.15","148.56","147.23","12.94M","-0.36%"
"2021-08-06","147.78","148.32","148.76","147.69","21.14M","-1.67%"
"2021-08-05","150.29","150.76","150.92","150.00","15.35M","-0.51%"
"2021-08-04","151.06","151.50","151.82","149.72","18.27M","0.21%"
"2021-08-03","150.75","150.75","151.23","150.39","13.36M","0.05%"
"2021-08-02","150.67","149.45","151.23","149.18","21.23M","0.77%"
"2021-07-30","149.52","149.13","149.72","149.06","14.34M","0.47%"
"2021-07-29","148.82","148.78","149.22","148.53","11.53M","-0.55%"
"2021-07-28","149.65","148.67","149.67","148.27","14.35M","0.01%"
"2021-07-27","149.64","149.33","149.69","148.99","13.04M","1.07%"
"2021-07-26","148.06","148.99","149.06","147.88","10.74M","-0.30%"
"2021-07-23","148.50","147.94","148.65","147.89","12.64M","-0.67%"
"2021-07-22","149.50","148.11","149.80","148.06","18.14M","0.95%"
"2021-07-21","148.10","148.18","148.50","146.67","19.99M","-1.27%"
"2021-07-20","150.00","152.53","152.71","149.76","25.67M","-0.96%"
"2021-07-19","151.46","150.95","151.95","150.62","40.20M","2.19%"
"2021-07-16","148.21","147.34","148.34","147.32","12.79M","-0.19%"
"2021-07-15","148.49","147.95","148.60","147.03","18.46M","1.10%"
"2021-07-14","146.87","146.01","146.92","145.81","16.04M","1.14%"
"2021-07-13","145.22","146.82","147.46","144.64","23.34M","-0.77%"
"2021-07-12","146.34","147.09","147.23","146.17","10.61M","-0.13%"
"2021-07-09","146.53","146.87","146.99","146.49","14.48M","-1.41%"
"2021-07-08","148.62","148.88","149.44","148.17","17.49M","0.39%"
"2021-07-07","148.04","147.57","148.56","147.22","20.96M","0.89%"
"2021-07-06","146.74","145.72","146.99","145.71","20.04M","1.17%"
"2021-07-02","145.04","144.23","145.04","144.11","9.65M","0.60%"
"2021-07-01","144.17","143.98","144.31","143.53","10.81M","-0.12%"
"2021-06-30","144.35","144.25","144.93","144.07","15.71M","0.45%"
"2021-06-29","143.71","143.10","143.72","143.04","11.22M","0.17%"
"2021-06-28","143.47","142.72","143.80","142.70","11.46M","1.03%"
"2021-06-25","142.01","143.26","143.40","141.37","15.56M","-1.04%"
"2021-06-24","143.50","143.42","143.90","143.33","8.79M","0.16%"
"2021-06-23","143.27","143.11","143.50","142.71","12.04M","-0.26%"
"2021-06-22","143.64","142.17","143.68","142.12","14.53M","0.24%"
"2021-06-21","143.29","144.39","144.49","143.02","16.49M","-1.67%"
"2021-06-18","145.73","144.28","146.04","144.12","26.62M","1.88%"
"2021-06-17","143.04","141.86","144.93","141.64","35.23M","1.50%"
"2021-06-16","140.93","141.40","141.67","140.21","19.68M","-0.09%"
"2021-06-15","141.05","140.80","141.09","140.48","18.21M","-0.12%"
"2021-06-14","141.22","142.10","142.10","141.01","9.40M","-0.77%"
"2021-06-11","142.31","142.30","142.40","141.84","8.65M","-0.16%"
"2021-06-10","142.54","140.83","142.56","140.68","19.70M","0.60%"
"2021-06-09","141.69","141.76","142.15","141.25","12.77M","0.88%"
"2021-06-08","140.45","140.65","140.66","140.21","11.23M","0.70%"
"2021-06-07","139.47","139.59","139.71","139.32","7.80M","-0.31%"
"2021-06-04","139.90","138.52","139.90","138.52","15.77M","1.37%"
"2021-06-03","138.01","138.51","138.51","137.85","10.99M","-0.38%"
"2021-06-02","138.53","138.55","138.79","138.32","7.35M","0.23%"
"2021-06-01","138.21","137.82","138.26","137.25","11.78M","-0.17%"
"2021-05-28","138.44","138.58","139.30","138.34","10.26M","-0.16%"
"2021-05-27","138.65","138.50","138.69","137.99","10.70M","-0.41%"
"2021-05-26","139.22","139.59","139.91","138.88","9.79M","-0.17%"
"2021-05-25","139.46","138.63","139.50","138.62","12.35M","0.93%"
"2021-05-24","138.18","137.99","138.58","137.89","6.74M","0.37%"
"2021-05-21","137.67","137.66","137.70","137.06","10.17M","0.32%"
"2021-05-20","137.23","136.76","137.49","136.67","13.31M","0.82%"
"2021-05-19","136.11","136.54","137.30","135.62","14.30M","-0.24%"
"2021-05-18","136.44","136.40","136.57","136.07","11.42M","-0.26%"
"2021-05-17","136.79","136.83","137.17","136.57","6.11M","-0.21%"
"2021-05-14","137.08","136.53","137.08","136.22","17.57M","0.94%"
"2021-05-13","135.81","135.93","136.37","135.63","13.07M","0.15%"
"2021-05-12","135.60","136.67","136.80","135.36","20.86M","-1.05%"
"2021-05-11","137.04","137.23","137.48","136.77","15.16M","-0.57%"
"2021-05-10","137.82","138.95","139.25","137.69","15.15M","-1.01%"
"2021-05-07","139.23","140.10","140.60","138.91","18.35M","-0.49%"
"2021-05-06","139.92","139.25","140.19","139.20","21.91M","0.16%"
"2021-05-05","139.69","139.03","139.85","138.92","11.13M","0.16%"
"2021-05-04","139.46","139.49","140.16","139.15","18.64M","0.68%"
"2021-05-03","138.52","138.70","139.65","138.28","16.45M","-0.09%"
"2021-04-30","138.64","138.51","138.73","137.98","15.69M","0.23%"
"2021-04-29","138.32","137.45","138.36","137.13","17.18M","-0.30%"
"2021-04-28","138.73","138.65","138.89","137.96","15.26M","0.06%"
"2021-04-27","138.64","139.59","139.82","138.52","14.14M","-0.87%"
"2021-04-26","139.86","140.15","140.51","139.85","9.10M","-0.14%"
"2021-04-23","140.06","140.38","140.47","139.49","12.30M","-0.24%"
"2021-04-22","140.39","140.00","140.39","139.20","14.16M","0.44%"
"2021-04-21","139.78","139.54","139.91","139.07","11.90M","0.20%"
"2021-04-20","139.50","138.45","139.76","138.43","11.48M","0.46%"
"2021-04-19","138.86","138.74","139.31","138.55","13.89M","-0.29%"
"2021-04-16","139.26","139.10","139.73","138.93","15.24M","-0.78%"
"2021-04-15","140.35","139.49","140.98","139.46","23.90M","1.67%"
"2021-04-14","138.04","138.03","138.24","137.57","7.29M","-0.32%"
"2021-04-13","138.48","137.30","138.51","137.20","13.23M","0.75%"
"2021-04-12","137.45","137.46","137.53","137.10","7.66M","-0.04%"
"2021-04-09","137.51","137.50","138.19","137.09","8.72M","-0.36%"
"2021-04-08","138.01","137.39","138.07","137.36","7.85M","0.83%"
"2021-04-07","136.88","137.45","138.10","136.88","11.05M","-0.70%"
"2021-04-06","137.84","137.16","137.98","137.01","9.28M","0.68%"
"2021-04-05","136.91","136.55","136.97","135.94","8.24M","-0.44%"
"2021-04-01","137.51","136.55","137.62","136.30","14.89M","1.52%"
"2021-03-31","135.45","136.34","136.59","134.98","19.27M","-0.56%"
"2021-03-30","136.21","135.30","136.51","135.01","15.02M","0.52%"
"2021-03-29","135.50","136.83","136.85","134.97","13.97M","-0.85%"
"2021-03-26","136.66","136.42","137.24","136.22","8.43M","-0.35%"
"2021-03-25","137.14","138.39","138.65","137.09","20.78M","-0.79%"
"2021-03-24","138.23","137.06","138.28","136.95","13.86M","0.54%"
"2021-03-23","137.49","136.59","137.54","136.15","16.77M","0.90%"
"2021-03-22","136.26","135.69","136.41","135.37","17.05M","1.12%"
"2021-03-19","134.75","134.08","134.83","133.80","18.68M","0.62%"
"2021-03-18","133.92","133.31","134.47","133.19","21.62M","-1.01%"
"2021-03-17","135.29","135.15","135.52","134.15","27.11M","-0.75%"
"2021-03-16","136.31","137.02","137.12","135.75","15.57M","-0.40%"
"2021-03-15","136.86","136.49","137.09","136.41","11.37M","0.59%"
"2021-03-12","136.06","136.40","136.46","135.65","20.40M","-2.12%"
"2021-03-11","139.01","139.17","139.38","138.46","14.15M","-0.72%"
"2021-03-10","140.02","139.80","140.15","139.28","12.39M","0.20%"
"2021-03-09","139.74","139.27","139.82","138.97","14.46M","1.39%"
"2021-03-08","137.83","138.83","138.90","137.83","15.24M","-0.78%"
"2021-03-05","138.91","138.17","139.34","137.99","20.60M","0.19%"
"2021-03-04","138.64","139.63","139.94","137.96","22.37M","-0.64%"
"2021-03-03","139.54","139.38","140.15","138.76","19.76M","-1.08%"
"2021-03-02","141.07","140.40","141.13","140.29","12.48M","0.01%"
"2021-03-01","141.06","140.66","141.41","140.09","22.05M","-1.44%"
"2021-02-26","143.12","140.77","143.30","139.68","45.42M","3.31%"
"2021-02-25","138.54","139.52","139.92","136.61","52.62M","-1.63%"
"2021-02-24","140.84","139.35","141.18","139.16","17.36M","-0.66%"
"2021-02-23","141.77","141.52","142.50","141.14","12.66M","-0.29%"
"2021-02-22","142.18","143.03","143.74","141.72","13.20M","-0.76%"
"2021-02-19","143.27","144.06","144.32","142.85","12.74M","-1.33%"
"2021-02-18","145.20","144.61","145.60","144.32","10.76M","-0.40%"
"2021-02-17","145.79","145.95","146.38","144.98","11.20M","0.64%"
"2021-02-16","144.87","145.22","145.65","144.66","17.79M","-1.52%"
"2021-02-12","147.11","147.70","148.08","147.03","14.09M","-1.24%"
"2021-02-11","148.96","149.68","149.79","148.75","11.96M","-0.55%"
"2021-02-10","149.78","149.28","149.78","149.14","8.08M","0.67%"
"2021-02-09","148.79","149.22","149.67","148.65","5.22M","0.07%"
"2021-02-08","148.68","148.30","149.26","148.04","11.57M","0.44%"
"2021-02-05","148.03","149.10","149.57","148.02","10.26M","-0.84%"
"2021-02-04","149.28","149.16","149.49","148.80","8.26M","-0.27%"
"2021-02-03","149.68","150.43","150.59","149.58","9.63M","-0.89%"
"2021-02-02","151.02","150.74","151.09","150.52","9.18M","-0.64%"
"2021-02-01","152.00","151.66","152.36","151.49","8.17M","0.00%"
"2021-01-29","152.00","151.42","152.49","151.30","14.97M","-0.60%"
"2021-01-28","152.92","153.40","153.46","152.16","10.67M","-0.55%"
"2021-01-27","153.77","154.07","154.50","153.53","7.90M","0.25%"
"2021-01-26","153.38","153.10","153.60","152.92","7.69M","-0.19%"
"2021-01-25","153.67","152.76","153.69","152.63","8.71M","1.18%"
"2021-01-22","151.88","151.85","152.01","151.42","9.51M","0.32%"
"2021-01-21","151.39","151.44","151.75","151.10","8.16M","-0.70%"
"2021-01-20","152.46","151.99","152.48","151.79","5.37M","0.10%"
"2021-01-19","152.31","151.62","152.36","151.51","9.58M","0.32%"
"2021-01-15","151.82","152.18","152.36","151.47","11.62M","0.40%"
"2021-01-14","151.22","152.58","152.64","150.79","14.84M","-0.94%"
"2021-01-13","152.65","151.66","153.07","151.57","12.53M","1.13%"
"2021-01-12","150.95","150.79","151.16","149.93","12.19M","-0.08%"
"2021-01-11","151.07","151.00","151.21","150.49","8.38M","-0.17%"
"2021-01-08","151.32","151.48","151.96","150.66","13.62M","-0.32%"
"2021-01-07","151.81","151.79","152.17","151.26","14.65M","-0.88%"
"2021-01-06","153.16","153.82","153.85","152.29","22.83M","-2.05%"
"2021-01-05","156.37","156.95","156.95","155.66","10.46M","-0.74%"
"2021-01-04","157.54","156.67","158.18","156.54","13.15M","-0.12%"
"2020-12-31","157.73","157.46","158.08","157.45","7.74M","0.15%"
"2020-12-30","157.50","156.82","157.53","156.68","9.10M","0.22%"
"2020-12-29","157.16","156.39","157.29","156.36","9.03M","-0.13%"
"2020-12-28","157.36","156.38","157.45","156.10","7.79M","0.04%"
"2020-12-24","157.29","156.90","157.43","156.85","3.12M","0.40%"
"2020-12-23","156.67","156.62","156.69","155.46","9.27M","-0.69%"
"2020-12-22","157.76","157.56","157.83","157.08","7.38M","0.52%"
"2020-12-21","156.95","157.20","157.34","156.45","8.99M","0.40%"
"2020-12-18","156.33","157.12","157.38","156.18","6.51M","-0.30%"
"2020-12-17","156.80","158.13","158.46","156.43","9.42M","-0.37%"
"2020-12-16","157.38","156.58","157.89","156.39","9.95M","-0.27%"
"2020-12-15","157.80","157.78","158.39","157.31","6.85M","-0.33%"
"2020-12-14","158.33","157.49","158.69","157.11","7.54M","-0.28%"
"2020-12-11","158.77","158.65","159.39","158.32","8.14M","0.35%"
"2020-12-10","158.21","157.24","158.29","156.83","10.03M","0.89%"
"2020-12-09","156.82","156.55","157.32","156.01","7.75M","-0.33%"
"2020-12-08","157.34","157.57","158.07","157.20","7.40M","0.47%"
"2020-12-07","156.60","156.35","156.88","156.18","9.32M","0.90%"
"2020-12-04","155.20","155.69","155.79","154.77","12.73M","-1.47%"
"2020-12-03","157.51","156.94","157.82","156.58","9.63M","0.81%"
"2020-12-02","156.25","156.88","156.93","155.48","12.11M","-0.79%"
"2020-12-01","157.50","158.55","158.74","156.68","13.66M","-1.57%"
"2020-11-30","160.02","160.03","160.53","159.76","13.07M","-0.12%"
"2020-11-27","160.22","159.61","160.27","159.58","4.71M","0.97%"
"2020-11-25","158.68","159.25","159.91","158.62","9.15M","-0.31%"
"2020-11-24","159.17","159.99","160.02","159.01","10.89M","-1.00%"
"2020-11-23","160.77","160.82","160.99","160.28","11.30M","-0.46%"
"2020-11-20","161.51","160.52","161.54","160.39","7.25M","0.89%"
"2020-11-19","160.09","159.97","160.72","159.84","10.62M","0.51%"
"2020-11-18","159.27","159.44","159.57","158.35","10.33M","0.29%"
"2020-11-17","158.81","158.77","159.16","158.59","7.44M","0.65%"
"2020-11-16","157.78","157.73","158.28","157.61","6.31M","-0.24%"
"2020-11-13","158.16","158.36","158.50","157.91","7.35M","-0.13%"
"2020-11-12","158.37","156.94","158.40","156.71","16.00M","1.70%"
"2020-11-11","155.72","155.02","155.94","154.97","5.89M","0.36%"
"2020-11-10","155.16","154.96","155.81","154.78","12.56M","-0.58%"
"2020-11-09","156.06","155.97","156.15","154.63","23.25M","-2.10%"
"2020-11-06","159.41","159.62","159.91","158.94","12.41M","-1.21%"
"2020-11-05","161.36","161.64","161.74","160.58","18.54M","0.17%"
"2020-11-04","161.08","161.64","162.17","160.54","21.57M","2.17%"
"2020-11-03","157.66","157.85","157.98","157.04","16.23M","-0.58%"
"2020-11-02","158.58","158.70","159.19","158.33","10.81M","0.64%"
"2020-10-30","157.57","159.03","159.35","157.57","13.10M","-0.99%"
"2020-10-29","159.14","160.73","160.83","158.47","11.93M","-0.97%"
"2020-10-28","160.70","161.38","161.46","160.20","11.77M","0.09%"
"2020-10-27","160.55","160.23","160.70","159.90","6.06M","0.67%"
"2020-10-26","159.48","159.21","160.02","159.01","7.23M","0.93%"
"2020-10-23","158.01","156.81","158.21","156.75","8.78M","0.61%"
"2020-10-22","157.05","158.29","158.63","156.97","12.67M","-1.04%"
"2020-10-21","158.70","158.79","159.37","158.37","10.45M","-0.35%"
"2020-10-20","159.25","159.86","160.01","158.95","11.19M","-0.95%"
"2020-10-19","160.78","160.50","160.98","160.05","9.29M","-0.38%"
"2020-10-16","161.39","161.66","162.32","161.10","8.42M","-0.28%"
"2020-10-15","161.84","163.04","163.19","161.64","9.46M","-0.17%"
"2020-10-14","162.12","162.33","162.75","161.97","6.96M","0.23%"
"2020-10-13","161.75","161.21","161.83","161.18","7.91M","0.72%"
"2020-10-12","160.60","160.43","160.68","160.11","3.96M","0.32%"
"2020-10-09","160.09","159.52","160.27","158.81","8.44M","-0.02%"
"2020-10-08","160.12","159.97","160.25","159.65","8.43M","0.54%"
"2020-10-07","159.26","159.56","160.42","158.86","9.43M","-0.73%"
"2020-10-06","160.43","159.33","161.40","158.68","22.42M","0.54%"
"2020-10-05","159.57","160.95","160.95","159.52","14.73M","-1.95%"
"2020-10-02","162.75","163.61","163.67","162.18","8.83M","-0.37%"
"2020-10-01","163.36","162.51","163.74","162.10","11.52M","0.06%"
"2020-09-30","163.26","164.00","164.00","162.55","12.97M","-0.96%"
"2020-09-29","164.84","164.80","165.24","164.56","10.30M","0.12%"
"2020-09-28","164.65","164.87","164.90","164.37","4.47M","-0.28%"
"2020-09-25","165.12","165.11","165.42","164.71","5.14M","0.00%"
"2020-09-24","165.12","164.96","165.12","164.62","8.28M","0.38%"
"2020-09-23","164.49","164.30","164.53","163.48","6.22M","0.13%"
"2020-09-22","164.27","164.44","164.88","163.87","10.52M","-0.08%"
"2020-09-21","164.40","164.89","165.40","164.13","11.09M","0.51%"
"2020-09-18","163.57","164.17","164.24","163.34","7.25M","-0.31%"
"2020-09-17","164.08","164.90","164.96","163.80","7.81M","0.31%"
"2020-09-16","163.58","164.78","164.89","162.98","8.82M","-0.30%"
"2020-09-15","164.07","164.17","164.47","163.79","6.93M","-0.24%"
"2020-09-14","164.47","164.79","165.08","164.23","4.27M","-0.01%"
"2020-09-11","164.48","164.31","164.57","164.08","5.46M","0.21%"
"2020-09-10","164.13","162.46","164.35","161.95","8.85M","0.51%"
"2020-09-09","163.30","163.94","164.25","162.76","9.56M","-0.27%"
"2020-09-08","163.74","164.37","165.26","163.74","13.79M","0.61%"
"2020-09-04","162.74","164.41","164.70","162.45","13.78M","-1.90%"
"2020-09-03","165.89","165.75","167.24","165.44","16.42M","0.28%"
"2020-09-02","165.42","163.51","165.56","163.49","15.17M","0.95%"
"2020-09-01","163.86","161.76","164.07","161.18","10.59M","1.03%"
"2020-08-31","162.19","161.60","163.25","161.56","11.39M","0.66%"
"2020-08-28","161.12","161.77","162.05","160.64","8.42M","-0.07%"
"2020-08-27","161.24","164.76","164.82","161.16","19.86M","-1.70%"
"2020-08-26","164.03","164.05","164.32","163.28","8.28M","-0.38%"
"2020-08-25","164.66","164.35","165.09","163.83","10.52M","-0.77%"
"2020-08-24","165.93","166.32","166.97","165.88","6.49M","-0.16%"
"2020-08-21","166.20","165.77","166.33","165.01","6.84M","0.60%"
"2020-08-20","165.21","165.41","165.64","164.95","10.32M","0.90%"
"2020-08-19","163.73","165.37","165.61","163.30","12.50M","-0.63%"
"2020-08-18","164.76","164.36","164.87","164.09","8.14M","0.72%"
"2020-08-17","163.59","163.99","164.44","163.44","6.90M","0.25%"
"2020-08-14","163.18","163.81","164.15","163.16","6.40M","-0.39%"
"2020-08-13","163.82","165.29","165.57","163.18","12.74M","-1.07%"
"2020-08-12","165.59","165.70","166.07","164.99","11.70M","-0.90%"
"2020-08-11","167.10","167.17","167.49","165.89","19.23M","-1.19%"
"2020-08-10","169.12","170.22","170.25","169.07","6.40M","-0.45%"
"2020-08-07","169.88","171.28","171.50","169.58","8.18M","-0.67%"
"2020-08-06","171.02","171.40","172.24","170.62","9.48M","0.56%"
"2020-08-05","170.07","170.10","170.55","169.69","6.95M","-0.87%"
"2020-08-04","171.57","170.83","171.58","170.72","9.52M","0.95%"
"2020-08-03","169.95","169.21","169.99","168.99","9.07M","-0.61%"
"2020-07-31","171.00","170.15","171.46","169.94","8.89M","-0.06%"
"2020-07-30","171.11","171.07","171.26","170.75","9.38M","0.66%"
"2020-07-29","169.99","170.05","170.39","168.98","6.73M","-0.17%"
"2020-07-28","170.28","169.54","170.34","169.43","8.15M","0.69%"
"2020-07-27","169.11","170.25","170.30","168.99","6.14M","-0.37%"
"2020-07-24","169.74","169.01","169.92","168.87","7.52M","-0.01%"
"2020-07-23","169.75","168.92","169.88","168.48","10.47M","1.17%"
"2020-07-22","167.79","168.26","168.46","167.69","6.59M","0.30%"
"2020-07-21","167.29","167.30","167.72","167.07","8.43M","0.06%"
"2020-07-20","167.19","167.51","167.62","166.80","6.91M","0.25%"
"2020-07-17","166.78","167.27","167.40","166.47","8.55M","-0.21%"
"2020-07-16","167.13","167.43","167.76","167.04","9.11M","0.47%"
"2020-07-15","166.34","165.88","166.94","165.84","7.84M","-0.47%"
"2020-07-14","167.12","167.93","168.14","166.98","11.31M","0.14%"
"2020-07-13","166.88","165.50","166.96","165.23","8.02M","0.33%"
"2020-07-10","166.33","167.95","168.21","166.16","8.48M","-0.50%"
"2020-07-09","167.17","164.66","167.45","164.60","12.35M","1.59%"
"2020-07-08","164.55","164.32","164.92","163.83","7.25M","-0.40%"
"2020-07-07","165.21","163.42","165.34","163.20","12.79M","1.41%"
"2020-07-06","162.92","162.32","163.01","161.79","7.97M","-0.41%"
"2020-07-02","163.59","162.70","163.74","162.24","7.60M","0.10%"
"2020-07-01","163.42","162.81","163.56","162.15","13.18M","-0.31%"
"2020-06-30","163.93","165.20","165.28","163.49","14.84M","-0.49%"
"2020-06-29","164.73","164.85","165.27","164.38","7.20M","-0.31%"
"2020-06-26","165.25","164.25","165.32","164.18","12.12M","1.07%"
"2020-06-25","163.50","164.22","164.35","163.40","10.97M","0.29%"
"2020-06-24","163.03","161.53","163.09","161.53","11.44M","1.07%"
"2020-06-23","161.30","161.51","162.06","161.12","9.09M","-0.68%"
"2020-06-22","162.41","163.19","163.40","162.07","9.32M","0.01%"
"2020-06-19","162.39","161.00","162.50","160.91","8.57M","0.08%"
"2020-06-18","162.26","162.04","162.47","161.61","7.69M","1.06%"
"2020-06-17","160.56","160.30","160.77","159.36","7.11M","0.41%"
"2020-06-16","159.90","159.39","161.22","158.70","13.70M","-1.53%"
"2020-06-15","162.39","163.87","164.20","162.17","7.76M","0.06%"
"2020-06-12","162.30","162.42","163.65","162.06","9.72M","-0.96%"
"2020-06-11","163.88","163.24","164.23","162.63","16.82M","1.89%"
"2020-06-10","160.84","159.22","160.90","159.06","13.14M","1.48%"
"2020-06-09","158.49","159.05","159.64","158.30","9.09M","1.14%"
"2020-06-08","156.71","155.07","156.85","155.07","10.35M","0.38%"
"2020-06-05","156.11","154.61","156.16","153.16","17.78M","-0.71%"
"2020-06-04","157.23","158.92","159.01","157.18","13.88M","-1.45%"
"2020-06-03","159.54","160.17","160.33","158.95","12.26M","-1.33%"
"2020-06-02","161.69","161.68","162.09","161.26","11.52M","-0.36%"
"2020-06-01","162.28","162.11","162.43","161.68","13.35M","-0.80%"
"2020-05-29","163.59","162.71","164.09","162.35","14.66M","0.71%"
"2020-05-28","162.43","162.01","162.57","161.67","10.28M","-0.37%"
"2020-05-27","163.03","162.79","163.89","162.60","8.05M","-0.18%"
"2020-05-26","163.33","163.71","163.79","162.98","8.10M","-1.34%"
"2020-05-22","165.55","164.72","165.68","164.61","4.96M","0.60%"
"2020-05-21","164.56","164.86","165.36","164.30","8.92M","0.25%"
"2020-05-20","164.15","163.17","164.70","162.88","10.92M","0.30%"
"2020-05-19","163.66","162.52","163.69","162.50","8.64M","0.37%"
"2020-05-18","163.05","164.96","165.05","162.47","10.07M","-2.20%"
"2020-05-15","166.71","168.30","168.49","166.33","7.23M","-0.26%"
"2020-05-14","167.14","167.35","168.14","167.10","10.08M","0.98%"
"2020-05-13","165.52","165.06","166.29","164.84","13.31M","0.70%"
"2020-05-12","164.37","163.16","164.93","163.13","10.06M","1.03%"
"2020-05-11","162.70","163.66","164.22","162.10","8.71M","-0.78%"
"2020-05-08","163.98","164.49","165.40","163.68","8.13M","-1.30%"
"2020-05-07","166.14","163.56","166.37","163.34","9.17M","1.67%"
"2020-05-06","163.41","163.23","163.64","162.05","14.72M","-1.61%"
"2020-05-05","166.09","165.57","166.27","165.27","7.83M","-0.64%"
"2020-05-04","167.16","167.56","167.68","166.48","8.30M","-0.47%"
"2020-05-01","167.95","167.50","168.11","166.44","10.21M","0.73%"
"2020-04-30","166.74","168.74","169.23","166.71","11.61M","-1.17%"
"2020-04-29","168.71","169.53","170.26","167.96","8.62M","-0.52%"
"2020-04-28","169.59","168.55","169.85","168.45","9.91M","1.15%"
"2020-04-27","167.66","169.66","169.75","167.44","9.04M","-1.86%"
"2020-04-24","170.84","169.61","170.84","169.57","6.21M","0.23%"
"2020-04-23","170.44","169.87","170.93","169.60","5.97M","0.53%"
"2020-04-22","169.54","169.97","170.39","168.71","6.23M","-1.02%"
"2020-04-21","171.29","171.93","172.15","170.78","7.85M","1.26%"
"2020-04-20","169.16","168.44","169.29","167.96","6.46M","0.80%"
"2020-04-17","167.81","169.82","170.84","167.27","8.61M","-1.34%"
"2020-04-16","170.09","169.26","170.32","169.02","8.27M","1.14%"
"2020-04-15","168.18","166.80","168.60","166.74","10.03M","2.65%"
"2020-04-14","163.84","163.84","164.74","163.48","9.02M","-0.02%"
"2020-04-13","163.88","164.75","165.71","163.88","8.75M","-0.91%"
"2020-04-09","165.39","164.28","165.79","163.78","14.26M","0.18%"
"2020-04-08","165.09","165.11","166.19","164.13","10.15M","-0.73%"
"2020-04-07","166.30","164.96","166.42","163.71","13.81M","-1.05%"
"2020-04-06","168.06","167.00","168.27","166.53","9.43M","-0.26%"
"2020-04-03","168.50","168.55","170.33","168.14","6.57M","0.24%"
"2020-04-02","168.10","168.83","169.22","167.26","5.77M","0.63%"
"2020-04-01","167.04","168.48","168.96","166.40","11.33M","1.25%"
"2020-03-31","164.97","165.70","166.92","164.56","11.46M","-0.81%"
"2020-03-30","166.32","168.30","170.11","165.94","13.47M","-0.82%"
"2020-03-27","167.70","165.52","168.25","164.59","12.55M","2.67%"
"2020-03-26","163.34","163.99","165.67","162.29","10.58M","0.49%"
"2020-03-25","162.54","163.91","166.62","161.66","10.75M","-0.23%"
"2020-03-24","162.91","162.13","165.39","160.42","11.95M","-1.86%"
"2020-03-23","166.00","157.50","166.69","156.57","19.97M","4.12%"
"2020-03-20","159.43","153.30","159.43","152.11","20.86M","7.52%"
"2020-03-19","148.28","147.00","153.16","145.29","21.18M","2.72%"
"2020-03-18","144.35","151.48","154.13","139.20","47.06M","-5.64%"
"2020-03-17","152.98","163.50","165.63","152.71","18.57M","-6.67%"
"2020-03-16","163.91","160.38","166.15","157.81","30.50M","6.48%"
"2020-03-13","153.94","155.00","158.20","152.19","19.81M","-2.26%"
"2020-03-12","157.50","163.51","166.36","155.66","24.36M","0.62%"
"2020-03-11","156.53","165.43","167.03","155.63","29.59M","-3.68%"
"2020-03-10","162.51","169.63","172.93","162.03","37.73M","-5.13%"
"2020-03-09","171.29","179.10","179.70","170.34","41.55M","2.71%"
"2020-03-06","166.77","167.30","169.33","164.11","76.29M","5.20%"
"2020-03-05","158.52","157.13","158.82","156.81","17.79M","2.49%"
"2020-03-04","154.67","156.41","157.35","154.19","23.46M","-1.06%"
"2020-03-03","156.33","153.81","159.70","152.36","38.61M","1.55%"
"2020-03-02","153.94","155.30","156.50","153.76","28.15M","-0.88%"
"2020-02-28","155.31","154.45","155.98","154.16","45.01M","2.26%"
"2020-02-27","151.88","152.70","153.08","150.83","30.69M","1.08%"
"2020-02-26","150.25","149.95","151.72","149.58","22.60M","-0.53%"
"2020-02-25","151.05","150.21","151.76","150.14","20.80M","0.53%"
"2020-02-24","150.25","150.83","150.96","150.00","15.93M","1.49%"
"2020-02-21","148.04","147.80","148.88","147.65","13.86M","0.93%"
"2020-02-20","146.67","146.08","146.94","146.00","9.33M","0.78%"
"2020-02-19","145.53","145.12","145.62","144.98","5.71M","-0.01%"
"2020-02-18","145.54","145.34","146.05","144.92","6.91M","0.68%"
"2020-02-14","144.55","144.76","145.08","144.45","7.14M","0.44%"
"2020-02-13","143.92","143.44","144.20","143.27","7.88M","0.38%"
"2020-02-12","143.37","143.37","143.55","142.99","5.60M","-0.51%"
"2020-02-11","144.10","144.59","144.72","143.94","7.78M","-0.50%"
"2020-02-10","144.83","145.10","145.25","144.68","6.70M","0.28%"
"2020-02-07","144.43","144.22","144.74","143.87","11.37M","1.25%"
"2020-02-06","142.65","142.18","142.88","142.00","6.68M","0.45%"
"2020-02-05","142.01","142.30","142.70","141.90","10.78M","-1.09%"
"2020-02-04","143.58","143.99","144.14","143.06","11.39M","-1.35%"
"2020-02-03","145.54","144.94","145.75","144.12","15.31M","-0.25%"
"2020-01-31","145.90","145.17","145.99","145.09","14.54M","0.91%"
"2020-01-30","144.58","144.90","145.67","144.29","14.71M","0.01%"
"2020-01-29","144.56","143.44","144.70","143.43","9.57M","0.98%"
"2020-01-28","143.16","143.93","144.09","142.82","10.61M","-0.78%"
"2020-01-27","144.29","143.95","144.29","143.50","10.94M","1.56%"
"2020-01-24","142.08","141.42","142.55","141.30","8.58M","0.81%"
"2020-01-23","140.94","140.84","141.38","140.78","9.75M","0.70%"
"2020-01-22","139.96","139.72","140.14","139.59","6.32M","0.35%"
"2020-01-21","139.47","138.81","139.65","138.77","6.79M","1.05%"
"2020-01-17","138.02","137.58","138.14","137.36","9.69M","-0.85%"
"2020-01-16","139.21","139.26","139.53","138.74","6.80M","-0.32%"
"2020-01-15","139.65","139.52","139.76","139.02","6.29M","0.66%"
"2020-01-14","138.73","138.18","138.82","138.13","13.92M","0.51%"
"2020-01-13","138.02","137.88","138.09","137.39","5.97M","-0.30%"
"2020-01-10","138.44","137.67","138.47","137.63","8.78M","0.89%"
"2020-01-09","137.22","136.00","137.44","135.91","7.41M","0.35%"
"2020-01-08","136.74","137.93","138.31","136.32","10.63M","-0.66%"
"2020-01-07","137.65","138.22","138.47","137.64","8.46M","-0.49%"
"2020-01-06","138.33","139.69","139.71","138.15","11.37M","-0.57%"
"2020-01-03","139.12","138.27","139.16","137.88","12.37M","1.54%"
"2020-01-02","137.01","136.79","137.53","136.66","11.03M","1.13%"
"2019-12-31","135.48","136.21","136.46","135.38","10.71M","-0.98%"
"2019-12-30","136.82","135.89","136.90","135.66","7.98M","-0.36%"
"2019-12-27","137.32","137.44","137.63","137.29","7.30M","0.11%"
"2019-12-26","137.17","136.91","137.22","136.51","5.29M","0.24%"
"2019-12-24","136.84","135.92","137.06","135.89","4.67M","0.29%"
"2019-12-23","136.45","136.81","136.97","136.00","5.18M","-0.15%"
"2019-12-20","136.65","136.13","136.69","135.93","5.46M","0.13%"
"2019-12-19","136.47","136.00","136.86","135.76","6.59M","0.00%"
"2019-12-18","136.47","137.30","137.45","136.28","6.24M","-0.82%"
"2019-12-17","137.60","138.21","138.34","137.21","6.18M","-0.14%"
"2019-12-16","137.79","138.40","138.46","137.43","9.16M","-0.90%"
"2019-12-13","139.04","138.12","139.61","137.23","11.34M","1.16%"
"2019-12-12","137.45","139.19","139.28","136.61","14.87M","-1.65%"
"2019-12-11","139.75","139.30","140.14","139.23","6.26M","0.79%"
"2019-12-10","138.66","139.18","139.35","138.41","4.95M","0.01%"
"2019-12-09","138.65","138.99","139.11","138.57","4.16M","0.22%"
"2019-12-06","138.35","138.03","139.12","137.86","7.93M","-0.55%"
"2019-12-05","139.12","138.66","139.44","138.60","7.27M","-0.49%"
"2019-12-04","139.80","140.34","140.50","139.21","8.59M","-1.00%"
"2019-12-03","141.21","140.04","141.77","139.93","13.32M","2.10%"
"2019-12-02","138.31","138.14","138.67","137.95","17.71M","-1.50%"
"2019-11-29","140.42","140.62","140.68","139.78","6.25M","-0.21%"
"2019-11-27","140.72","140.60","140.91","140.42","4.10M","-0.29%"
"2019-11-26","141.13","141.00","141.31","140.94","4.28M","0.58%"
"2019-11-25","140.31","140.30","140.53","140.18","4.16M","0.29%"
"2019-11-22","139.90","140.10","140.28","139.68","4.67M","0.13%"
"2019-11-21","139.72","139.64","140.08","139.12","5.98M","-0.63%"
"2019-11-20","140.60","139.91","140.60","139.77","7.91M","1.03%"
"2019-11-19","139.16","138.37","139.24","138.37","7.89M","0.83%"
"2019-11-18","138.01","138.21","138.61","137.93","5.94M","0.18%"
"2019-11-15","137.76","137.48","138.16","137.43","4.66M","-0.11%"
"2019-11-14","137.91","137.80","138.44","137.67","10.27M","1.03%"
"2019-11-13","136.50","136.81","136.96","136.16","6.75M","0.65%"
"2019-11-12","135.62","135.28","135.95","134.79","5.77M","0.46%"
"2019-11-11","135.00","135.38","135.39","134.64","4.58M","0.07%"
"2019-11-08","134.91","135.15","135.95","134.78","10.23M","-0.42%"
"2019-11-07","135.48","136.35","136.36","134.45","19.21M","-1.81%"
"2019-11-06","137.98","138.02","138.41","137.34","9.35M","0.61%"
"2019-11-05","137.15","137.22","137.44","136.73","13.50M","-1.12%"
"2019-11-04","138.71","138.97","139.14","138.53","11.13M","-1.32%"
"2019-11-01","140.56","140.73","141.27","139.79","11.43M","-0.48%"
"2019-10-31","141.24","140.48","141.68","140.43","15.84M","1.35%"
"2019-10-30","139.36","137.77","139.45","137.77","10.91M","1.46%"
"2019-10-29","137.35","137.62","137.74","137.17","5.30M","0.07%"
"2019-10-28","137.26","137.58","137.58","136.99","11.40M","-0.91%"
"2019-10-25","138.52","139.53","139.55","138.31","5.67M","-0.49%"
"2019-10-24","139.20","139.68","140.24","139.03","6.83M","-0.20%"
"2019-10-23","139.48","140.03","140.31","139.36","6.00M","0.10%"
"2019-10-22","139.34","139.38","139.53","138.63","6.69M","0.58%"
"2019-10-21","138.53","138.57","138.99","138.22","8.19M","-0.75%"
"2019-10-18","139.58","139.81","140.23","139.45","6.46M","0.00%"
"2019-10-17","139.58","139.52","140.38","139.30","6.56M","-0.24%"
"2019-10-16","139.92","139.64","140.06","139.35","8.65M","0.12%"
"2019-10-15","139.75","140.67","140.94","139.55","12.66M","-1.21%"
"2019-10-14","141.46","141.48","141.50","141.08","5.94M","0.73%"
"2019-10-11","140.44","140.98","141.10","139.71","28.51M","-1.24%"
"2019-10-10","142.20","143.12","143.18","141.73","15.06M","-1.49%"
"2019-10-09","144.35","144.60","144.61","143.80","8.93M","-0.56%"
"2019-10-08","145.17","145.82","145.93","144.62","14.54M","0.27%"
"2019-10-07","144.78","145.16","145.53","144.71","11.75M","-0.83%"
"2019-10-04","145.99","145.35","146.03","145.20","11.94M","0.74%"
"2019-10-03","144.92","143.98","145.67","143.92","13.53M","0.91%"
"2019-10-02","143.61","143.46","144.27","143.24","12.90M","0.24%"
"2019-10-01","143.26","141.26","143.91","141.14","16.87M","0.13%"
"2019-09-30","143.08","141.88","143.09","141.84","8.41M","0.25%"
"2019-09-27","142.73","142.32","142.97","142.14","10.39M","0.25%"
"2019-09-26","142.38","142.27","142.99","141.90","10.78M","0.64%"
"2019-09-25","141.47","143.26","143.55","141.14","14.52M","-1.46%"
"2019-09-24","143.57","142.42","143.84","142.41","12.95M","1.21%"
"2019-09-23","141.86","142.24","143.16","141.70","15.40M","-0.02%"
"2019-09-20","141.89","140.77","141.98","140.44","13.38M","1.32%"
"2019-09-19","140.04","140.76","140.99","139.97","13.43M","0.30%"
"2019-09-18","139.62","139.93","140.66","139.53","11.11M","0.42%"
"2019-09-17","139.03","138.36","139.60","138.02","9.29M","0.54%"
"2019-09-16","138.28","137.88","138.57","137.25","10.97M","1.27%"
"2019-09-13","136.54","138.28","138.71","136.54","18.92M","-2.14%"
"2019-09-12","139.52","141.50","141.80","139.06","19.16M","-0.66%"
"2019-09-11","140.44","140.40","141.15","140.39","10.94M","-0.18%"
"2019-09-10","140.69","142.84","143.29","140.66","13.85M","-1.75%"
"2019-09-09","143.20","143.83","144.00","143.19","15.86M","-1.78%"
"2019-09-06","145.79","145.26","146.03","145.08","9.47M","0.71%"
"2019-09-05","144.76","145.66","145.80","143.89","19.39M","-1.81%"
"2019-09-04","147.43","146.53","147.62","146.48","7.96M","0.15%"
"2019-09-03","147.21","147.09","148.67","146.57","15.66M","-0.05%"
"2019-08-30","147.28","146.61","147.48","146.36","13.55M","0.03%"
"2019-08-29","147.24","147.25","147.34","146.13","8.88M","-0.38%"
"2019-08-28","147.80","148.78","148.90","147.66","10.10M","0.13%"
"2019-08-27","147.61","146.63","147.72","146.48","11.33M","1.54%"
"2019-08-26","145.37","145.87","146.29","145.29","12.17M","-0.40%"
"2019-08-23","145.96","143.52","146.27","143.43","16.19M","1.64%"
"2019-08-22","143.60","144.00","144.70","143.48","13.88M","-0.66%"
"2019-08-21","144.56","144.72","145.79","144.28","9.37M","-0.67%"
"2019-08-20","145.53","145.28","145.62","144.84","7.45M","1.03%"
"2019-08-19","144.04","143.57","144.66","143.51","13.62M","-1.43%"
"2019-08-16","146.13","146.06","146.51","144.84","17.65M","-0.80%"
"2019-08-15","147.31","145.95","148.60","145.58","23.73M","1.11%"
"2019-08-14","145.69","145.16","145.73","144.71","15.07M","2.25%"
"2019-08-13","142.48","143.81","143.91","141.95","16.10M","-0.34%"
"2019-08-12","142.97","141.72","143.43","141.51","14.09M","2.08%"
"2019-08-09","140.05","140.67","141.55","139.87","10.63M","-0.20%"
"2019-08-08","140.33","139.14","140.43","137.98","14.75M","0.21%"
"2019-08-07","140.03","142.40","143.06","139.78","32.58M","0.04%"
"2019-08-06","139.98","138.20","139.98","138.09","12.75M","0.80%"
"2019-08-05","138.87","138.14","138.89","137.66","18.54M","1.73%"
"2019-08-02","136.51","135.66","136.51","135.40","15.14M","0.92%"
"2019-08-01","135.26","133.39","135.39","133.26","26.67M","1.78%"
"2019-07-31","132.89","131.70","133.33","131.66","15.80M","0.80%"
"2019-07-30","131.83","132.00","132.10","131.43","5.68M","0.24%"
"2019-07-29","131.51","131.82","131.95","131.40","6.23M","0.03%"
"2019-07-26","131.47","131.70","131.78","131.25","6.19M","0.24%"
"2019-07-25","131.16","131.25","131.41","130.51","8.89M","-0.48%"
"2019-07-24","131.79","131.60","131.90","131.47","6.39M","0.43%"
"2019-07-23","131.22","131.60","131.74","130.97","8.11M","-0.55%"
"2019-07-22","131.94","132.47","132.49","131.74","5.20M","0.19%"
"2019-07-19","131.69","131.59","131.93","131.50","5.80M","-0.23%"
"2019-07-18","132.00","131.47","132.32","131.24","5.73M","0.01%"
"2019-07-17","131.99","131.06","132.02","131.05","9.66M","1.08%"
"2019-07-16","130.58","130.17","130.60","129.96","6.17M","-0.30%"
"2019-07-15","130.97","130.45","131.05","130.45","6.06M","0.58%"
"2019-07-12","130.22","129.92","130.45","129.68","6.99M","0.12%"
"2019-07-11","130.07","131.31","131.41","129.76","14.13M","-1.34%"
"2019-07-10","131.83","132.35","132.44","131.51","9.47M","-0.55%"
"2019-07-09","132.56","132.68","132.71","132.16","6.22M","-0.04%"
"2019-07-08","132.61","133.05","133.22","132.61","6.49M","0.14%"
"2019-07-05","132.43","132.54","132.55","131.67","12.18M","-1.33%"
"2019-07-03","134.21","133.52","134.29","133.51","5.38M","0.71%"
"2019-07-02","133.26","132.57","133.39","132.46","10.50M","0.77%"
"2019-07-01","132.24","132.57","132.75","131.59","14.14M","-0.43%"
"2019-06-28","132.81","132.58","133.08","132.45","8.15M","-0.07%"
"2019-06-27","132.90","132.31","133.09","131.99","9.72M","0.70%"
"2019-06-26","131.97","132.68","132.70","131.88","12.77M","-0.64%"
"2019-06-25","132.82","132.79","133.09","132.72","9.60M","0.31%"
"2019-06-24","132.41","132.16","132.53","132.08","6.38M","0.75%"
"2019-06-21","131.43","132.51","132.53","131.38","14.50M","-1.10%"
"2019-06-20","132.89","132.91","133.50","132.59","10.72M","0.26%"
"2019-06-19","132.54","131.86","132.72","131.58","11.96M","0.14%"
"2019-06-18","132.35","132.74","132.86","131.94","10.32M","0.50%"
"2019-06-17","131.69","131.39","131.76","131.13","6.05M","0.17%"
"2019-06-14","131.46","131.10","131.71","131.09","5.84M","0.25%"
"2019-06-13","131.13","130.80","131.25","130.79","5.56M","0.34%"
"2019-06-12","130.68","130.39","130.75","130.30","5.28M","0.08%"
"2019-06-11","130.58","130.42","130.76","130.32","5.12M","0.06%"
"2019-06-10","130.50","130.68","130.70","130.32","8.29M","-0.94%"
"2019-06-07","131.74","131.79","132.07","131.44","11.38M","0.87%"
"2019-06-06","130.61","130.97","131.59","130.32","9.62M","0.32%"
"2019-06-05","130.19","130.52","130.95","130.12","8.82M","-0.57%"
"2019-06-04","130.93","131.39","131.76","130.55","14.25M","-1.14%"
"2019-06-03","132.44","131.91","132.58","131.55","17.82M","0.46%"
"2019-05-31","131.83","130.90","131.90","130.81","18.93M","1.25%"
"2019-05-30","130.20","129.33","130.23","128.89","13.02M","0.86%"
"2019-05-29","129.09","129.67","129.90","129.00","13.26M","0.23%"
"2019-05-28","128.79","128.27","128.90","128.09","8.10M","0.79%"
"2019-05-24","127.78","127.56","127.78","127.39","4.98M","0.09%"
"2019-05-23","127.67","126.89","128.09","126.88","9.74M","1.12%"
"2019-05-22","126.25","125.77","126.33","125.72","5.68M","0.57%"
"2019-05-21","125.53","125.60","125.72","125.30","4.02M","-0.16%"
"2019-05-20","125.73","126.12","126.38","125.65","6.04M","-0.21%"
"2019-05-17","125.99","126.28","126.30","125.69","4.75M","0.22%"
"2019-05-16","125.71","125.81","125.83","125.53","7.67M","-0.33%"
"2019-05-15","126.13","126.21","126.27","125.77","9.57M","0.61%"
"2019-05-14","125.36","125.51","125.65","125.20","5.69M","-0.29%"
"2019-05-13","125.73","125.40","125.93","125.25","10.50M","0.79%"
"2019-05-10","124.75","124.89","125.45","124.59","6.04M","-0.14%"
"2019-05-09","124.92","125.11","125.30","124.31","9.41M","0.41%"
"2019-05-08","124.41","125.15","125.30","124.30","6.91M","-0.43%"
"2019-05-07","124.95","124.53","125.14","124.39","8.98M","0.77%"
"2019-05-06","124.00","124.31","124.38","123.92","4.48M","0.27%"
"2019-05-03","123.66","123.66","123.88","123.37","6.19M","0.28%"
"2019-05-02","123.31","123.68","123.81","123.04","6.61M","-0.48%"
"2019-05-01","123.90","123.69","124.45","123.60","14.37M","0.20%"
"2019-04-30","123.65","122.95","123.74","122.93","7.96M","0.51%"
"2019-04-29","123.02","123.23","123.35","122.85","10.25M","-0.64%"
"2019-04-26","123.81","123.98","124.02","123.64","5.95M","0.34%"
"2019-04-25","123.39","123.49","123.62","123.10","5.38M","-0.15%"
"2019-04-24","123.57","123.11","123.59","123.09","7.30M","0.82%"
"2019-04-23","122.57","122.61","122.70","122.39","6.24M","0.21%"
"2019-04-22","122.31","122.47","122.57","122.23","6.24M","-0.48%"
"2019-04-18","122.90","122.81","123.10","122.78","27.59M","0.52%"
"2019-04-17","122.26","122.13","122.57","122.11","6.12M","0.04%"
"2019-04-16","122.21","122.51","122.63","122.14","8.93M","-0.63%"
"2019-04-15","122.98","122.78","122.99","122.72","3.07M","0.25%"
"2019-04-12","122.67","122.89","123.06","122.63","7.01M","-0.71%"
"2019-04-11","123.55","123.93","124.02","123.41","8.68M","-0.59%"
"2019-04-10","124.28","124.27","124.52","124.10","7.52M","0.24%"
"2019-04-09","123.98","124.22","124.33","123.77","7.02M","0.32%"
"2019-04-08","123.59","123.83","123.95","123.52","4.45M","-0.35%"
"2019-04-05","124.03","123.62","124.17","123.58","6.32M","0.13%"
"2019-04-04","123.87","123.60","123.89","123.44","7.50M","0.28%"
"2019-04-03","123.52","123.61","123.87","123.37","10.41M","-0.87%"
"2019-04-02","124.60","124.48","124.74","124.25","9.73M","0.18%"
"2019-04-01","124.37","125.29","125.36","124.19","16.50M","-1.64%"
"2019-03-29","126.44","125.68","126.47","125.64","10.84M","-0.09%"
"2019-03-28","126.56","126.25","126.69","126.01","9.14M","0.35%"
"2019-03-27","126.12","125.42","126.34","125.31","14.21M","0.92%"
"2019-03-26","124.97","124.70","125.29","124.62","7.50M","-0.07%"
"2019-03-25","125.06","124.81","125.94","124.51","9.74M","0.16%"
"2019-03-22","124.86","124.21","125.28","124.06","13.08M","1.55%"
"2019-03-21","122.95","122.96","123.09","122.74","7.18M","0.22%"
"2019-03-20","122.68","121.74","122.85","121.73","10.12M","1.05%"
"2019-03-19","121.41","121.09","121.61","120.89","5.22M","-0.22%"
"2019-03-18","121.68","121.57","121.87","121.52","3.89M","-0.06%"
"2019-03-15","121.75","121.74","121.95","121.40","4.30M","0.66%"
"2019-03-14","120.95","121.69","121.76","120.92","8.19M","-0.72%"
"2019-03-13","121.83","121.66","121.96","121.62","4.39M","-0.19%"
"2019-03-12","122.06","121.30","122.23","121.25","6.42M","0.70%"
"2019-03-11","121.21","121.40","121.42","120.98","5.16M","-0.30%"
"2019-03-08","121.57","121.12","121.69","120.84","7.52M","0.42%"
"2019-03-07","121.06","120.64","121.26","120.61","8.19M","0.65%"
"2019-03-06","120.28","119.92","120.52","119.89","7.77M","0.37%"
"2019-03-05","119.84","119.28","119.87","119.27","5.60M","0.21%"
"2019-03-04","119.59","119.29","119.77","119.06","9.81M","0.78%"
"2019-03-01","118.66","119.33","119.53","118.64","13.54M","-1.13%"
"2019-02-28","120.02","120.56","120.62","119.71","9.53M","-0.34%"
"2019-02-27","120.43","121.12","121.13","120.28","7.74M","-1.13%"
"2019-02-26","121.81","121.73","121.82","121.36","6.03M","0.50%"
"2019-02-25","121.21","121.17","121.30","120.92","6.29M","-0.30%"
"2019-02-22","121.57","121.47","121.94","121.42","6.37M","0.60%"
"2019-02-21","120.85","121.07","121.16","120.70","7.38M","-0.89%"
"2019-02-20","121.94","121.95","122.08","121.59","4.46M","-0.29%"
"2019-02-19","122.29","122.42","122.54","121.95","5.87M","0.25%"
"2019-02-15","121.98","121.56","122.02","121.54","5.53M","0.16%"
"2019-02-14","121.79","122.14","122.20","121.58","5.87M","0.57%"
"2019-02-13","121.10","121.15","121.39","120.91","4.76M","-0.38%"
"2019-02-12","121.56","121.66","121.75","121.20","7.94M","-0.25%"
"2019-02-11","121.87","121.86","122.18","121.75","4.35M","-0.39%"
"2019-02-08","122.35","122.26","122.47","122.07","5.89M","0.43%"
"2019-02-07","121.83","121.46","121.91","121.23","8.78M","0.66%"
"2019-02-06","121.03","121.36","121.41","120.73","5.18M","0.05%"
"2019-02-05","120.97","120.73","121.23","120.66","6.98M","0.46%"
"2019-02-04","120.42","120.44","120.55","120.02","8.97M","-0.45%"
"2019-02-01","120.96","121.48","121.57","120.84","12.02M","-0.83%"
"2019-01-31","121.97","121.55","122.18","121.50","11.84M","0.86%"
"2019-01-30","120.93","120.84","120.98","120.33","10.57M","-0.07%"
"2019-01-29","121.02","120.53","121.04","120.39","5.75M","0.51%"
"2019-01-28","120.41","120.54","120.94","120.41","6.44M","-0.10%"
"2019-01-25","120.53","120.59","120.75","120.32","6.46M","-0.48%"
"2019-01-24","121.11","120.91","121.26","120.71","7.12M","0.66%"
"2019-01-23","120.32","119.88","120.62","119.83","5.78M","-0.04%"
"2019-01-22","120.37","120.31","120.72","120.07","8.88M","0.68%"
"2019-01-18","119.56","119.84","120.12","119.39","14.11M","-0.52%"
"2019-01-17","120.19","120.22","120.53","119.89","8.15M","0.02%"
"2019-01-16","120.16","119.59","120.39","119.51","6.05M","0.10%"
"2019-01-15","120.04","120.56","120.57","119.95","9.00M","-0.37%"
"2019-01-14","120.48","120.90","121.01","120.24","6.73M","-0.37%"
"2019-01-11","120.93","120.83","121.27","120.68","5.79M","0.39%"
"2019-01-10","120.46","121.28","121.41","120.34","8.22M","-0.64%"
"2019-01-09","121.24","121.26","121.43","120.80","9.35M","-0.16%"
"2019-01-08","121.43","121.69","121.94","121.39","7.74M","-0.26%"
"2019-01-07","121.75","122.62","122.65","121.62","8.50M","-0.29%"
"2019-01-04","122.11","122.34","122.56","121.65","12.97M","-1.16%"
"2019-01-03","123.54","122.29","123.86","122.23","21.19M","1.14%"
"2019-01-02","122.15","121.66","122.16","121.34","19.84M","0.53%"
"2018-12-31","121.51","120.65","121.56","120.46","17.41M","0.38%"
"2018-12-28","121.05","120.40","121.05","120.29","9.88M","0.84%"
"2018-12-27","120.04","121.26","121.38","119.98","12.15M","0.02%"
"2018-12-26","120.02","120.99","121.39","119.97","11.70M","-1.07%"
"2018-12-24","121.32","121.13","121.42","120.91","8.38M","0.50%"
"2018-12-21","120.72","121.14","121.21","120.39","9.95M","-0.02%"
"2018-12-20","120.74","122.01","122.03","120.67","18.54M","-0.36%"
"2018-12-19","121.18","120.11","121.66","119.92","23.05M","1.32%"
"2018-12-18","119.60","119.07","119.78","118.94","10.02M","0.36%"
"2018-12-17","119.17","118.59","119.30","118.58","9.73M","0.58%"
"2018-12-14","118.48","118.55","118.77","118.22","8.17M","0.35%"
"2018-12-13","118.07","118.46","118.58","117.98","5.56M","-0.24%"
"2018-12-12","118.35","118.58","118.72","118.24","6.18M","-0.45%"
"2018-12-11","118.88","118.97","119.38","118.61","8.07M","-0.02%"
"2018-12-10","118.90","118.87","119.28","118.44","8.78M","0.41%"
"2018-12-07","118.41","117.81","118.53","117.52","8.61M","0.19%"
"2018-12-06","118.19","118.54","119.20","118.13","15.32M","0.31%"
"2018-12-04","117.82","116.81","118.67","116.62","18.10M","1.67%"
"2018-12-03","115.88","114.68","115.88","114.66","9.76M","0.48%"
"2018-11-30","115.33","115.31","115.42","114.98","9.13M","0.37%"
"2018-11-29","114.90","114.92","115.25","114.59","7.30M","0.39%"
"2018-11-28","114.45","114.85","115.02","114.36","7.81M","-0.49%"
"2018-11-27","115.01","114.81","115.25","114.76","5.97M","0.11%"
"2018-11-26","114.88","114.86","115.06","114.78","6.60M","-0.23%"
"2018-11-23","115.14","115.67","115.76","115.09","3.03M","0.10%"
"2018-11-21","115.02","114.89","115.09","114.54","4.95M","-0.03%"
"2018-11-20","115.06","115.24","115.46","114.93","6.33M","0.03%"
"2018-11-19","115.02","114.41","115.02","114.41","7.03M","0.28%"
"2018-11-16","114.70","114.20","114.81","113.92","9.24M","0.58%"
"2018-11-15","114.04","114.44","114.54","113.68","7.88M","-0.04%"
"2018-11-14","114.09","113.48","114.52","113.30","8.69M","0.06%"
"2018-11-13","114.02","113.71","114.02","113.48","6.53M","-0.06%"
"2018-11-12","114.09","113.95","114.31","113.91","6.84M","0.65%"
"2018-11-09","113.35","112.75","113.50","112.72","6.47M","0.75%"
"2018-11-08","112.51","112.96","112.97","112.41","6.91M","-0.01%"
"2018-11-07","112.52","113.19","113.40","112.41","9.31M","0.13%"
"2018-11-06","112.37","112.60","112.73","112.33","3.16M","-0.06%"
"2018-11-05","112.44","112.48","112.71","112.35","4.76M","0.39%"
"2018-11-02","112.00","113.17","113.26","111.90","11.32M","-1.24%"
"2018-11-01","113.41","112.85","113.56","112.84","6.10M","-0.15%"
"2018-10-31","113.58","113.74","113.96","113.21","8.71M","-0.51%"
"2018-10-30","114.16","114.26","114.54","114.02","9.94M","-0.50%"
"2018-10-29","114.73","114.84","115.02","114.26","7.68M","-0.23%"
"2018-10-26","114.99","114.93","115.32","114.79","18.58M","0.60%"
"2018-10-25","114.30","114.54","114.74","114.23","12.61M","-0.42%"
"2018-10-24","114.78","114.36","114.82","114.24","16.01M","0.75%"
"2018-10-23","113.92","114.76","115.02","113.84","10.33M","0.32%"
"2018-10-22","113.56","113.95","114.08","113.53","3.24M","-0.13%"
"2018-10-19","113.71","113.85","113.95","113.41","10.89M","-0.22%"
"2018-10-18","113.96","113.62","114.39","113.55","5.73M","-0.04%"
"2018-10-17","114.00","114.66","114.78","113.98","5.88M","-0.59%"
"2018-10-16","114.68","114.39","114.72","114.16","4.76M","0.23%"
"2018-10-15","114.42","114.66","114.82","114.29","7.15M","-0.04%"
"2018-10-12","114.47","114.39","115.01","114.28","6.79M","-0.35%"
"2018-10-11","114.87","114.00","115.15","113.79","16.09M","1.22%"
"2018-10-10","113.49","113.14","113.58","112.78","15.29M","-0.27%"
"2018-10-09","113.80","113.14","113.85","113.07","11.53M","1.01%"
"2018-10-08","112.66","112.99","113.11","112.64","5.86M","-0.34%"
"2018-10-05","113.04","113.39","113.72","112.62","18.10M","-0.86%"
"2018-10-04","114.02","114.13","114.39","113.71","16.21M","-0.71%"
"2018-10-03","114.83","116.27","116.36","114.24","20.83M","-1.74%"
"2018-10-02","116.86","116.67","117.13","116.60","8.27M","0.61%"
"2018-10-01","116.15","116.66","116.83","116.12","22.44M","-0.96%"
"2018-09-28","117.27","117.85","117.91","117.22","12.81M","-0.26%"
"2018-09-27","117.58","117.24","117.65","117.10","5.76M","0.07%"
"2018-09-26","117.50","116.93","117.58","116.66","9.51M","0.70%"
"2018-09-25","116.68","116.48","116.74","116.40","6.65M","-0.10%"
"2018-09-24","116.80","116.74","117.27","116.72","5.51M","-0.26%"
"2018-09-21","117.10","116.87","117.28","116.84","6.17M","-0.04%"
"2018-09-20","117.15","116.58","117.30","116.47","8.66M","0.46%"
"2018-09-19","116.61","117.11","117.11","116.19","13.38M","-0.60%"
"2018-09-18","117.31","118.06","118.06","117.16","10.18M","-1.05%"
"2018-09-17","118.55","118.18","118.82","118.12","5.43M","0.00%"
"2018-09-14","118.55","118.41","118.91","118.30","5.58M","-0.48%"
"2018-09-13","119.12","119.34","119.57","118.98","4.83M","0.15%"
"2018-09-12","118.94","119.05","119.17","118.90","3.35M","0.24%"
"2018-09-11","118.66","119.08","119.17","118.60","5.44M","-0.76%"
"2018-09-10","119.57","119.17","119.60","119.17","6.39M","0.37%"
"2018-09-07","119.13","119.33","119.40","118.99","11.21M","-0.85%"
"2018-09-06","120.15","119.76","120.40","119.69","9.57M","0.37%"
"2018-09-05","119.71","119.76","119.90","119.55","9.42M","-0.27%"
"2018-09-04","120.03","119.96","120.09","119.75","18.34M","-0.80%"
"2018-08-31","121.00","121.89","121.92","120.89","9.68M","-0.23%"
"2018-08-30","121.28","121.31","121.46","121.08","5.30M","0.21%"
"2018-08-29","121.02","120.94","121.14","120.61","5.61M","0.13%"
"2018-08-28","120.86","121.00","121.09","120.68","4.93M","-0.60%"
"2018-08-27","121.59","121.78","121.87","121.52","6.41M","-0.57%"
"2018-08-24","122.29","121.62","122.33","121.49","6.09M","0.20%"
"2018-08-23","122.05","122.00","122.13","121.78","5.33M","0.16%"
"2018-08-22","121.86","122.00","122.05","121.58","5.31M","0.40%"
"2018-08-21","121.38","121.37","121.53","121.06","4.70M","-0.34%"
"2018-08-20","121.79","121.64","121.91","121.53","5.60M","0.67%"
"2018-08-17","120.98","121.09","121.39","120.75","3.54M","0.12%"
"2018-08-16","120.83","120.81","120.93","120.28","5.40M","-0.01%"
"2018-08-15","120.84","120.66","121.13","120.57","7.65M","0.58%"
"2018-08-14","120.14","120.54","120.56","120.03","4.25M","-0.22%"
"2018-08-13","120.41","120.25","120.70","120.21","7.92M","-0.21%"
"2018-08-10","120.66","120.37","121.05","120.28","8.46M","0.73%"
"2018-08-09","119.79","119.23","119.83","119.12","7.14M","0.84%"
"2018-08-08","118.79","118.66","119.03","118.61","5.64M","0.10%"
"2018-08-07","118.67","119.03","119.10","118.57","5.35M","-0.52%"
"2018-08-06","119.29","119.54","119.84","119.27","4.20M","0.06%"
"2018-08-03","119.22","118.83","119.29","118.81","6.16M","0.50%"
"2018-08-02","118.63","118.62","118.74","118.30","4.45M","0.14%"
"2018-08-01","118.46","118.28","118.83","118.07","13.31M","-1.04%"
"2018-07-31","119.70","119.79","119.86","119.56","6.80M","0.55%"
"2018-07-30","119.05","118.99","119.41","118.97","7.11M","-0.34%"
"2018-07-27","119.46","119.85","119.87","119.40","4.54M","0.17%"
"2018-07-26","119.26","119.71","119.88","119.16","6.82M","-0.19%"
"2018-07-25","119.49","120.02","120.26","119.26","7.36M","-0.16%"
"2018-07-24","119.68","119.28","119.81","119.14","9.05M","0.34%"
"2018-07-23","119.27","120.38","120.38","119.18","11.57M","-1.23%"
"2018-07-20","120.76","121.58","121.59","120.70","10.47M","-1.23%"
"2018-07-19","122.26","121.80","122.45","121.77","6.17M","0.63%"
"2018-07-18","121.49","122.02","122.04","121.39","6.33M","-0.40%"
"2018-07-17","121.98","122.29","122.39","121.90","3.76M","-0.19%"
"2018-07-16","122.21","122.21","122.28","121.64","5.52M","-0.42%"
"2018-07-13","122.72","122.61","122.87","122.47","4.08M","0.25%"
"2018-07-12","122.41","122.17","122.47","122.14","4.82M","-0.01%"
"2018-07-11","122.42","122.45","122.55","122.09","6.87M","0.39%"
"2018-07-10","121.95","121.87","122.13","121.81","5.76M","-0.01%"
"2018-07-09","121.96","122.07","122.21","121.90","5.95M","-0.64%"
"2018-07-06","122.75","122.75","122.92","122.48","4.68M","0.33%"
"2018-07-05","122.35","122.06","122.53","122.01","3.86M","0.29%"
"2018-07-03","122.00","121.53","122.03","121.53","3.81M","0.54%"
"2018-07-02","121.35","121.74","121.75","121.29","9.66M","-0.30%"
"2018-06-29","121.72","122.17","122.50","121.65","11.16M","-0.34%"
"2018-06-28","122.14","122.13","122.25","121.83","7.11M","0.02%"
"2018-06-27","122.11","121.75","122.18","121.55","8.17M","0.94%"
"2018-06-26","120.97","120.77","121.03","120.66","5.45M","0.14%"
"2018-06-25","120.80","120.66","121.11","120.64","8.36M","0.22%"
"2018-06-22","120.53","120.09","120.62","120.06","4.08M","-0.01%"
"2018-06-21","120.54","120.36","120.75","120.22","7.24M","0.53%"
"2018-06-20","119.91","120.77","120.79","119.90","6.88M","-0.88%"
"2018-06-19","120.97","120.97","121.23","120.70","6.13M","0.58%"
"2018-06-18","120.27","120.48","120.56","120.04","4.89M","-0.09%"
"2018-06-15","120.38","120.83","121.09","120.30","7.99M","0.09%"
"2018-06-14","120.27","119.78","120.30","119.48","10.08M","0.83%"
"2018-06-13","119.28","119.45","119.64","118.63","8.83M","-0.05%"
"2018-06-12","119.34","118.93","119.46","118.89","6.05M","0.03%"
"2018-06-11","119.31","119.07","119.39","118.94","6.84M","-0.18%"
"2018-06-08","119.53","119.56","119.85","119.44","6.79M","-0.30%"
"2018-06-07","119.89","118.69","120.49","118.68","13.24M","0.97%"
"2018-06-06","118.74","119.08","119.10","118.42","7.81M","-0.81%"
"2018-06-05","119.71","119.96","120.16","119.62","5.64M","0.23%"
"2018-06-04","119.43","120.11","120.14","119.37","7.16M","-0.72%"
"2018-06-01","120.30","120.17","120.70","119.85","8.72M","-0.76%"
"2018-05-31","121.22","121.56","121.98","120.95","10.77M","-0.16%"
"2018-05-30","121.42","121.00","121.48","120.74","11.62M","-0.67%"
"2018-05-29","122.24","120.79","122.52","120.43","21.67M","2.19%"
"2018-05-25","119.62","119.56","119.84","119.47","8.48M","0.62%"
"2018-05-24","118.88","118.69","119.06","118.64","8.20M","0.80%"
"2018-05-23","117.94","117.75","118.11","117.66","9.63M","0.73%"
"2018-05-22","117.09","117.29","117.34","116.85","4.70M","-0.15%"
"2018-05-21","117.27","117.13","117.38","116.95","4.45M","0.05%"
"2018-05-18","117.21","116.51","117.29","116.51","9.61M","0.86%"
"2018-05-17","116.21","116.63","116.82","116.09","7.33M","-0.51%"
"2018-05-16","116.80","117.42","117.53","116.79","6.52M","-0.38%"
"2018-05-15","117.25","117.56","117.58","116.70","12.90M","-1.14%"
"2018-05-14","118.60","118.80","118.99","118.59","5.00M","-0.53%"
"2018-05-11","119.23","119.32","119.36","118.82","4.27M","0.25%"
"2018-05-10","118.93","118.55","118.98","118.35","7.10M","0.81%"
"2018-05-09","117.98","118.12","118.42","117.98","7.83M","-0.60%"
"2018-05-08","118.69","118.55","119.00","118.30","6.09M","-0.09%"
"2018-05-07","118.80","118.97","119.02","118.73","3.65M","-0.16%"
"2018-05-04","118.99","119.23","119.23","118.49","4.28M","0.15%"
"2018-05-03","118.81","118.84","119.31","118.68","6.35M","0.45%"
"2018-05-02","118.28","118.64","118.87","118.26","4.64M","-0.11%"
"2018-05-01","118.41","118.77","118.84","118.23","7.98M","-0.58%"
"2018-04-30","119.10","119.08","119.56","118.94","8.32M","0.18%"
"2018-04-27","118.89","118.47","118.95","118.44","5.40M","0.77%"
"2018-04-26","117.98","117.73","118.13","117.59","6.53M","0.70%"
"2018-04-25","117.16","117.41","117.65","116.94","6.60M","-0.67%"
"2018-04-24","117.95","118.21","118.45","117.76","8.19M","-0.46%"
"2018-04-23","118.49","118.33","118.62","118.08","7.07M","0.03%"
"2018-04-20","118.46","118.89","119.13","118.43","7.58M","-0.72%"
"2018-04-19","119.32","119.42","119.53","118.81","9.88M","-0.81%"
"2018-04-18","120.30","121.29","121.34","120.28","8.14M","-0.80%"
"2018-04-17","121.27","120.92","121.58","120.82","5.59M","0.27%"
"2018-04-16","120.94","120.23","120.97","120.18","4.49M","0.03%"
"2018-04-13","120.90","120.52","121.13","120.50","4.96M","0.23%"
"2018-04-12","120.62","121.04","121.07","120.41","6.62M","-0.73%"
"2018-04-11","121.51","121.85","121.89","121.27","5.90M","0.36%"
"2018-04-10","121.08","121.20","121.38","120.78","6.05M","-0.18%"
"2018-04-09","121.30","120.64","121.30","120.35","6.31M","0.17%"
"2018-04-06","121.10","120.66","121.15","120.22","8.83M","1.09%"
"2018-04-05","119.79","120.10","120.27","119.77","7.60M","-0.75%"
"2018-04-04","120.69","121.35","121.46","120.60","6.65M","-0.21%"
"2018-04-03","120.94","121.36","121.47","120.83","9.86M","-0.77%"
"2018-04-02","121.88","121.35","122.36","121.16","12.04M","-0.02%"
"2018-03-29","121.90","121.54","122.29","121.51","9.69M","0.49%"
"2018-03-28","121.31","121.45","121.64","120.94","7.41M","0.26%"
"2018-03-27","120.99","119.83","121.12","119.81","9.17M","1.07%"
"2018-03-26","119.71","120.00","120.45","119.67","8.24M","-0.38%"
"2018-03-23","120.17","119.68","120.31","119.62","7.25M","-0.07%"
"2018-03-22","120.26","120.31","120.82","119.67","12.14M","0.99%"
"2018-03-21","119.08","118.66","119.42","118.11","9.74M","0.11%"
"2018-03-20","118.95","118.91","119.22","118.83","5.45M","-0.40%"
"2018-03-19","119.43","119.21","119.97","119.20","8.49M","-0.32%"
"2018-03-16","119.81","119.80","120.01","119.55","6.08M","-0.36%"
"2018-03-15","120.24","120.17","120.49","119.93","6.76M","0.00%"
"2018-03-14","120.24","119.40","120.40","119.37","10.18M","0.88%"
"2018-03-13","119.19","118.98","119.37","118.50","7.46M","0.51%"
"2018-03-12","118.59","118.31","118.66","118.19","5.80M","0.58%"
"2018-03-09","117.91","117.99","118.27","117.59","6.57M","-0.66%"
"2018-03-08","118.69","118.31","118.99","118.26","7.09M","0.58%"
"2018-03-07","118.01","118.57","118.68","117.95","4.46M","-0.11%"
"2018-03-06","118.14","118.36","118.68","118.12","5.45M","0.09%"
"2018-03-05","118.03","118.75","118.80","117.63","5.66M","-0.27%"
"2018-03-02","118.35","118.85","118.93","118.12","10.06M","-0.81%"
"2018-03-01","119.32","118.43","119.62","118.15","12.29M","0.48%"
"2018-02-28","118.75","118.47","118.83","118.25","9.31M","0.64%"
"2018-02-27","118.00","118.52","118.66","117.26","12.53M","-0.14%"
"2018-02-26","118.17","118.68","118.91","118.04","8.77M","0.03%"
"2018-02-23","118.13","117.88","118.31","117.72","9.07M","0.89%"
"2018-02-22","117.09","117.24","117.66","117.00","9.32M","0.30%"
"2018-02-21","116.74","118.24","118.29","116.51","12.05M","-1.23%"
"2018-02-20","118.19","118.28","118.51","117.78","8.27M","-0.44%"
"2018-02-16","118.71","119.04","119.21","118.34","8.45M","0.54%"
"2018-02-15","118.07","118.19","118.80","117.99","8.22M","0.34%"
"2018-02-14","117.67","118.46","118.54","117.47","12.04M","-1.11%"
"2018-02-13","118.99","118.61","119.01","118.39","8.16M","0.45%"
"2018-02-12","118.46","118.56","119.30","118.19","10.94M","0.44%"
"2018-02-09","117.94","118.11","119.09","117.79","15.66M","-0.63%"
"2018-02-08","118.69","118.01","119.18","117.85","15.16M","-0.11%"
"2018-02-07","118.82","120.13","120.33","118.56","16.27M","-0.95%"
"2018-02-06","119.96","120.42","120.87","119.72","10.94M","-0.62%"
"2018-02-05","120.71","119.17","121.82","118.64","28.61M","0.94%"
"2018-02-02","119.58","120.15","120.26","119.24","23.94M","-0.93%"
"2018-02-01","120.70","122.48","122.53","120.62","18.63M","-1.65%"
"2018-01-31","122.73","122.87","122.93","121.94","18.05M","0.59%"
"2018-01-30","122.01","122.28","122.37","121.70","12.06M","-0.59%"
"2018-01-29","122.73","122.97","122.97","122.30","12.22M","-0.70%"
"2018-01-26","123.59","123.88","123.91","123.10","6.46M","-0.37%"
"2018-01-25","124.05","123.16","124.15","122.80","12.17M","0.82%"
"2018-01-24","123.04","122.85","123.13","122.53","9.04M","-0.54%"
"2018-01-23","123.71","123.81","124.20","123.24","12.33M","0.43%"
"2018-01-22","123.18","123.45","123.71","122.99","8.99M","0.10%"
"2018-01-19","123.06","123.40","123.56","122.98","11.37M","-0.53%"
"2018-01-18","123.71","123.93","124.27","123.53","10.84M","-0.93%"
"2018-01-17","124.87","125.08","125.64","124.59","8.33M","-0.14%"
"2018-01-16","125.04","125.17","125.28","124.56","9.13M","0.42%"
"2018-01-12","124.52","124.10","124.79","123.91","9.99M","0.17%"
"2018-01-11","124.31","123.51","124.59","123.31","12.51M","0.41%"
"2018-01-10","123.80","122.81","123.93","122.66","14.30M","-0.12%"
"2018-01-09","123.95","124.81","124.83","123.81","16.23M","-1.34%"
"2018-01-08","125.63","125.99","126.03","125.17","8.85M","-0.06%"
"2018-01-05","125.71","125.87","126.18","125.36","10.92M","-0.29%"
"2018-01-04","126.07","125.65","126.16","125.37","9.22M","-0.02%"
"2018-01-03","126.09","126.00","126.20","125.49","8.61M","0.48%"
"2018-01-02","125.49","126.49","126.51","125.07","16.24M","-1.08%"
"2017-12-29","126.86","126.50","127.12","126.47","7.58M","0.16%"
"2017-12-28","126.66","126.53","126.83","126.37","5.30M","-0.09%"
"2017-12-27","126.77","125.71","126.98","125.70","9.06M","1.30%"
"2017-12-26","125.14","124.98","125.53","124.97","3.17M","0.30%"
"2017-12-22","124.77","124.70","124.84","124.53","3.97M","0.14%"
"2017-12-21","124.60","124.03","124.86","124.00","7.03M","0.37%"
"2017-12-20","124.14","124.31","124.71","123.95","10.01M","-1.11%"
"2017-12-19","125.53","126.32","126.38","125.07","11.05M","-1.30%"
"2017-12-18","127.18","127.97","128.00","126.91","7.24M","-0.91%"
"2017-12-15","128.35","127.81","128.59","127.56","7.24M","0.38%"
"2017-12-14","127.87","127.05","127.98","126.79","6.88M","0.42%"
"2017-12-13","127.33","126.81","127.39","126.59","8.53M","0.75%"
"2017-12-12","126.38","126.17","126.41","125.67","7.50M","-0.04%"
"2017-12-11","126.43","126.86","127.08","126.41","3.86M","-0.21%"
"2017-12-08","126.69","126.59","126.74","126.23","4.79M","0.01%"
"2017-12-07","126.68","127.93","128.10","126.30","13.06M","-0.78%"
"2017-12-06","127.68","127.87","128.23","127.66","11.83M","0.35%"
"2017-12-05","127.24","126.47","127.50","126.45","10.96M","0.50%"
"2017-12-04","126.61","125.92","126.67","125.81","9.61M","0.05%"
"2017-12-01","126.55","125.87","127.69","125.10","24.58M","1.14%"
"2017-11-30","125.12","125.31","125.52","124.44","9.63M","-0.33%"
"2017-11-29","125.54","125.56","125.68","125.10","14.55M","-0.99%"
"2017-11-28","126.79","126.77","127.18","126.47","5.98M","0.13%"
"2017-11-27","126.62","126.86","127.05","126.42","6.08M","-0.14%"
"2017-11-24","126.80","126.93","127.03","126.69","3.14M","-0.28%"
"2017-11-22","127.15","126.62","127.20","126.51","4.14M","0.32%"
"2017-11-21","126.74","127.09","127.29","126.31","5.82M","0.32%"
"2017-11-20","126.34","125.91","126.38","125.91","4.23M","-0.04%"
"2017-11-17","126.39","126.07","126.44","125.96","6.94M","0.74%"
"2017-11-16","125.46","126.01","126.33","125.44","5.89M","-0.87%"
"2017-11-15","126.56","126.06","126.67","125.64","9.57M","1.09%"
"2017-11-14","125.20","124.77","125.24","124.77","6.20M","0.68%"
"2017-11-13","124.36","124.80","124.81","124.31","5.88M","0.21%"
"2017-11-10","124.10","124.71","124.84","123.96","11.98M","-1.51%"
"2017-11-09","126.00","125.87","126.24","125.55","6.28M","-0.28%"
"2017-11-08","126.36","126.59","126.80","126.21","3.36M","-0.22%"
"2017-11-07","126.64","126.23","126.78","126.13","6.42M","0.42%"
"2017-11-06","126.11","125.93","126.22","125.72","6.25M","0.37%"
"2017-11-03","125.64","125.47","125.70","125.14","10.98M","0.27%"
"2017-11-02","125.30","125.00","125.52","124.92","7.22M","0.44%"
"2017-11-01","124.75","124.35","125.14","124.30","8.94M","0.23%"
"2017-10-31","124.46","124.53","124.66","124.40","4.42M","0.03%"
"2017-10-30","124.42","123.86","124.46","123.56","9.05M","0.96%"
"2017-10-27","123.24","122.94","123.33","122.75","10.48M","0.66%"
"2017-10-26","122.43","123.06","123.06","122.43","8.18M","-0.33%"
"2017-10-25","122.84","122.53","122.98","122.42","9.96M","-0.48%"
"2017-10-24","123.43","123.37","123.69","123.15","6.84M","-0.62%"
"2017-10-23","124.20","124.16","124.49","124.02","6.87M","0.18%"
"2017-10-20","123.98","124.00","124.28","123.64","12.33M","-1.06%"
"2017-10-19","125.31","125.74","126.01","125.27","8.97M","0.18%"
"2017-10-18","125.09","125.05","125.18","124.68","5.94M","-0.66%"
"2017-10-17","125.92","125.39","126.09","125.39","4.97M","0.13%"
"2017-10-16","125.76","125.53","125.90","125.38","5.74M","-0.07%"
"2017-10-13","125.85","125.58","125.94","125.17","7.75M","0.72%"
"2017-10-12","124.95","124.55","124.98","124.24","7.14M","0.43%"
"2017-10-11","124.42","124.57","124.66","124.26","4.39M","0.19%"
"2017-10-10","124.18","124.14","124.87","124.02","6.67M","0.16%"
"2017-10-09","123.98","123.78","124.06","123.64","3.59M","0.32%"
"2017-10-06","123.59","123.29","124.10","123.03","10.38M","-0.28%"
"2017-10-05","123.94","124.27","124.30","123.69","8.18M","-0.38%"
"2017-10-04","124.41","124.53","124.59","123.88","7.45M","0.01%"
"2017-10-03","124.40","123.92","124.51","123.92","6.22M","0.10%"
"2017-10-02","124.28","124.81","125.00","124.24","7.86M","-0.38%"
"2017-09-29","124.76","124.76","125.03","124.27","11.29M","0.22%"
"2017-09-28","124.48","124.21","124.65","123.97","8.88M","-0.30%"
"2017-09-27","124.85","124.87","125.30","124.61","12.15M","-1.51%"
"2017-09-26","126.76","126.77","126.89","126.43","7.25M","-0.18%"
"2017-09-25","126.99","126.32","127.27","126.20","9.68M","0.63%"
"2017-09-22","126.20","126.50","126.73","126.06","5.66M","0.29%"
"2017-09-21","125.84","126.16","126.56","125.82","6.15M","-0.06%"
"2017-09-20","125.91","125.97","126.05","125.33","8.04M","0.07%"
"2017-09-19","125.82","126.28","126.31","125.73","5.55M","-0.25%"
"2017-09-18","126.13","126.50","126.57","125.84","6.86M","-0.58%"
"2017-09-15","126.86","127.00","127.01","126.54","9.77M","0.04%"
"2017-09-14","126.81","126.37","126.83","126.33","6.67M","0.41%"
"2017-09-13","126.29","126.91","126.92","126.28","6.74M","-0.39%"
"2017-09-12","126.79","127.05","127.09","126.53","7.56M","-0.53%"
"2017-09-11","127.46","127.87","128.05","127.26","17.86M","-1.19%"
"2017-09-08","129.00","129.11","129.16","128.57","9.81M","-0.22%"
"2017-09-07","129.28","128.33","129.56","128.33","13.62M","1.02%"
"2017-09-06","127.97","128.72","129.00","127.74","9.07M","-0.61%"
"2017-09-05","128.76","127.69","128.80","127.69","15.22M","1.59%"
"2017-09-01","126.75","127.31","127.34","126.43","14.13M","-0.97%"
"2017-08-31","127.99","127.64","128.03","127.57","7.98M","0.30%"
"2017-08-30","127.61","127.46","127.74","127.34","4.74M","-0.03%"
"2017-08-29","127.65","128.46","128.52","127.31","7.66M","0.32%"
"2017-08-28","127.24","126.92","127.39","126.73","4.45M","-0.06%"
"2017-08-25","127.32","127.02","127.45","126.87","7.30M","0.39%"
"2017-08-24","126.83","126.88","127.31","126.72","5.57M","-0.37%"
"2017-08-23","127.30","127.04","127.31","126.76","7.45M","0.68%"
"2017-08-22","126.44","126.79","126.81","126.27","6.14M","-0.39%"
"2017-08-21","126.93","126.77","127.02","126.50","7.67M","0.24%"
"2017-08-18","126.62","126.98","127.15","126.26","8.38M","-0.02%"
"2017-08-17","126.65","125.70","126.67","125.51","9.36M","0.75%"
"2017-08-16","125.71","124.83","126.02","124.81","5.28M","0.37%"
"2017-08-15","125.25","124.73","125.53","124.71","7.47M","-0.42%"
"2017-08-14","125.78","125.99","126.28","125.73","5.11M","-0.51%"
"2017-08-11","126.43","125.77","126.46","125.55","5.72M","0.05%"
"2017-08-10","126.37","125.62","126.44","125.52","10.38M","0.85%"
"2017-08-09","125.30","125.92","125.95","125.20","9.22M","0.55%"
"2017-08-08","124.62","124.87","124.98","124.15","6.20M","-0.36%"
"2017-08-07","125.07","124.84","125.10","124.61","4.68M","0.11%"
"2017-08-04","124.93","125.15","125.18","124.44","8.49M","-0.85%"
"2017-08-03","126.00","125.29","126.02","125.26","10.32M","1.03%"
"2017-08-02","124.71","124.77","125.17","124.68","5.75M","0.06%"
"2017-08-01","124.64","123.18","124.71","123.16","9.68M","0.48%"
"2017-07-31","124.04","123.46","124.05","123.40","5.46M","0.12%"
"2017-07-28","123.89","123.27","123.99","123.26","5.49M","0.59%"
"2017-07-27","123.16","123.11","123.38","122.82","6.39M","-0.49%"
"2017-07-26","123.77","123.27","124.09","123.08","8.46M","0.16%"
"2017-07-25","123.57","124.14","124.19","123.47","9.74M","-1.30%"
"2017-07-24","125.20","125.45","125.66","125.16","5.38M","-0.39%"
"2017-07-21","125.69","125.73","126.03","125.57","6.20M","0.42%"
"2017-07-20","125.16","125.49","125.73","124.97","12.24M","0.29%"
"2017-07-19","124.80","124.78","125.01","124.59","5.14M","0.04%"
"2017-07-18","124.75","124.43","124.77","124.23","9.16M","0.87%"
"2017-07-17","123.67","123.33","123.99","123.27","4.74M","0.28%"
"2017-07-14","123.33","124.10","124.16","123.12","6.57M","0.12%"
"2017-07-13","123.18","123.60","123.65","122.81","7.45M","-0.63%"
"2017-07-12","123.96","123.89","124.04","123.49","7.84M","0.69%"
"2017-07-11","123.11","122.86","123.33","122.71","4.43M","0.17%"
"2017-07-10","122.90","122.87","123.10","122.68","3.86M","0.15%"
"2017-07-07","122.72","122.84","123.03","122.58","9.40M","-0.60%"
"2017-07-06","123.46","123.52","123.64","122.93","10.85M","-0.83%"
"2017-07-05","124.49","124.20","124.65","124.11","11.39M","0.02%"
"2017-07-03","124.46","125.00","125.04","124.02","11.02M","-0.53%"
"2017-06-30","125.12","125.19","125.39","124.85","10.19M","-0.23%"
"2017-06-29","125.41","125.01","125.72","124.90","9.12M","-0.84%"
"2017-06-28","126.47","126.67","126.71","125.98","7.36M","-0.33%"
"2017-06-27","126.89","127.43","127.49","126.62","8.35M","-1.07%"
"2017-06-26","128.26","128.27","128.57","128.16","5.54M","0.38%"
"2017-06-23","127.78","127.47","127.90","127.40","4.33M","-0.05%"
"2017-06-22","127.84","127.71","127.87","127.31","6.61M","0.22%"
"2017-06-21","127.56","127.11","127.64","126.90","5.91M","0.20%"
"2017-06-20","127.30","126.79","127.40","126.79","8.41M","0.90%"
"2017-06-19","126.17","126.32","126.47","126.03","5.64M","-0.14%"
"2017-06-16","126.35","126.08","126.44","126.01","6.67M","0.20%"
"2017-06-15","126.10","126.09","126.33","125.83","5.86M","-0.16%"
"2017-06-14","126.30","125.92","126.71","125.73","20.21M","1.54%"
"2017-06-13","124.38","124.01","124.52","123.99","4.74M","0.02%"
"2017-06-12","124.36","124.21","124.99","124.14","4.34M","-0.03%"
"2017-06-09","124.40","124.08","124.64","123.98","5.13M","-0.15%"
"2017-06-08","124.59","124.88","124.88","124.30","8.76M","-0.26%"
"2017-06-07","124.92","125.24","125.52","124.79","12.85M","-0.48%"
"2017-06-06","125.52","125.69","125.87","125.40","12.84M","0.54%"
"2017-06-05","124.84","124.90","125.16","124.78","6.78M","-0.62%"
"2017-06-02","125.62","125.22","125.77","125.05","13.25M","1.18%"
"2017-06-01","124.15","123.70","124.19","123.66","9.04M","-0.20%"
"2017-05-31","124.40","124.05","124.64","124.03","8.00M","0.25%"
"2017-05-30","124.09","124.03","124.14","123.74","4.82M","0.49%"
"2017-05-26","123.48","123.55","123.74","123.25","2.96M","0.17%"
"2017-05-25","123.27","123.02","123.28","122.76","6.46M","0.03%"
"2017-05-24","123.23","122.80","123.26","122.54","7.47M","0.56%"
"2017-05-23","122.54","123.51","123.62","122.48","7.90M","-0.67%"
"2017-05-22","123.37","123.41","123.56","123.26","4.06M","-0.27%"
"2017-05-19","123.71","123.36","123.78","123.01","11.28M","0.23%"
"2017-05-18","123.42","123.75","123.94","123.19","8.35M","0.11%"
"2017-05-17","123.28","122.63","123.54","122.39","11.24M","1.46%"
"2017-05-16","121.51","121.11","121.89","121.11","6.72M","0.37%"
"2017-05-15","121.06","121.06","121.21","120.75","5.17M","-0.27%"
"2017-05-12","121.39","121.01","121.49","120.98","7.46M","0.76%"
"2017-05-11","120.48","120.00","120.57","119.91","7.48M","0.00%"
"2017-05-10","120.48","120.91","121.06","120.16","6.52M","-0.12%"
"2017-05-09","120.62","120.38","120.63","120.14","5.54M","-0.01%"
"2017-05-08","120.63","121.11","121.14","120.53","8.06M","-0.54%"
"2017-05-05","121.29","121.38","121.47","120.89","5.61M","0.09%"
"2017-05-04","121.18","121.01","121.22","120.67","9.71M","-0.49%"
"2017-05-03","121.78","122.22","122.39","121.55","8.93M","0.07%"
"2017-05-02","121.70","120.97","121.78","120.94","6.73M","0.51%"
"2017-05-01","121.08","121.69","122.14","120.71","8.80M","-1.04%"
"2017-04-28","122.35","121.60","122.44","121.55","8.17M","0.22%"
"2017-04-27","122.08","121.75","122.35","121.58","4.98M","-0.03%"
"2017-04-26","122.12","121.52","122.14","121.43","5.77M","0.55%"
"2017-04-25","121.45","122.21","122.46","121.38","8.12M","-1.20%"
"2017-04-24","122.93","122.55","123.16","122.46","8.07M","-0.49%"
"2017-04-21","123.54","123.82","124.24","123.49","9.80M","0.00%"
"2017-04-20","123.54","123.73","123.92","123.14","7.93M","-0.39%"
"2017-04-19","124.02","124.10","124.17","123.70","7.34M","-0.55%"
"2017-04-18","124.70","123.86","124.98","123.55","11.53M","1.31%"
"2017-04-17","123.09","123.46","123.55","122.86","8.02M","-0.31%"
"2017-04-13","123.47","123.45","123.74","122.91","8.40M","0.31%"
"2017-04-12","123.09","122.51","123.19","122.29","11.53M","0.55%"
"2017-04-11","122.42","121.80","122.65","121.72","11.30M","0.95%"
"2017-04-10","121.27","121.14","121.62","121.00","5.31M","0.46%"
"2017-04-07","120.71","121.84","122.25","120.69","10.27M","-0.40%"
"2017-04-06","121.20","121.24","121.41","120.52","6.50M","-0.15%"
"2017-04-05","121.38","120.56","121.52","120.36","8.56M","0.31%"
"2017-04-04","121.01","121.37","121.59","120.95","6.98M","-0.54%"
"2017-04-03","121.67","120.45","121.87","120.40","13.00M","0.80%"
"2017-03-31","120.71","120.28","120.81","120.21","5.14M","0.29%"
"2017-03-30","120.36","121.07","121.09","120.32","7.04M","-0.81%"
"2017-03-29","121.34","120.94","121.38","120.88","6.29M","0.60%"
"2017-03-28","120.62","121.79","121.82","120.49","6.81M","-0.67%"
"2017-03-27","121.43","121.83","121.97","121.19","6.88M","0.45%"
"2017-03-24","120.88","120.53","121.10","120.40","5.82M","0.36%"
"2017-03-23","120.45","120.83","121.02","120.06","6.75M","-0.14%"
"2017-03-22","120.62","120.72","121.17","120.43","11.66M","0.40%"
"2017-03-21","120.14","119.05","120.30","119.02","12.54M","0.83%"
"2017-03-20","119.15","118.55","119.23","118.50","5.50M","0.43%"
"2017-03-17","118.64","118.11","118.75","118.03","7.27M","0.63%"
"2017-03-16","117.90","117.99","118.15","117.63","8.02M","-0.51%"
"2017-03-15","118.50","117.56","118.83","117.43","14.60M","1.22%"
"2017-03-14","117.07","116.77","117.35","116.71","9.87M","0.48%"
"2017-03-13","116.51","116.83","117.09","116.49","6.99M","-0.63%"
"2017-03-10","117.25","117.14","117.32","116.68","9.22M","0.35%"
"2017-03-09","116.84","117.34","117.48","116.77","10.58M","-0.80%"
"2017-03-08","117.78","117.31","117.95","117.23","11.34M","-0.54%"
"2017-03-07","118.42","118.48","118.68","118.25","7.08M","-0.30%"
"2017-03-06","118.78","119.12","119.12","118.52","4.49M","-0.48%"
"2017-03-03","119.35","119.23","119.35","118.55","9.52M","0.26%"
"2017-03-02","119.04","119.01","119.21","118.61","8.20M","-0.36%"
"2017-03-01","119.47","119.44","119.55","118.95","10.72M","-1.86%"
"2017-02-28","121.74","121.50","122.08","121.32","8.41M","0.37%"
"2017-02-27","121.29","121.81","121.90","121.22","11.04M","-0.59%"
"2017-02-24","122.01","121.35","122.14","121.26","11.34M","1.11%"
"2017-02-23","120.67","120.57","120.74","120.33","5.33M","0.30%"
"2017-02-22","120.31","120.80","120.82","119.59","8.10M","0.17%"
"2017-02-21","120.11","119.68","120.61","119.60","8.70M","-0.17%"
"2017-02-17","120.32","120.61","120.70","120.13","7.89M","0.59%"
"2017-02-16","119.61","119.22","120.21","119.12","10.01M","0.55%"
"2017-02-15","118.96","118.76","119.22","118.65","8.48M","-0.46%"
"2017-02-14","119.51","120.24","120.30","118.83","13.21M","-0.72%"
"2017-02-13","120.38","120.25","120.41","119.88","11.54M","-0.31%"
"2017-02-10","120.76","120.11","120.95","120.11","7.98M","-0.06%"
"2017-02-09","120.83","121.41","121.59","120.66","16.89M","-1.15%"
"2017-02-08","122.24","121.42","122.27","121.41","15.73M","1.36%"
"2017-02-07","120.60","119.78","121.01","119.47","8.42M","0.74%"
"2017-02-06","119.72","119.76","120.13","119.12","8.43M","0.61%"
"2017-02-03","119.00","119.44","119.87","118.47","10.28M","-0.04%"
"2017-02-02","119.05","119.93","120.14","119.00","6.98M","-0.04%"
"2017-02-01","119.10","119.10","119.53","118.58","10.98M","-0.83%"
"2017-01-31","120.10","119.33","120.40","119.25","13.30M","0.70%"
"2017-01-30","119.27","119.44","119.88","119.20","6.57M","-0.30%"
"2017-01-27","119.63","119.40","119.83","119.25","7.20M","0.36%"
"2017-01-26","119.20","118.91","119.25","118.32","7.83M","0.34%"
"2017-01-25","118.80","119.28","119.60","118.56","11.12M","-1.26%"
"2017-01-24","120.31","120.77","121.13","119.80","8.39M","-0.69%"
"2017-01-23","121.14","120.34","121.87","120.02","13.12M","1.00%"
"2017-01-20","119.94","119.84","120.31","119.29","16.95M","-0.20%"
"2017-01-19","120.18","120.49","120.58","119.55","11.80M","-0.69%"
"2017-01-18","121.01","121.77","121.96","120.91","9.06M","-1.28%"
"2017-01-17","122.58","122.81","122.94","121.99","7.85M","1.05%"
"2017-01-13","121.31","121.33","121.75","120.62","9.82M","-0.48%"
"2017-01-12","121.89","122.80","123.14","121.83","9.98M","-0.22%"
"2017-01-11","122.16","121.94","122.69","121.41","9.40M","0.34%"
"2017-01-10","121.75","121.55","121.91","121.28","8.42M","-0.07%"
"2017-01-09","121.83","121.88","122.00","121.46","8.84M","0.80%"
"2017-01-06","120.86","121.13","121.54","120.75","8.37M","-0.92%"
"2017-01-05","121.98","120.45","122.03","120.17","13.27M","1.57%"
"2017-01-04","120.10","119.76","120.24","119.45","6.70M","0.38%"
"2017-01-03","119.64","118.41","119.99","118.18","13.22M","0.43%"
"2016-12-30","119.13","118.78","119.65","118.72","10.61M","0.15%"
"2016-12-29","118.95","118.80","119.28","118.66","8.58M","0.35%"
"2016-12-28","118.53","117.86","118.88","117.70","7.58M","0.73%"
"2016-12-27","117.67","117.42","117.70","117.23","5.28M","-0.32%"
"2016-12-23","118.05","118.24","118.39","117.95","4.46M","0.20%"
"2016-12-22","117.81","117.53","118.00","117.50","5.18M","-0.44%"
"2016-12-21","118.33","117.92","118.40","117.73","4.62M","0.44%"
"2016-12-20","117.81","117.63","117.90","117.38","7.03M","-0.50%"
"2016-12-19","118.40","117.98","118.58","117.74","10.87M","1.08%"
"2016-12-16","117.14","117.61","117.92","116.80","14.92M","-0.23%"
"2016-12-15","117.41","117.56","118.29","117.03","12.40M","0.51%"
"2016-12-14","116.82","119.08","119.21","116.80","16.62M","-1.12%"
"2016-12-13","118.14","118.40","118.49","117.44","12.19M","0.36%"
"2016-12-12","117.72","117.27","117.80","116.88","9.50M","0.19%"
"2016-12-09","117.50","118.64","118.86","117.28","14.65M","-1.24%"
"2016-12-08","118.98","119.15","119.31","118.78","12.04M","-1.18%"
"2016-12-07","120.40","119.82","120.62","119.82","10.39M","0.85%"
"2016-12-06","119.38","119.70","119.94","119.12","11.53M","-0.08%"
"2016-12-05","119.47","118.93","120.40","118.45","12.10M","-0.11%"
"2016-12-02","119.60","119.17","120.21","119.14","12.49M","0.73%"
"2016-12-01","118.73","118.51","118.99","117.64","21.72M","-1.26%"
"2016-11-30","120.24","119.97","121.01","119.48","21.16M","-1.62%"
"2016-11-29","122.22","121.44","122.40","121.21","8.36M","0.42%"
"2016-11-28","121.71","121.41","121.73","121.09","8.55M","0.74%"
"2016-11-25","120.82","121.19","121.29","120.40","3.13M","0.15%"
"2016-11-23","120.64","119.99","120.91","119.25","13.56M","-0.39%"
"2016-11-22","121.11","121.66","121.76","120.88","9.99M","-0.03%"
"2016-11-21","121.15","121.21","121.47","120.89","6.49M","0.25%"
"2016-11-18","120.85","121.63","121.97","120.34","13.58M","-0.29%"
"2016-11-17","121.20","121.95","122.11","120.99","11.22M","-1.47%"
"2016-11-16","123.01","122.30","123.14","122.17","9.15M","0.90%"
"2016-11-15","121.91","122.22","122.81","121.78","11.96M","0.49%"
"2016-11-14","121.31","121.28","122.66","120.73","21.17M","-0.60%"
"2016-11-11","122.04","122.96","123.05","121.65","10.04M","-0.56%"
"2016-11-10","122.73","123.97","124.96","122.72","22.96M","-1.48%"
"2016-11-09","124.57","127.22","127.37","124.22","31.23M","-4.24%"
"2016-11-08","130.09","131.02","131.21","129.71","7.58M","-0.41%"
"2016-11-07","130.62","130.75","131.00","130.44","5.39M","-0.85%"
"2016-11-04","131.74","131.27","131.79","131.13","7.62M","0.90%"
"2016-11-03","130.57","130.75","131.05","130.44","6.09M","-0.77%"
"2016-11-02","131.58","131.30","132.11","131.03","8.67M","0.44%"
"2016-11-01","131.01","130.16","131.60","129.88","12.62M","-0.18%"
"2016-10-31","131.25","130.89","131.29","130.71","7.05M","0.61%"
"2016-10-28","130.45","130.39","130.93","130.33","7.54M","-0.22%"
"2016-10-27","130.74","131.07","131.07","130.07","10.04M","-1.09%"
"2016-10-26","132.18","132.46","132.80","131.99","5.84M","-0.68%"
"2016-10-25","133.08","132.53","133.55","132.49","5.13M","0.26%"
"2016-10-24","132.73","133.41","133.45","132.29","6.51M","-0.44%"
"2016-10-21","133.31","133.52","133.72","132.87","9.22M","0.15%"
"2016-10-20","133.11","133.64","133.75","132.90","6.08M","0.11%"
"2016-10-19","132.97","132.37","133.27","132.32","6.94M","0.08%"
"2016-10-18","132.86","131.86","132.89","131.83","7.15M","0.32%"
"2016-10-17","132.43","132.10","132.74","132.09","10.60M","0.64%"
"2016-10-14","131.59","132.27","132.95","131.53","11.42M","-1.40%"
"2016-10-13","133.46","133.64","133.93","133.37","7.08M","0.38%"
"2016-10-12","132.96","132.67","133.02","132.24","7.58M","0.10%"
"2016-10-11","132.83","132.86","133.55","132.57","9.67M","-0.23%"
"2016-10-10","133.13","132.85","133.16","132.51","6.09M","-0.59%"
"2016-10-07","133.92","133.93","134.29","133.09","9.95M","0.07%"
"2016-10-06","133.83","133.97","134.69","133.68","7.84M","-0.56%"
"2016-10-05","134.58","135.02","135.08","134.12","8.92M","-0.47%"
"2016-10-04","135.21","136.62","136.84","135.16","12.05M","-1.17%"
"2016-10-03","136.81","137.68","137.77","136.76","7.59M","-0.51%"
"2016-09-30","137.51","138.55","138.64","136.87","11.75M","-0.89%"
"2016-09-29","138.75","137.56","139.07","137.45","8.32M","0.25%"
"2016-09-28","138.40","138.50","139.15","138.22","7.96M","-0.22%"
"2016-09-27","138.70","138.59","138.80","137.95","9.45M","0.73%"
"2016-09-26","137.69","137.07","137.83","137.02","8.66M","0.64%"
"2016-09-23","136.82","137.03","137.34","136.71","5.93M","-0.09%"
"2016-09-22","136.95","136.67","137.29","136.50","12.43M","0.79%"
"2016-09-21","135.87","134.60","135.89","134.18","10.70M","0.81%"
"2016-09-20","134.78","135.15","135.58","134.67","6.05M","0.35%"
"2016-09-19","134.31","134.52","134.87","134.25","7.11M","-0.33%"
"2016-09-16","134.75","134.58","134.81","134.22","7.51M","0.81%"
"2016-09-15","133.67","133.61","134.05","133.03","10.23M","-0.43%"
"2016-09-14","134.25","134.05","134.91","134.05","7.04M","0.15%"
"2016-09-13","134.05","135.87","136.00","133.36","15.65M","-1.14%"
"2016-09-12","135.59","135.32","135.83","135.16","9.10M","0.05%"
"2016-09-09","135.52","136.07","136.12","135.41","13.35M","-1.65%"
"2016-09-08","137.79","138.86","139.27","137.26","14.30M","-1.25%"
"2016-09-07","139.54","140.37","140.42","139.54","5.42M","-0.07%"
"2016-09-06","139.64","138.71","140.08","138.51","8.54M","0.73%"
"2016-09-02","138.63","138.96","139.05","138.17","8.40M","-0.82%"
"2016-09-01","139.77","138.62","140.10","138.57","9.15M","-0.07%"
"2016-08-31","139.87","139.66","140.17","139.34","7.35M","0.14%"
"2016-08-30","139.67","140.17","140.26","139.67","5.16M","-0.39%"
"2016-08-29","140.21","139.38","140.35","139.21","7.31M","1.34%"
"2016-08-26","138.36","139.73","140.69","138.22","12.96M","-0.58%"
"2016-08-25","139.17","139.26","139.78","138.96","5.86M","-0.38%"
"2016-08-24","139.70","140.10","140.19","139.39","6.03M","-0.24%"
"2016-08-23","140.03","140.27","140.59","139.67","6.84M","0.11%"
"2016-08-22","139.88","139.65","140.14","139.37","5.55M","0.84%"
"2016-08-19","138.71","138.64","139.05","138.10","5.52M","-0.52%"
"2016-08-18","139.44","139.20","139.76","138.79","3.81M","0.16%"
"2016-08-17","139.22","138.63","139.44","138.50","5.00M","0.60%"
"2016-08-16","138.39","138.98","139.15","138.23","6.18M","-0.27%"
"2016-08-15","138.76","139.34","139.63","138.75","5.11M","-0.94%"
"2016-08-12","140.08","140.41","140.86","139.87","7.99M","0.84%"
"2016-08-11","138.91","140.06","140.08","138.54","7.62M","-0.89%"
"2016-08-10","140.16","139.90","140.51","139.47","5.84M","0.39%"
"2016-08-09","139.62","138.71","139.72","138.62","5.50M","0.98%"
"2016-08-08","138.26","137.60","138.54","137.32","5.19M","0.19%"
"2016-08-05","138.00","139.05","139.18","137.82","7.78M","-1.04%"
"2016-08-04","139.45","139.46","140.16","139.27","5.65M","0.75%"
"2016-08-03","138.41","138.60","138.78","137.91","4.93M","0.06%"
"2016-08-02","138.33","137.83","139.26","137.50","10.05M","-1.03%"
"2016-08-01","139.77","139.78","140.50","139.61","9.81M","-1.26%"
"2016-07-29","141.56","140.45","141.68","140.22","8.77M","0.83%"
"2016-07-28","140.39","139.80","140.84","139.71","7.34M","-0.18%"
"2016-07-27","140.65","139.55","140.65","139.40","8.51M","1.25%"
"2016-07-26","138.92","139.52","139.52","138.46","5.24M","0.16%"
"2016-07-25","138.70","138.94","139.26","138.59","4.24M","-0.07%"
"2016-07-22","138.80","137.93","139.24","137.87","5.81M","0.17%"
"2016-07-21","138.56","137.04","138.62","136.99","10.40M","0.20%"
"2016-07-20","138.28","138.23","138.51","137.91","6.94M","-0.55%"
"2016-07-19","139.04","138.94","139.31","138.40","8.07M","0.56%"
"2016-07-18","138.26","139.07","139.26","137.73","5.96M","-0.09%"
"2016-07-15","138.39","138.89","139.11","138.18","9.96M","-0.86%"
"2016-07-14","139.59","139.28","139.84","139.09","10.82M","-1.45%"
"2016-07-13","141.65","141.37","141.77","140.95","8.18M","1.18%"
"2016-07-12","140.00","140.42","140.86","139.64","15.81M","-1.64%"
"2016-07-11","142.34","143.05","143.46","142.24","8.10M","-0.88%"
"2016-07-08","143.60","142.92","143.62","142.36","10.36M","0.74%"
"2016-07-07","142.55","142.09","143.19","141.78","9.68M","-0.01%"
"2016-07-06","142.56","142.79","143.00","141.96","14.35M","0.16%"
"2016-07-05","142.33","141.85","142.91","141.70","8.84M","1.25%"
"2016-07-01","140.57","140.81","140.82","139.19","15.43M","1.20%"
"2016-06-30","138.90","138.81","139.94","138.09","14.70M","0.37%"
"2016-06-29","138.39","139.68","140.13","138.26","13.00M","-0.77%"
"2016-06-28","139.46","139.44","139.90","138.88","14.01M","0.21%"
"2016-06-27","139.17","138.44","139.59","138.40","17.57M","2.50%"
"2016-06-24","135.78","136.61","136.61","135.30","17.16M","2.68%"
"2016-06-23","132.23","132.61","133.32","132.08","9.03M","-1.14%"
"2016-06-22","133.76","133.50","133.99","133.25","5.77M","0.16%"
"2016-06-21","133.54","134.29","134.58","133.46","6.01M","-0.46%"
"2016-06-20","134.16","134.24","134.55","134.01","7.37M","-1.07%"
"2016-06-17","135.61","136.20","136.27","135.26","8.49M","-0.62%"
"2016-06-16","136.46","136.74","137.56","136.18","10.37M","0.49%"
"2016-06-15","135.80","135.52","136.23","135.31","7.95M","0.38%"
"2016-06-14","135.28","136.19","136.22","135.22","9.01M","-0.07%"
"2016-06-13","135.38","135.09","135.39","134.77","7.69M","0.45%"
"2016-06-10","134.78","134.79","135.33","134.26","6.98M","0.48%"
"2016-06-09","134.13","134.32","134.54","133.93","6.82M","0.65%"
"2016-06-08","133.27","132.87","133.43","132.71","5.31M","0.54%"
"2016-06-07","132.56","132.64","132.98","132.54","4.68M","0.24%"
"2016-06-06","132.24","132.78","132.89","132.10","7.57M","-0.74%"
"2016-06-03","133.23","132.86","133.23","132.60","11.08M","1.42%"
"2016-06-02","131.36","130.90","131.69","130.87","5.84M","0.72%"
"2016-06-01","130.42","130.63","131.27","130.11","9.87M","0.20%"
"2016-05-31","130.16","129.02","130.44","128.98","8.34M","0.24%"
"2016-05-27","129.85","130.07","130.26","129.70","5.27M","-0.15%"
"2016-05-26","130.04","129.81","130.45","129.80","5.42M","0.52%"
"2016-05-25","129.37","129.83","130.24","129.31","6.37M","-0.38%"
"2016-05-24","129.86","129.97","130.19","129.24","5.97M","-0.44%"
"2016-05-23","130.44","130.36","130.73","129.92","6.98M","0.22%"
"2016-05-20","130.15","129.65","130.40","129.55","5.35M","0.08%"
"2016-05-19","130.05","129.68","130.33","129.65","6.21M","0.43%"
"2016-05-18","129.49","130.81","130.85","128.91","12.68M","-1.42%"
"2016-05-17","131.36","131.21","131.83","131.21","4.45M","0.17%"
"2016-05-16","131.14","131.64","131.66","130.98","5.14M","-0.86%"
"2016-05-13","132.28","131.48","132.32","131.23","8.71M","0.97%"
"2016-05-12","131.01","130.66","131.17","130.59","6.09M","-0.46%"
"2016-05-11","131.61","130.83","132.00","130.66","9.26M","0.57%"
"2016-05-10","130.87","130.85","131.12","130.65","4.33M","0.01%"
"2016-05-09","130.86","130.46","130.89","130.32","4.95M","0.31%"
"2016-05-06","130.45","130.85","130.86","130.29","7.23M","-0.43%"
"2016-05-05","131.01","130.06","131.07","129.70","7.87M","0.67%"
"2016-05-04","130.14","129.68","130.17","129.19","7.21M","0.55%"
"2016-05-03","129.43","129.55","130.02","129.35","10.74M","1.26%"
"2016-05-02","127.82","128.66","128.90","127.80","11.04M","-1.21%"
"2016-04-29","129.38","128.45","129.71","128.20","7.42M","0.26%"
"2016-04-28","129.05","128.21","129.14","128.04","7.97M","0.41%"
"2016-04-27","128.52","127.92","128.82","127.62","8.38M","1.00%"
"2016-04-26","127.25","127.76","127.76","127.12","7.84M","-0.45%"
"2016-04-25","127.83","128.06","128.52","127.83","5.54M","-0.41%"
"2016-04-22","128.36","128.85","128.91","128.24","5.83M","-0.26%"
"2016-04-21","128.69","128.44","129.07","128.29","11.15M","-0.59%"
"2016-04-20","129.46","131.16","131.65","129.27","10.92M","-1.10%"
"2016-04-19","130.90","131.08","131.30","130.29","5.21M","-0.31%"
"2016-04-18","131.31","131.33","131.44","130.66","4.49M","-0.43%"
"2016-04-15","131.88","131.29","132.16","131.25","5.83M","0.86%"
"2016-04-14","130.76","130.91","131.31","130.49","6.97M","-0.48%"
"2016-04-13","131.39","130.69","131.58","130.52","5.21M","0.35%"
"2016-04-12","130.93","131.08","131.55","130.52","4.28M","-0.69%"
"2016-04-11","131.84","131.32","132.18","131.11","4.81M","-0.13%"
"2016-04-08","132.01","132.17","132.40","131.63","5.59M","-0.63%"
"2016-04-07","132.85","132.19","132.99","132.01","5.96M","1.23%"
"2016-04-06","131.23","131.53","131.67","130.74","6.39M","-0.73%"
"2016-04-05","132.19","132.01","132.36","131.78","6.48M","1.09%"
"2016-04-04","130.76","130.79","130.97","130.27","5.15M","0.06%"
"2016-04-01","130.68","130.98","131.13","129.90","9.34M","0.05%"
"2016-03-31","130.61","129.98","130.80","129.79","7.83M","0.71%"
"2016-03-30","129.69","130.03","130.07","128.98","8.48M","-1.05%"
"2016-03-29","131.07","130.38","131.09","130.02","9.40M","1.05%"
"2016-03-28","129.71","129.38","130.16","129.28","5.06M","0.13%"
"2016-03-24","129.54","130.58","130.64","129.00","6.34M","0.04%"
"2016-03-23","129.49","128.41","129.82","128.29","10.63M","1.13%"
"2016-03-22","128.04","128.83","129.02","127.92","5.00M","-0.02%"
"2016-03-21","128.07","128.25","128.62","127.75","5.51M","-0.77%"
"2016-03-18","129.06","129.04","129.51","128.70","8.20M","0.21%"
"2016-03-17","128.79","128.51","129.34","128.49","7.81M","0.41%"
"2016-03-16","128.26","127.75","128.52","127.37","9.73M","0.30%"
"2016-03-15","127.88","128.50","128.66","127.61","6.41M","0.09%"
"2016-03-14","127.76","127.82","128.39","127.66","5.18M","0.31%"
"2016-03-11","127.36","128.82","128.88","127.21","8.93M","-1.01%"
"2016-03-10","128.66","129.50","129.84","127.92","10.09M","-0.41%"
"2016-03-09","129.19","129.08","129.69","128.81","7.19M","-0.61%"
"2016-03-08","129.98","130.35","130.99","129.95","7.18M","1.10%"
"2016-03-07","128.56","128.45","128.67","128.05","5.49M","-0.03%"
"2016-03-04","128.60","128.75","129.13","127.76","8.69M","-0.64%"
"2016-03-03","129.43","129.07","129.94","128.77","6.40M","0.36%"
"2016-03-02","128.96","128.32","128.97","128.21","7.05M","0.41%"
"2016-03-01","128.43","130.82","130.85","128.32","13.73M","-1.95%"
"2016-02-29","130.98","130.47","131.17","130.42","8.02M","0.44%"
"2016-02-26","130.41","130.31","130.81","130.04","9.24M","-0.96%"
"2016-02-25","131.68","131.48","132.55","131.32","6.10M","0.36%"
"2016-02-24","131.21","132.40","133.39","130.95","9.09M","-0.20%"
"2016-02-23","131.47","129.88","131.74","129.78","8.32M","0.40%"
"2016-02-22","130.94","131.10","131.11","130.70","5.05M","-0.05%"
"2016-02-19","131.01","130.94","131.82","130.73","8.19M","0.08%"
"2016-02-18","130.90","129.41","131.00","129.36","10.20M","1.23%"
"2016-02-17","129.31","129.64","129.83","128.71","13.16M","-0.61%"
"2016-02-16","130.11","130.72","130.75","129.80","11.77M","-1.06%"
"2016-02-12","131.50","132.64","133.13","130.93","13.89M","-1.66%"
"2016-02-11","133.72","134.44","135.25","133.01","21.62M","0.70%"
"2016-02-10","132.79","131.70","132.84","131.11","12.80M","0.88%"
"2016-02-09","131.63","132.04","132.06","130.96","15.23M","0.11%"
"2016-02-08","131.49","129.72","131.63","129.68","14.45M","2.15%"
"2016-02-05","128.72","127.89","129.00","127.59","9.20M","0.12%"
"2016-02-04","128.57","128.22","128.59","127.51","9.95M","0.48%"
"2016-02-03","127.95","128.28","129.94","127.92","13.31M","-0.83%"
"2016-02-02","129.02","128.10","129.04","128.00","10.40M","1.86%"
"2016-02-01","126.67","126.79","127.07","126.29","9.95M","-0.49%"
"2016-01-29","127.30","127.41","127.86","126.92","13.17M","0.85%"
"2016-01-28","126.23","125.54","126.41","125.46","10.58M","0.14%"
"2016-01-27","126.05","125.75","126.29","125.19","7.96M","-0.02%"
"2016-01-26","126.08","125.99","126.46","125.75","5.69M","0.05%"
"2016-01-25","126.02","125.95","126.27","125.65","5.74M","0.54%"
"2016-01-22","125.34","124.91","125.53","124.52","10.16M","-0.38%"
"2016-01-21","125.82","126.94","127.29","125.67","11.00M","-0.68%"
"2016-01-20","126.68","126.98","127.92","126.42","17.28M","1.05%"
"2016-01-19","125.36","125.13","126.07","124.95","8.93M","-0.31%"
"2016-01-15","125.75","125.40","125.96","125.08","13.98M","1.56%"
"2016-01-14","123.82","124.47","124.96","123.34","12.87M","-0.94%"
"2016-01-13","124.99","123.53","125.50","123.27","15.58M","0.99%"
"2016-01-12","123.77","122.34","124.32","122.15","12.90M","1.44%"
"2016-01-11","122.01","122.04","122.79","121.86","10.04M","-1.09%"
"2016-01-08","123.36","122.43","123.46","122.23","9.58M","0.45%"
"2016-01-07","122.81","122.68","122.93","121.79","10.20M","0.18%"
"2016-01-06","122.59","122.30","122.62","122.05","8.92M","1.35%"
"2016-01-05","120.96","120.88","121.50","120.66","6.24M","-0.40%"
"2016-01-04","121.45","121.93","122.45","121.32","10.59M","0.72%"
"2015-12-31","120.58","120.57","120.86","120.25","7.90M","0.45%"
"2015-12-30","120.04","119.92","120.54","119.67","5.51M","-0.10%"
"2015-12-29","120.16","121.69","121.74","120.01","7.79M","-1.66%"
"2015-12-28","122.19","121.99","122.67","121.85","7.59M","0.30%"
"2015-12-24","121.83","121.47","121.87","121.40","3.36M","0.36%"
"2015-12-23","121.39","121.23","121.61","120.87","7.29M","-0.75%"
"2015-12-22","122.31","122.65","122.80","121.99","5.45M","-0.72%"
"2015-12-21","123.20","123.43","123.78","122.92","7.49M","-0.02%"
"2015-12-18","123.23","123.08","123.52","122.82","10.17M","0.55%"
"2015-12-17","122.55","121.78","122.78","121.64","9.92M","1.13%"
"2015-12-16","121.18","121.07","122.17","120.50","10.99M","-0.21%"
"2015-12-15","121.44","121.02","121.60","120.83","8.80M","-0.59%"
"2015-12-14","122.16","123.08","123.15","121.75","10.66M","-1.29%"
"2015-12-11","123.76","123.03","124.10","122.87","12.30M","1.58%"
"2015-12-10","121.84","121.79","122.03","121.49","5.61M","0.13%"
"2015-12-09","121.68","121.35","122.14","120.51","8.99M","-0.11%"
"2015-12-08","121.81","122.28","122.43","121.45","7.26M","0.05%"
"2015-12-07","121.75","120.81","122.46","120.80","9.02M","0.97%"
"2015-12-04","120.58","119.53","120.93","119.47","11.84M","0.88%"
"2015-12-03","119.53","121.36","121.40","118.99","16.61M","-2.72%"
"2015-12-02","122.87","122.66","123.04","122.19","7.35M","0.03%"
"2015-12-01","122.83","121.26","122.85","121.26","12.77M","1.14%"
"2015-11-30","121.45","121.10","121.53","121.06","5.18M","0.40%"
"2015-11-27","120.97","121.25","121.32","120.96","2.57M","-0.10%"
"2015-11-25","121.09","121.17","121.42","120.94","3.28M","0.23%"
"2015-11-24","120.81","120.90","121.20","120.58","3.37M","-0.01%"
"2015-11-23","120.82","120.53","121.12","120.32","5.44M","0.31%"
"2015-11-20","120.45","120.93","121.04","120.28","5.97M","-0.31%"
"2015-11-19","120.82","120.88","121.15","120.68","6.64M","0.67%"
"2015-11-18","120.02","119.58","120.19","119.36","5.23M","0.21%"
"2015-11-17","119.77","119.00","120.13","118.66","5.12M","0.17%"
"2015-11-16","119.57","119.79","120.00","119.13","5.49M","-0.09%"
"2015-11-13","119.68","119.32","119.90","119.22","7.91M","0.57%"
"2015-11-12","119.00","118.75","119.44","118.70","6.81M","0.48%"
"2015-11-11","118.43","118.35","118.58","118.27","2.86M","-0.21%"
"2015-11-10","118.68","118.50","119.21","118.38","6.71M","0.30%"
"2015-11-09","118.33","118.10","118.90","118.00","9.16M","-0.56%"
"2015-11-06","119.00","119.49","119.53","118.74","10.60M","-1.47%"
"2015-11-05","120.77","121.05","121.06","120.30","7.27M","-0.26%"
"2015-11-04","121.09","121.10","121.54","120.70","5.98M","0.12%"
"2015-11-03","120.95","121.65","121.74","120.79","8.92M","-0.82%"
"2015-11-02","121.95","121.78","122.18","121.68","8.75M","-0.68%"
"2015-10-30","122.78","122.24","122.81","122.02","11.86M","0.75%"
"2015-10-29","121.86","123.18","123.22","121.70","12.11M","-1.59%"
"2015-10-28","123.83","124.27","124.34","123.30","8.47M","-0.40%"
"2015-10-27","124.33","124.51","124.90","124.16","7.16M","0.25%"
"2015-10-26","124.02","123.87","124.20","123.81","5.86M","0.67%"
"2015-10-23","123.20","123.10","123.46","122.85","7.06M","-0.85%"
"2015-10-22","124.26","124.10","124.78","123.51","6.93M","0.17%"
"2015-10-21","124.05","123.61","124.22","123.47","6.60M","0.99%"
"2015-10-20","122.83","122.80","122.97","122.55","6.43M","-0.61%"
"2015-10-19","123.59","123.79","123.97","122.91","6.24M","-0.27%"
"2015-10-16","123.93","124.25","124.47","123.87","8.05M","0.03%"
"2015-10-15","123.89","124.31","124.46","123.78","6.92M","-0.49%"
"2015-10-14","124.50","123.70","124.54","123.30","9.74M","0.88%"
"2015-10-13","123.42","123.53","123.60","122.80","6.15M","0.17%"
"2015-10-12","123.21","123.03","123.43","122.91","4.24M","0.76%"
"2015-10-09","122.28","121.97","122.64","121.90","9.04M","0.26%"
"2015-10-08","121.96","123.29","123.37","121.66","12.88M","-0.84%"
"2015-10-07","122.99","122.81","123.33","122.51","6.71M","-0.33%"
"2015-10-06","123.40","122.55","123.60","122.41","5.69M","0.43%"
"2015-10-05","122.87","123.72","123.83","122.78","11.36M","-1.36%"
"2015-10-02","124.56","125.59","126.21","124.18","13.00M","0.61%"
"2015-10-01","123.81","124.08","124.52","123.66","9.07M","0.22%"
"2015-09-30","123.54","123.41","123.80","123.12","9.83M","-0.35%"
"2015-09-29","123.97","123.54","124.29","123.25","9.01M","0.28%"
"2015-09-28","123.62","122.20","123.77","122.20","9.83M","1.71%"
"2015-09-25","121.54","121.65","121.93","121.27","8.38M","-0.86%"
"2015-09-24","122.60","123.17","123.68","122.49","9.61M","0.68%"
"2015-09-23","121.77","121.62","122.07","120.99","6.77M","-0.01%"
"2015-09-22","121.78","121.44","122.39","121.14","9.97M","1.39%"
"2015-09-21","120.11","121.01","121.11","119.78","10.09M","-1.63%"
"2015-09-18","122.10","121.21","122.20","121.13","14.96M","1.54%"
"2015-09-17","120.25","118.88","120.37","118.73","19.84M","1.22%"
"2015-09-16","118.80","118.96","119.44","118.55","6.95M","-0.38%"
"2015-09-15","119.25","120.89","121.05","119.12","11.89M","-1.92%"
"2015-09-14","121.58","121.95","122.14","121.28","4.22M","0.16%"
"2015-09-11","121.39","121.47","122.08","121.33","5.89M","0.63%"
"2015-09-10","120.63","121.02","121.19","120.45","6.79M","-0.68%"
"2015-09-09","121.45","119.63","121.71","119.56","7.44M","0.48%"
"2015-09-08","120.87","121.38","121.56","120.76","7.05M","-1.48%"
"2015-09-04","122.68","122.45","122.93","121.82","7.95M","0.91%"
"2015-09-03","121.57","121.38","121.67","120.71","7.04M","0.49%"
"2015-09-02","120.98","121.42","121.98","120.86","9.52M","-0.86%"
"2015-09-01","122.03","121.64","122.09","120.98","15.30M","0.50%"
"2015-08-31","121.42","123.36","123.47","121.34","8.62M","-0.77%"
"2015-08-28","122.36","123.15","123.47","122.23","9.95M","0.30%"
"2015-08-27","122.00","121.82","122.87","121.65","9.13M","0.06%"
"2015-08-26","121.93","123.00","123.51","121.36","16.43M","-1.93%"
"2015-08-25","124.33","124.55","124.79","123.56","15.35M","-1.61%"
"2015-08-24","126.36","128.31","128.92","125.82","16.66M","-0.03%"
"2015-08-21","126.40","126.16","126.74","125.59","10.72M","0.30%"
"2015-08-20","126.02","125.37","126.10","125.18","9.08M","1.01%"
"2015-08-19","124.76","123.06","124.93","122.99","10.74M","0.99%"
"2015-08-18","123.54","123.80","124.29","123.38","5.02M","-0.79%"
"2015-08-17","124.52","124.71","125.10","124.39","7.88M","0.45%"
"2015-08-14","123.96","123.47","124.37","123.20","4.32M","0.23%"
"2015-08-13","123.67","123.83","124.42","123.22","7.69M","-0.32%"
"2015-08-12","124.07","124.93","125.71","124.00","8.46M","-0.55%"
"2015-08-11","124.75","124.30","125.13","124.16","11.15M","1.59%"
"2015-08-10","122.80","123.41","123.57","122.52","7.46M","-1.24%"
"2015-08-07","124.34","123.30","124.50","123.24","8.32M","1.31%"
"2015-08-06","122.73","122.00","122.87","122.00","6.12M","0.89%"
"2015-08-05","121.65","121.77","121.91","121.19","7.57M","-0.75%"
"2015-08-04","122.57","123.16","123.32","122.46","6.45M","-0.79%"
"2015-08-03","123.55","122.32","123.75","122.32","11.75M","0.83%"
"2015-07-31","122.53","122.44","122.90","122.06","9.18M","0.74%"
"2015-07-30","121.63","121.21","121.93","121.15","6.15M","0.77%"
"2015-07-29","120.70","121.02","121.17","120.42","6.71M","-0.37%"
"2015-07-28","121.15","121.16","121.57","120.90","9.13M","-0.73%"
"2015-07-27","122.04","122.19","122.29","121.48","8.17M","0.54%"
"2015-07-24","121.39","121.50","121.55","120.92","7.31M","0.25%"
"2015-07-23","121.09","119.60","121.20","119.45","9.09M","1.25%"
"2015-07-22","119.60","119.01","119.90","118.95","6.23M","0.62%"
"2015-07-21","118.86","117.68","118.93","117.66","5.63M","0.54%"
"2015-07-20","118.22","118.29","118.64","117.90","5.94M","-0.42%"
"2015-07-17","118.72","118.37","118.89","118.36","7.40M","0.52%"
"2015-07-16","118.11","116.89","118.16","116.87","7.31M","0.69%"
"2015-07-15","117.30","116.11","117.55","116.04","8.72M","1.06%"
"2015-07-14","116.07","116.02","116.27","115.66","4.23M","0.33%"
"2015-07-13","115.69","115.39","116.46","115.39","8.01M","-0.31%"
"2015-07-10","116.05","116.04","116.72","115.76","13.64M","-1.59%"
"2015-07-09","117.92","118.70","119.12","117.85","11.11M","-1.97%"
"2015-07-08","120.29","120.02","120.57","119.50","9.95M","0.86%"
"2015-07-07","119.26","119.66","120.49","118.95","16.16M","0.94%"
"2015-07-06","118.15","118.05","118.65","117.06","10.61M","1.85%"
"2015-07-02","116.00","116.32","116.66","115.88","6.68M","0.33%"
"2015-07-01","115.62","115.82","116.36","115.43","12.45M","-1.57%"
"2015-06-30","117.46","117.40","118.70","117.33","13.47M","-0.69%"
"2015-06-29","118.28","116.96","118.67","116.46","17.13M","2.65%"
"2015-06-26","115.23","115.67","115.87","114.88","11.67M","-1.12%"
"2015-06-25","116.54","116.59","117.08","116.19","8.29M","-0.35%"
"2015-06-24","116.95","116.51","117.17","116.16","8.60M","0.86%"
"2015-06-23","115.95","115.73","116.96","115.69","8.95M","-0.60%"
"2015-06-22","116.65","117.84","118.14","116.59","9.77M","-2.04%"
"2015-06-19","119.08","118.51","119.18","118.49","10.44M","1.28%"
"2015-06-18","117.57","117.37","117.74","116.75","10.12M","-0.49%"
"2015-06-17","118.15","118.50","118.63","117.25","13.63M","-0.77%"
"2015-06-16","119.07","118.61","119.08","117.94","7.05M","0.79%"
"2015-06-15","118.14","118.89","119.06","117.74","8.19M","0.16%"
"2015-06-12","117.95","117.59","119.07","117.55","7.86M","0.00%"
"2015-06-11","117.95","116.56","117.97","116.24","13.85M","2.10%"
"2015-06-10","115.52","115.92","116.13","115.26","12.18M","-0.88%"
"2015-06-09","116.54","117.06","117.13","116.11","12.39M","-0.79%"
"2015-06-08","117.47","117.96","118.16","117.37","5.33M","-0.11%"
"2015-06-05","117.60","117.84","118.57","117.38","11.20M","-1.22%"
"2015-06-04","119.05","118.26","119.29","118.14","10.86M","1.30%"
"2015-06-03","117.52","118.39","118.60","117.19","14.81M","-1.61%"
"2015-06-02","119.44","120.17","120.26","119.11","10.08M","-1.40%"
"2015-06-01","121.13","122.11","122.38","120.69","13.11M","-1.29%"
"2015-05-29","122.71","123.23","123.57","122.51","7.91M","0.22%"
"2015-05-28","122.44","122.50","123.03","122.22","6.24M","-0.24%"
"2015-05-27","122.74","122.18","122.86","121.61","6.49M","0.23%"
"2015-05-26","122.46","120.84","122.55","120.74","10.47M","1.71%"
"2015-05-22","120.40","120.65","120.75","119.80","5.42M","0.04%"
"2015-05-21","120.35","119.58","120.61","119.45","11.76M","1.40%"
"2015-05-20","118.69","118.77","119.45","118.18","7.79M","0.17%"
"2015-05-19","118.49","118.27","119.84","118.13","8.44M","-0.89%"
"2015-05-18","119.55","120.32","120.43","119.47","10.21M","-1.68%"
"2015-05-15","121.59","120.38","121.91","120.29","12.63M","2.01%"
"2015-05-14","119.20","118.92","119.83","118.69","9.13M","0.27%"
"2015-05-13","118.88","120.65","120.72","118.64","15.76M","-0.80%"
"2015-05-12","119.84","119.14","120.63","118.82","15.86M","0.26%"
"2015-05-11","119.53","121.62","121.65","119.50","13.74M","-2.43%"
"2015-05-08","122.51","123.38","123.55","122.31","11.72M","0.27%"
"2015-05-07","122.18","121.43","122.57","121.35","11.93M","1.34%"
"2015-05-06","120.56","121.99","122.06","120.37","14.36M","-1.71%"
"2015-05-05","122.66","122.86","123.03","121.69","13.94M","-0.14%"
"2015-05-04","122.83","124.30","124.53","122.72","9.14M","-0.94%"
"2015-05-01","124.00","124.73","125.04","123.69","12.38M","-1.55%"
"2015-04-30","125.95","125.04","126.17","124.51","12.88M","0.17%"
"2015-04-29","125.73","125.81","126.44","125.28","11.55M","-1.23%"
"2015-04-28","127.29","128.17","128.74","127.26","7.46M","-1.38%"
"2015-04-27","129.07","129.07","129.50","128.37","4.33M","0.00%"
"2015-04-24","129.07","128.64","129.43","128.59","4.77M","0.62%"
"2015-04-23","128.27","127.80","128.85","127.61","6.84M","0.43%"
"2015-04-22","127.72","129.50","129.55","127.54","9.71M","-1.53%"
"2015-04-21","129.70","130.23","130.45","129.56","4.56M","-0.45%"
"2015-04-20","130.29","130.94","131.01","129.93","4.95M","-0.88%"
"2015-04-17","131.45","129.77","131.70","129.70","7.27M","1.15%"
"2015-04-16","129.96","130.83","130.86","129.41","7.09M","-0.50%"
"2015-04-15","130.61","131.05","131.27","130.32","4.43M","-0.08%"
"2015-04-14","130.72","131.31","131.86","130.48","6.08M","0.71%"
"2015-04-13","129.80","129.53","129.98","129.39","4.01M","0.14%"
"2015-04-10","129.62","130.32","130.45","129.55","4.84M","0.15%"
"2015-04-09","129.43","130.87","130.92","129.13","6.48M","-1.30%"
"2015-04-08","131.13","131.02","131.36","130.02","5.38M","0.03%"
"2015-04-07","131.09","130.23","131.22","129.85","4.76M","0.84%"
"2015-04-06","130.00","131.43","131.48","129.72","5.92M","-0.56%"
"2015-04-02","130.73","131.93","131.97","130.61","6.66M","-1.06%"
"2015-04-01","132.13","131.33","132.48","131.30","9.27M","1.10%"
"2015-03-31","130.69","130.24","130.96","129.91","6.84M","0.21%"
"2015-03-30","130.41","130.90","131.00","130.09","7.01M","-0.50%"
"2015-03-27","131.06","130.03","131.13","129.98","7.91M","1.24%"
"2015-03-26","129.45","131.05","131.14","129.18","9.54M","-1.56%"
"2015-03-25","131.50","132.72","132.76","131.46","5.64M","-0.84%"
"2015-03-24","132.62","131.83","132.64","131.48","6.71M","0.97%"
"2015-03-23","131.35","131.70","131.75","130.99","5.56M","-0.12%"
"2015-03-20","131.51","131.22","131.70","131.14","5.95M","0.53%"
"2015-03-19","130.82","131.20","131.62","130.27","9.54M","-0.51%"
"2015-03-18","131.49","129.91","131.53","128.61","13.98M","1.93%"
"2015-03-17","129.00","128.55","129.11","128.28","6.31M","0.83%"
"2015-03-16","127.94","127.94","128.15","127.27","6.37M","0.96%"
"2015-03-13","126.72","126.76","127.59","126.49","7.25M","-0.31%"
"2015-03-12","127.11","128.20","128.20","126.72","10.30M","-0.07%"
"2015-03-11","127.20","126.26","127.46","126.12","6.66M","0.73%"
"2015-03-10","126.28","125.97","126.44","125.76","9.28M","1.32%"
"2015-03-09","124.64","124.68","124.87","124.13","8.89M","0.92%"
"2015-03-06","123.50","124.67","124.83","122.97","20.02M","-2.21%"
"2015-03-05","126.29","126.53","126.88","125.90","6.04M","-0.13%"
"2015-03-04","126.45","126.94","127.04","126.16","6.48M","0.03%"
"2015-03-03","126.41","126.89","127.37","126.38","8.60M","-0.36%"
"2015-03-02","126.87","129.00","129.07","126.77","11.32M","-2.05%"
"2015-02-27","129.53","129.02","129.62","128.27","9.23M","0.84%"
"2015-02-26","128.45","129.70","130.30","128.40","11.02M","-1.37%"
"2015-02-25","130.23","129.46","130.38","129.08","8.02M","0.43%"
"2015-02-24","129.67","127.65","129.79","127.18","11.96M","1.31%"
"2015-02-23","127.99","127.19","128.17","127.16","7.50M","1.15%"
"2015-02-20","126.54","127.05","128.01","126.00","12.50M","0.29%"
"2015-02-19","126.17","126.78","127.44","126.17","8.58M","-0.66%"
"2015-02-18","127.01","126.82","127.74","126.47","14.01M","0.59%"
"2015-02-17","126.26","127.80","127.93","125.92","14.97M","-1.51%"
"2015-02-13","128.19","129.51","129.53","128.09","8.33M","-1.03%"
"2015-02-12","129.52","129.66","130.54","129.45","12.55M","-0.33%"
"2015-02-11","129.95","129.70","130.27","128.96","6.51M","0.19%"
"2015-02-10","129.71","130.14","130.47","129.44","8.29M","-0.80%"
"2015-02-09","130.75","131.97","131.98","130.75","8.03M","-0.16%"
"2015-02-06","130.96","132.05","132.35","130.59","13.69M","-1.77%"
"2015-02-05","133.32","134.00","134.23","133.11","8.33M","-1.10%"
"2015-02-04","134.80","133.49","134.99","133.12","11.36M","0.17%"
"2015-02-03","134.57","135.65","135.79","134.37","14.01M","-2.12%"
"2015-02-02","137.48","136.70","137.92","136.66","13.69M","-0.58%"
"2015-01-30","138.28","137.71","138.50","137.18","14.87M","1.77%"
"2015-01-29","135.87","136.12","136.67","135.46","8.88M","-0.66%"
"2015-01-28","136.77","134.75","137.41","134.70","12.23M","1.63%"
"2015-01-27","134.57","135.73","136.13","134.15","8.08M","0.16%"
"2015-01-26","134.36","134.84","135.19","134.05","5.97M","-0.30%"
"2015-01-23","134.77","134.30","135.12","134.15","7.33M","1.39%"
"2015-01-22","132.92","134.00","134.18","132.28","10.20M","-0.36%"
"2015-01-21","133.40","135.20","135.59","132.96","9.80M","-1.16%"
"2015-01-20","134.96","134.13","135.11","134.07","7.76M","1.33%"
"2015-01-16","133.19","134.33","134.68","133.03","9.39M","-1.27%"
"2015-01-15","134.91","132.85","135.03","132.68","11.45M","1.57%"
"2015-01-14","132.82","133.72","134.12","132.70","12.32M","0.76%"
"2015-01-13","131.82","131.39","132.61","131.14","8.26M","0.00%"
"2015-01-12","131.82","131.00","132.31","130.92","6.66M","0.57%"
"2015-01-09","131.07","129.20","131.11","129.04","9.40M","1.10%"
"2015-01-08","129.65","130.36","130.37","129.42","8.06M","-1.32%"
"2015-01-07","131.39","130.70","131.97","130.17","9.76M","-0.20%"
"2015-01-06","131.65","130.70","132.49","130.19","18.33M","1.80%"
"2015-01-05","129.32","128.01","129.63","127.96","9.79M","1.57%"
"2015-01-02","127.32","126.29","127.66","126.15","9.43M","1.11%"
"2014-12-31","125.92","125.70","126.17","125.65","4.99M","0.19%"
"2014-12-30","125.68","125.98","126.21","125.53","4.37M","0.27%"
"2014-12-29","125.34","124.91","125.66","124.81","4.07M","0.75%"
"2014-12-26","124.41","124.55","124.59","124.02","2.92M","0.37%"
"2014-12-24","123.95","123.06","124.06","122.93","4.87M","0.33%"
"2014-12-23","123.54","125.45","125.60","123.49","7.41M","-1.98%"
"2014-12-22","126.04","125.45","126.19","125.32","4.12M","0.14%"
"2014-12-19","125.87","124.58","125.95","124.44","7.89M","1.34%"
"2014-12-18","124.20","124.93","125.10","124.20","12.76M","-1.78%"
"2014-12-17","126.45","126.91","127.19","125.70","11.56M","-0.90%"
"2014-12-16","127.60","127.36","127.72","126.36","7.43M","1.24%"
"2014-12-15","126.04","125.64","126.70","125.43","9.39M","-0.21%"
"2014-12-12","126.30","125.45","126.35","125.02","9.32M","1.36%"
"2014-12-11","124.61","123.74","124.61","123.29","7.86M","0.41%"
"2014-12-10","124.10","123.18","124.40","123.08","6.44M","0.73%"
"2014-12-09","123.20","123.60","123.97","122.96","6.64M","0.51%"
"2014-12-08","122.57","121.42","122.83","121.14","6.02M","1.22%"
"2014-12-05","121.09","121.57","121.60","120.52","8.03M","-0.58%"
"2014-12-04","121.80","120.75","121.80","120.62","4.25M","0.84%"
"2014-12-03","120.79","120.30","120.80","120.13","4.87M","0.39%"
"2014-12-02","120.32","120.84","120.85","120.29","5.76M","-0.97%"
"2014-12-01","121.50","122.68","122.81","121.46","7.73M","-0.81%"
"2014-11-28","122.49","122.13","122.67","122.13","4.56M","0.79%"
"2014-11-26","121.53","121.64","121.87","121.47","4.34M","0.27%"
"2014-11-25","121.20","120.37","121.27","120.31","6.77M","0.83%"
"2014-11-24","120.20","119.67","120.27","119.55","4.03M","0.08%"
"2014-11-21","120.10","119.57","120.16","119.52","3.64M","0.60%"
"2014-11-20","119.38","119.90","119.95","119.06","5.68M","0.52%"
"2014-11-19","118.76","118.88","119.58","118.76","5.79M","-0.64%"
"2014-11-18","119.52","119.32","119.58","119.16","4.47M","0.28%"
"2014-11-17","119.19","119.78","119.79","118.88","4.73M","-0.25%"
"2014-11-14","119.49","118.84","119.59","118.68","5.19M","0.49%"
"2014-11-13","118.91","118.70","119.18","118.43","4.48M","0.24%"
"2014-11-12","118.63","119.20","119.53","118.44","4.04M","-0.08%"
"2014-11-11","118.73","118.48","118.81","118.34","2.42M","0.07%"
"2014-11-10","118.65","119.58","119.58","118.56","4.79M","-0.92%"
"2014-11-07","119.75","118.72","119.75","118.68","8.55M","1.15%"
"2014-11-06","118.39","118.60","118.93","118.31","5.90M","-0.65%"
"2014-11-05","119.16","118.91","119.37","118.82","4.80M","-0.14%"
"2014-11-04","119.33","119.42","119.91","119.08","3.66M","0.31%"
"2014-11-03","118.96","118.90","119.16","118.21","9.73M","-0.24%"
"2014-10-31","119.25","119.34","119.71","118.83","6.66M","-0.26%"
"2014-10-30","119.56","120.32","120.46","119.51","7.02M","0.08%"
"2014-10-29","119.46","118.96","119.82","118.42","9.11M","0.23%"
"2014-10-28","119.19","119.48","119.65","119.08","5.14M","-0.63%"
"2014-10-27","119.94","119.89","120.26","119.66","3.39M","0.18%"
"2014-10-24","119.72","119.93","120.41","119.47","5.70M","0.10%"
"2014-10-23","119.60","120.04","120.18","119.06","10.94M","-0.89%"
"2014-10-22","120.67","120.47","120.85","120.22","9.26M","0.11%"
"2014-10-21","120.54","120.84","121.24","120.53","9.76M","-0.80%"
"2014-10-20","121.51","121.78","121.85","120.94","7.74M","0.36%"
"2014-10-17","121.07","121.19","121.71","120.48","8.52M","-0.56%"
"2014-10-16","121.75","124.12","124.13","121.44","18.10M","-0.64%"
"2014-10-15","122.53","124.58","127.68","121.84","37.41M","0.79%"
"2014-10-14","121.57","121.31","121.78","120.68","11.29M","0.65%"
"2014-10-13","120.78","120.16","121.17","120.05","6.45M","0.61%"
"2014-10-10","120.05","119.52","120.08","119.31","8.78M","0.99%"
"2014-10-09","118.87","119.27","119.67","118.78","10.29M","-0.44%"
"2014-10-08","119.39","119.45","119.52","118.51","9.39M","0.03%"
"2014-10-07","119.36","118.31","119.43","118.18","8.84M","1.35%"
"2014-10-06","117.77","117.62","118.19","117.36","4.49M","0.06%"
"2014-10-03","117.70","117.00","117.77","116.82","8.56M","0.43%"
"2014-10-02","117.20","117.83","118.20","117.14","8.25M","-0.87%"
"2014-10-01","118.23","116.89","118.26","116.83","17.19M","1.69%"
"2014-09-30","116.27","116.66","117.04","116.13","7.28M","-0.56%"
"2014-09-29","116.93","117.00","117.17","116.66","6.79M","0.80%"
"2014-09-26","116.00","116.02","116.29","115.62","7.80M","-0.15%"
"2014-09-25","116.17","115.31","116.18","115.31","8.95M","1.18%"
"2014-09-24","114.81","115.29","115.55","114.64","5.22M","-0.55%"
"2014-09-23","115.45","114.91","115.47","114.77","6.37M","0.62%"
"2014-09-22","114.74","114.66","115.04","114.44","6.62M","0.12%"
"2014-09-19","114.60","113.58","114.68","113.20","13.24M","1.27%"
"2014-09-18","113.16","113.18","113.48","112.85","7.03M","0.32%"
"2014-09-17","112.80","113.53","113.83","112.73","12.92M","-0.26%"
"2014-09-16","113.09","113.61","113.86","113.08","9.31M","-0.41%"
"2014-09-15","113.55","113.85","114.07","113.36","5.51M","0.15%"
"2014-09-12","113.38","113.69","113.92","113.22","11.12M","-1.05%"
"2014-09-11","114.58","115.26","115.54","114.57","9.27M","-0.33%"
"2014-09-10","114.96","114.97","115.12","114.79","8.73M","-0.63%"
"2014-09-09","115.69","115.49","115.89","115.45","5.36M","-0.08%"
"2014-09-08","115.78","116.41","116.63","115.45","9.33M","0.04%"
"2014-09-05","115.73","116.44","116.60","115.44","6.89M","-0.19%"
"2014-09-04","115.95","116.62","116.88","115.93","12.53M","-1.22%"
"2014-09-03","117.38","116.40","117.38","116.31","6.55M","0.56%"
"2014-09-02","116.73","117.28","117.38","116.70","10.51M","-1.95%"
"2014-08-29","119.05","118.92","119.43","118.75","8.51M","0.07%"
"2014-08-28","118.97","119.13","119.37","118.67","9.46M","0.52%"
"2014-08-27","118.35","117.70","118.41","117.40","7.27M","0.85%"
"2014-08-26","117.35","117.94","117.99","117.21","5.49M","-0.32%"
"2014-08-25","117.73","117.45","117.78","117.21","5.76M","0.38%"
"2014-08-22","117.29","116.74","117.43","116.21","10.15M","0.56%"
"2014-08-21","116.64","116.07","116.76","116.02","6.79M","0.56%"
"2014-08-20","115.99","116.04","116.11","115.57","7.28M","-0.16%"
"2014-08-19","116.18","117.08","117.15","115.98","5.94M","-0.31%"
"2014-08-18","116.54","117.21","117.30","116.39","7.60M","-0.99%"
"2014-08-15","117.71","116.71","118.36","116.69","17.61M","1.09%"
"2014-08-14","116.44","115.93","116.50","115.39","9.03M","0.81%"
"2014-08-13","115.51","114.87","115.52","114.78","8.21M","0.65%"
"2014-08-12","114.76","115.41","115.44","114.73","8.13M","-0.65%"
"2014-08-11","115.51","115.65","115.82","115.29","6.67M","-0.01%"
"2014-08-08","115.52","115.93","116.42","115.38","9.54M","-0.22%"
"2014-08-07","115.77","114.84","115.77","114.57","9.75M","0.93%"
"2014-08-06","114.70","115.47","115.47","114.60","7.29M","0.06%"
"2014-08-05","114.63","114.07","114.80","113.68","8.04M","0.32%"
"2014-08-04","114.26","114.53","114.81","114.26","5.18M","-0.26%"
"2014-08-01","114.56","113.58","114.87","113.05","14.95M","0.51%"
"2014-07-31","113.98","113.53","114.58","113.47","18.25M","-0.30%"
"2014-07-30","114.32","115.15","115.38","114.17","12.26M","-1.39%"
"2014-07-29","115.93","115.87","116.07","115.42","6.58M","0.36%"
"2014-07-28","115.51","115.59","115.90","115.12","5.14M","-0.14%"
"2014-07-25","115.67","115.34","115.68","115.16","7.04M","1.18%"
"2014-07-24","114.32","114.52","114.58","114.25","6.61M","-0.75%"
"2014-07-23","115.18","115.51","115.63","115.17","3.49M","-0.13%"
"2014-07-22","115.33","115.09","115.46","114.65","5.75M","0.21%"
"2014-07-21","115.09","115.01","115.63","115.01","5.73M","0.50%"
"2014-07-18","114.52","114.88","114.96","114.11","6.68M","-0.32%"
"2014-07-17","114.89","114.23","115.05","113.94","10.91M","1.26%"
"2014-07-16","113.46","113.00","113.58","112.94","4.62M","0.53%"
"2014-07-15","112.86","112.83","113.47","112.50","7.72M","-0.20%"
"2014-07-14","113.09","113.28","113.41","112.93","4.74M","-0.43%"
"2014-07-11","113.58","113.35","113.68","113.28","4.68M","0.64%"
"2014-07-10","112.86","113.54","113.66","112.82","7.20M","0.03%"
"2014-07-09","112.83","112.66","113.14","112.38","6.40M","0.08%"
"2014-07-08","112.74","112.24","112.86","112.24","6.35M","1.12%"
"2014-07-07","111.49","111.27","111.81","111.23","5.93M","0.73%"
"2014-07-03","110.68","110.38","110.86","110.34","6.17M","-0.36%"
"2014-07-02","111.08","111.63","111.67","110.97","9.38M","-1.07%"
"2014-07-01","112.28","112.50","112.74","112.20","8.02M","-1.09%"
"2014-06-30","113.52","113.56","113.80","113.09","5.59M","0.25%"
"2014-06-27","113.24","113.68","113.82","113.17","7.22M","-0.15%"
"2014-06-26","113.41","113.21","113.80","113.21","6.63M","0.48%"
"2014-06-25","112.87","113.10","113.36","112.68","5.70M","0.26%"
"2014-06-24","112.58","112.15","112.65","111.82","9.70M","1.01%"
"2014-06-23","111.45","112.08","112.18","111.41","5.82M","-0.31%"
"2014-06-20","111.80","110.97","111.80","110.90","7.32M","0.76%"
"2014-06-19","110.96","112.51","112.56","110.74","14.22M","-1.28%"
"2014-06-18","112.40","111.80","112.76","111.56","11.26M","0.77%"
"2014-06-17","111.54","112.07","112.09","111.48","6.67M","-0.79%"
"2014-06-16","112.43","112.21","112.63","112.10","5.18M","0.25%"
"2014-06-13","112.15","111.57","112.62","111.53","5.41M","-0.05%"
"2014-06-12","112.21","111.30","112.35","111.00","9.78M","0.89%"
"2014-06-11","111.22","111.26","111.54","110.85","5.58M","0.18%"
"2014-06-10","111.02","111.04","111.27","110.83","5.99M","-0.37%"
"2014-06-09","111.43","111.45","111.64","111.20","5.17M","-0.14%"
"2014-06-06","111.59","112.13","112.41","111.49","7.83M","0.00%"
"2014-06-05","111.59","111.13","111.97","111.01","6.92M","0.04%"
"2014-06-04","111.54","111.76","111.82","111.27","7.88M","-0.03%"
"2014-06-03","111.57","112.41","112.54","111.51","12.69M","-1.23%"
"2014-06-02","112.96","113.04","113.68","112.55","11.73M","-1.00%"
"2014-05-30","114.10","113.96","114.40","113.81","6.52M","-0.04%"
"2014-05-29","114.15","114.87","115.19","114.13","10.69M","-0.53%"
"2014-05-28","114.76","114.10","114.84","114.09","10.36M","1.24%"
"2014-05-27","113.36","112.85","113.40","112.40","6.66M","0.59%"
"2014-05-23","112.70","112.52","112.91","112.45","3.84M","0.54%"
"2014-05-22","112.10","112.26","112.40","111.79","6.50M","-0.14%"
"2014-05-21","112.26","112.22","112.40","111.87","8.23M","-0.61%"
"2014-05-20","112.95","112.60","113.48","112.59","6.55M","0.22%"
"2014-05-19","112.70","113.93","113.96","112.62","7.40M","-0.74%"
"2014-05-16","113.54","113.61","114.00","113.42","5.02M","-0.28%"
"2014-05-15","113.86","113.78","114.41","113.60","12.63M","0.80%"
"2014-05-14","112.96","112.63","113.23","112.56","8.85M","1.08%"
"2014-05-13","111.75","111.44","111.75","111.33","5.50M","0.87%"
"2014-05-12","110.79","111.01","111.13","110.54","4.56M","-0.40%"
"2014-05-09","111.24","111.53","111.81","110.98","6.00M","-0.32%"
"2014-05-08","111.60","112.34","112.76","111.46","10.88M","-0.43%"
"2014-05-07","112.08","112.31","112.57","111.94","8.20M","-0.36%"
"2014-05-06","112.48","112.11","112.70","112.04","6.52M","0.40%"
"2014-05-05","112.03","112.76","112.81","111.89","8.04M","-0.60%"
"2014-05-02","112.71","111.54","113.10","111.30","12.70M","0.62%"
"2014-05-01","112.02","110.88","112.08","110.84","11.56M","0.83%"
"2014-04-30","111.10","110.72","111.26","110.38","7.72M","0.42%"
"2014-04-29","110.64","110.17","110.73","110.04","5.24M","-0.14%"
"2014-04-28","110.79","111.11","111.28","110.55","7.61M","-0.49%"
"2014-04-25","111.33","111.49","111.99","111.32","5.98M","0.14%"
"2014-04-24","111.17","110.45","111.21","110.45","6.34M","0.19%"
"2014-04-23","110.96","110.60","111.05","110.53","5.75M","0.57%"
"2014-04-22","110.33","109.66","110.49","109.61","5.75M","0.34%"
"2014-04-21","109.96","110.37","110.62","109.84","4.32M","-0.08%"
"2014-04-17","110.05","111.37","111.45","109.70","8.62M","-1.10%"
"2014-04-16","111.27","110.43","111.27","110.38","5.52M","0.13%"
"2014-04-15","111.13","110.61","111.51","110.35","7.75M","0.62%"
"2014-04-14","110.44","110.48","110.70","110.30","4.14M","-0.26%"
"2014-04-11","110.73","110.54","110.79","110.13","10.27M","0.81%"
"2014-04-10","109.84","108.92","110.22","108.90","12.71M","0.93%"
"2014-04-09","108.83","108.88","109.35","108.64","5.77M","-0.49%"
"2014-04-08","109.37","109.03","109.47","108.72","4.21M","0.24%"
"2014-04-07","109.11","108.62","109.29","108.60","7.56M","0.60%"
"2014-04-04","108.46","107.87","108.69","107.85","8.98M","0.67%"
"2014-04-03","107.74","107.52","107.93","107.44","4.94M","0.44%"
"2014-04-02","107.27","107.39","107.55","107.17","6.89M","-0.57%"
"2014-04-01","107.89","108.26","108.36","107.84","9.07M","-1.11%"
"2014-03-31","109.10","108.74","111.07","108.34","7.49M","-0.25%"
"2014-03-28","109.37","109.86","109.89","109.02","6.03M","-0.56%"
"2014-03-27","109.99","109.64","110.39","109.42","9.77M","0.50%"
"2014-03-26","109.44","108.55","109.47","108.48","7.15M","0.78%"
"2014-03-25","108.59","108.41","108.82","108.17","5.03M","-0.38%"
"2014-03-24","109.00","108.05","109.09","107.95","7.54M","0.71%"
"2014-03-21","108.23","107.41","108.32","107.37","8.99M","1.08%"
"2014-03-20","107.07","107.09","107.63","106.99","5.22M","-0.18%"
"2014-03-19","107.26","107.92","107.98","106.81","11.56M","-0.78%"
"2014-03-18","108.10","107.68","108.15","107.60","4.82M","0.36%"
"2014-03-17","107.71","108.18","108.30","107.67","7.38M","-0.75%"
"2014-03-14","108.52","108.97","108.98","108.32","9.24M","0.02%"
"2014-03-13","108.50","106.70","108.53","106.65","11.82M","1.35%"
"2014-03-12","107.06","106.92","107.26","106.78","6.43M","0.70%"
"2014-03-11","106.32","105.98","106.34","105.78","3.82M","0.26%"
"2014-03-10","106.04","105.94","106.11","105.78","3.74M","0.14%"
"2014-03-07","105.89","105.64","106.17","105.60","8.27M","-0.63%"
"2014-03-06","106.56","106.76","106.97","106.52","7.42M","-0.98%"
"2014-03-05","107.62","107.34","107.78","107.20","4.80M","0.21%"
"2014-03-04","107.39","108.35","108.35","107.36","8.07M","-1.50%"
"2014-03-03","109.03","108.88","109.18","108.64","11.10M","0.42%"
"2014-02-28","108.57","108.28","108.74","107.78","8.46M","0.06%"
"2014-02-27","108.51","108.28","108.56","108.10","5.39M","0.55%"
"2014-02-26","107.92","107.31","107.92","107.24","7.23M","0.53%"
"2014-02-25","107.35","106.91","107.36","106.89","6.23M","0.89%"
"2014-02-24","106.40","106.70","106.74","106.17","3.82M","-0.25%"
"2014-02-21","106.67","105.95","106.68","105.95","5.25M","0.53%"
"2014-02-20","106.11","106.32","106.63","105.69","5.10M","-0.24%"
"2014-02-19","106.37","107.18","107.18","106.30","5.52M","-0.42%"
"2014-02-18","106.82","106.66","107.20","106.62","4.86M","0.23%"
"2014-02-14","106.58","106.57","106.64","106.27","5.00M","0.06%"
"2014-02-13","106.52","106.59","106.73","106.29","6.87M","0.57%"
"2014-02-12","105.92","106.17","106.21","105.62","6.72M","-0.52%"
"2014-02-11","106.47","106.61","106.69","106.16","5.90M","-0.58%"
"2014-02-10","107.09","106.61","107.12","106.57","4.37M","0.28%"
"2014-02-07","106.79","106.46","107.22","106.44","7.09M","0.08%"
"2014-02-06","106.70","106.97","107.02","106.52","5.71M","-0.43%"
"2014-02-05","107.16","107.69","107.78","107.01","10.31M","-0.92%"
"2014-02-04","108.16","108.52","108.67","107.97","9.57M","-1.06%"
"2014-02-03","109.32","107.79","109.34","107.61","20.78M","0.96%"
"2014-01-31","108.28","108.20","108.41","107.85","14.69M","0.67%"
"2014-01-30","107.56","107.47","107.67","107.11","5.96M","-0.29%"
"2014-01-29","107.87","107.37","108.15","106.99","11.72M","0.82%"
"2014-01-28","106.99","106.91","106.99","106.55","5.67M","0.24%"
"2014-01-27","106.73","107.22","107.60","106.70","9.22M","-0.70%"
"2014-01-24","107.48","107.19","107.49","106.99","11.51M","0.65%"
"2014-01-23","106.79","105.88","107.09","105.88","12.96M","1.42%"
"2014-01-22","105.30","105.37","105.75","105.24","4.65M","-0.25%"
"2014-01-21","105.56","105.45","105.74","105.40","6.44M","0.08%"
"2014-01-17","105.48","104.86","105.52","104.79","7.59M","0.42%"
"2014-01-16","105.04","104.85","105.07","104.72","7.14M","0.67%"
"2014-01-15","104.34","104.04","104.51","103.93","7.51M","-0.11%"
"2014-01-14","104.45","104.65","104.83","104.39","10.34M","-0.46%"
"2014-01-13","104.93","104.51","105.14","104.46","9.67M","0.50%"
"2014-01-10","104.41","103.77","104.54","103.69","13.20M","1.19%"
"2014-01-09","103.18","102.97","103.21","102.51","6.99M","0.58%"
"2014-01-08","102.58","102.45","102.69","102.10","8.51M","-0.27%"
"2014-01-07","102.86","102.82","102.99","102.56","4.43M","0.25%"
"2014-01-06","102.60","102.38","103.00","102.37","7.80M","0.42%"
"2014-01-03","102.17","101.81","102.45","101.76","4.08M","0.00%"
"2014-01-02","102.17","101.72","102.39","101.69","8.58M","0.30%"
"2013-12-31","101.86","102.29","102.55","101.17","7.22M","-0.63%"
"2013-12-30","102.51","102.15","102.58","102.08","4.49M","0.69%"
"2013-12-27","101.81","102.07","102.31","101.69","4.76M","-0.28%"
"2013-12-26","102.10","102.35","102.36","102.01","4.65M","-0.71%"
"2013-12-24","102.83","103.23","103.35","102.80","4.90M","-0.80%"
"2013-12-23","103.66","104.05","104.41","103.66","6.38M","-0.57%"
"2013-12-20","104.25","103.72","104.29","103.30","12.43M","1.54%"
"2013-12-19","102.67","102.86","103.01","102.45","6.71M","-0.10%"
"2013-12-18","102.77","102.83","103.72","102.46","12.97M","-0.50%"
"2013-12-17","103.29","102.61","103.40","102.59","6.02M","0.45%"
"2013-12-16","102.83","103.58","103.69","102.73","6.38M","-0.37%"
"2013-12-13","103.21","103.14","103.30","102.79","6.47M","0.49%"
"2013-12-12","102.71","103.03","103.16","102.63","6.21M","-0.38%"
"2013-12-11","103.10","103.55","103.77","103.02","8.19M","-0.77%"
"2013-12-10","103.90","103.84","103.95","103.45","7.04M","0.72%"
"2013-12-09","103.16","102.90","103.23","102.83","5.68M","0.23%"
"2013-12-06","102.92","102.56","102.99","102.36","7.35M","0.48%"
"2013-12-05","102.43","102.48","102.85","102.22","7.45M","-0.28%"
"2013-12-04","102.72","102.75","103.05","102.38","8.50M","-0.95%"
"2013-12-03","103.71","103.70","103.96","103.46","5.08M","0.37%"
"2013-12-02","103.33","103.80","103.91","103.22","7.53M","-1.07%"
"2013-11-29","104.45","104.08","104.60","103.95","5.08M","0.03%"
"2013-11-27","104.42","104.68","104.70","103.96","6.06M","-0.17%"
"2013-11-26","104.60","104.49","104.93","104.48","6.66M","0.37%"
"2013-11-25","104.21","103.84","104.42","103.84","3.76M","0.29%"
"2013-11-22","103.91","103.49","104.13","103.48","7.95M","0.93%"
"2013-11-21","102.95","102.51","103.19","102.16","8.90M","0.17%"
"2013-11-20","102.78","104.42","104.84","102.65","14.19M","-1.70%"
"2013-11-19","104.56","104.95","105.14","104.41","7.25M","-0.76%"
"2013-11-18","105.36","104.65","105.41","104.65","5.45M","0.60%"
"2013-11-15","104.73","104.66","104.74","104.31","6.34M","0.20%"
"2013-11-14","104.52","104.31","105.12","104.15","8.90M","0.62%"
"2013-11-13","103.88","103.87","104.04","103.74","5.78M","0.37%"
"2013-11-12","103.50","103.21","103.59","103.18","4.84M","0.47%"
"2013-11-11","103.02","103.53","103.58","102.96","4.93M","-0.38%"
"2013-11-08","103.41","103.97","104.11","103.39","16.89M","-2.41%"
"2013-11-07","105.96","105.05","106.05","104.97","7.89M","0.85%"
"2013-11-06","105.07","104.94","105.14","104.69","5.64M","0.05%"
"2013-11-05","105.02","105.79","105.83","104.99","8.75M","-1.19%"
"2013-11-04","106.29","106.47","106.67","106.22","4.73M","0.09%"
"2013-11-01","106.19","106.97","107.00","106.14","11.35M","-1.35%"
"2013-10-31","107.64","107.91","108.01","107.14","11.45M","0.21%"
"2013-10-30","107.41","107.93","108.21","107.21","10.20M","-0.60%"
"2013-10-29","108.06","107.62","108.07","107.51","5.27M","0.13%"
"2013-10-28","107.92","108.01","108.38","107.91","6.47M","-0.34%"
"2013-10-25","108.29","108.13","108.45","108.08","4.43M","0.37%"
"2013-10-24","107.89","108.61","108.67","107.87","7.63M","-0.39%"
"2013-10-23","108.31","108.07","108.73","108.04","9.17M","0.39%"
"2013-10-22","107.89","107.60","108.12","107.56","9.71M","1.12%"
"2013-10-21","106.70","106.91","106.92","106.46","6.16M","-0.32%"
"2013-10-18","107.04","107.11","107.48","106.98","9.49M","0.22%"
"2013-10-17","106.81","106.52","107.12","106.29","11.31M","0.91%"
"2013-10-16","105.85","104.47","105.86","104.27","14.46M","1.25%"
"2013-10-15","104.54","105.15","105.30","104.53","8.29M","-0.07%"
"2013-10-14","104.61","105.39","105.64","104.33","4.21M","-0.80%"
"2013-10-11","105.46","106.16","106.23","105.41","6.50M","-0.03%"
"2013-10-10","105.49","104.80","105.53","104.51","9.95M","0.16%"
"2013-10-09","105.32","105.87","105.94","105.29","8.44M","-0.80%"
"2013-10-08","106.17","105.98","106.51","105.83","5.90M","0.03%"
"2013-10-07","106.14","106.20","106.36","105.98","5.76M","0.41%"
"2013-10-04","105.71","105.67","105.78","105.35","5.55M","-0.08%"
"2013-10-03","105.79","105.75","106.41","105.70","6.65M","-0.16%"
"2013-10-02","105.96","105.93","106.48","105.76","5.97M","0.15%"
"2013-10-01","105.80","105.90","106.03","105.53","7.59M","-0.56%"
"2013-09-30","106.40","106.66","106.90","106.18","8.44M","-0.15%"
"2013-09-27","106.56","106.29","106.82","106.25","6.46M","0.24%"
"2013-09-26","106.30","106.48","106.62","106.19","5.12M","-0.70%"
"2013-09-25","107.05","106.54","107.28","106.39","8.13M","0.21%"
"2013-09-24","106.83","105.99","106.84","105.85","11.45M","1.08%"
"2013-09-23","105.69","105.21","105.73","105.11","10.24M","0.73%"
"2013-09-20","104.93","104.69","105.18","104.45","8.42M","0.53%"
"2013-09-19","104.37","105.05","105.09","104.16","11.63M","-0.59%"
"2013-09-18","104.99","103.63","105.55","102.98","19.75M","1.23%"
"2013-09-17","103.71","103.37","103.74","102.97","8.80M","0.83%"
"2013-09-16","102.86","104.33","104.41","102.85","8.74M","-0.67%"
"2013-09-13","103.55","103.51","103.83","103.23","6.11M","0.39%"
"2013-09-12","103.15","103.85","104.00","103.06","6.25M","-0.14%"
"2013-09-11","103.29","102.92","103.31","102.19","8.96M","0.89%"
"2013-09-10","102.38","102.73","103.34","102.36","8.07M","-0.70%"
"2013-09-09","103.10","103.80","103.81","103.08","6.88M","0.05%"
"2013-09-06","103.05","103.25","103.82","102.81","9.48M","0.50%"
"2013-09-05","102.54","103.47","103.60","102.53","12.29M","-1.39%"
"2013-09-04","103.99","104.45","104.65","103.95","4.58M","-0.22%"
"2013-09-03","104.22","104.59","104.67","103.51","12.08M","-1.67%"
"2013-08-30","105.99","106.02","106.68","105.74","8.99M","-0.11%"
"2013-08-29","106.11","104.88","106.31","104.79","6.67M","0.80%"
"2013-08-28","105.27","105.41","105.57","104.94","7.50M","-0.81%"
"2013-08-27","106.13","105.29","106.25","105.04","11.57M","1.26%"
"2013-08-26","104.81","104.56","104.89","104.33","5.89M","0.50%"
"2013-08-23","104.29","103.01","104.39","102.74","17.44M","1.09%"
"2013-08-22","103.17","102.46","103.23","102.24","8.75M","1.02%"
"2013-08-21","102.13","102.77","103.20","102.11","13.25M","-1.09%"
"2013-08-20","103.26","102.89","103.36","102.85","10.05M","0.77%"
"2013-08-19","102.47","102.93","103.01","102.21","9.02M","-0.87%"
"2013-08-16","103.37","103.96","103.97","102.67","10.18M","-0.35%"
"2013-08-15","103.73","104.10","104.63","103.69","11.85M","-1.35%"
"2013-08-14","105.15","104.94","105.36","104.87","6.43M","0.15%"
"2013-08-13","104.99","105.33","105.36","104.80","11.49M","-1.45%"
"2013-08-12","106.53","107.61","107.63","106.47","7.56M","-0.68%"
"2013-08-09","107.26","106.60","107.26","106.48","3.62M","0.16%"
"2013-08-08","107.09","106.98","107.60","106.79","5.51M","0.27%"
"2013-08-07","106.80","106.17","106.94","106.17","7.18M","0.75%"
"2013-08-06","106.01","105.53","106.01","105.34","4.59M","0.29%"
"2013-08-05","105.70","106.19","106.25","105.54","6.61M","-0.77%"
"2013-08-02","106.52","106.01","106.61","105.98","9.57M","1.10%"
"2013-08-01","105.36","106.49","106.49","105.00","13.57M","-2.17%"
"2013-07-31","107.70","106.06","107.92","105.85","10.48M","0.36%"
"2013-07-30","107.31","107.71","107.76","107.05","3.64M","-0.04%"
"2013-07-29","107.35","107.65","107.82","107.07","6.40M","-0.73%"
"2013-07-26","108.14","108.04","108.28","107.64","6.80M","0.61%"
"2013-07-25","107.48","106.97","107.60","106.81","6.44M","-0.04%"
"2013-07-24","107.52","107.65","107.89","106.79","8.85M","-1.27%"
"2013-07-23","108.90","108.67","109.00","108.32","5.02M","-0.42%"
"2013-07-22","109.36","109.36","109.69","109.13","3.97M","0.15%"
"2013-07-19","109.20","108.31","109.21","108.25","8.52M","1.58%"
"2013-07-18","107.50","108.61","108.67","107.48","9.07M","-1.25%"
"2013-07-17","108.86","109.19","109.36","108.66","5.93M","0.18%"
"2013-07-16","108.66","108.43","108.76","108.27","3.65M","0.34%"
"2013-07-15","108.29","107.80","108.32","107.70","4.57M","0.53%"
"2013-07-12","107.72","108.34","108.47","107.34","4.73M","-0.08%"
"2013-07-11","107.81","107.45","107.87","106.94","10.04M","1.18%"
"2013-07-10","106.56","107.39","107.39","106.30","10.79M","-0.79%"
"2013-07-09","107.40","107.49","107.62","107.07","4.70M","0.10%"
"2013-07-08","107.29","107.07","107.56","106.95","8.04M","0.97%"
"2013-07-05","106.26","107.28","107.50","106.17","14.51M","-3.41%"
"2013-07-03","110.01","110.31","110.65","110.01","3.84M","-0.30%"
"2013-07-02","110.34","110.50","110.80","110.24","5.33M","-0.06%"
"2013-07-01","110.41","109.73","110.50","109.43","5.50M","-0.03%"
"2013-06-28","110.44","109.01","110.48","108.72","12.02M","0.68%"
"2013-06-27","109.69","109.54","109.97","108.95","12.03M","1.02%"
"2013-06-26","108.58","109.00","109.05","108.04","13.58M","0.65%"
"2013-06-25","107.88","108.90","109.02","107.86","11.08M","-0.89%"
"2013-06-24","108.85","107.83","109.39","107.76","24.59M","0.41%"
"2013-06-21","108.40","110.15","110.41","108.37","19.78M","-1.69%"
"2013-06-20","110.27","110.75","111.21","109.28","27.90M","-1.64%"
"2013-06-19","112.11","113.74","113.79","111.62","17.14M","-1.03%"
"2013-06-18","113.28","112.85","113.68","112.72","5.19M","0.05%"
"2013-06-17","113.22","114.02","114.08","113.00","5.98M","-0.53%"
"2013-06-14","113.82","114.10","114.66","113.82","6.68M","-0.24%"
"2013-06-13","114.09","113.07","114.17","112.89","12.51M","1.57%"
"2013-06-12","112.33","113.00","113.83","112.27","10.19M","-1.43%"
"2013-06-11","113.96","112.27","113.96","112.12","12.85M","1.19%"
"2013-06-10","112.62","112.70","113.12","112.38","7.89M","-0.48%"
"2013-06-07","113.16","114.22","114.83","113.16","10.46M","-1.79%"
"2013-06-06","115.22","114.88","116.79","114.41","8.93M","-0.06%"
"2013-06-05","115.29","114.29","115.32","114.13","8.06M","1.38%"
"2013-06-04","113.72","113.96","114.49","113.66","7.50M","-0.92%"
"2013-06-03","114.78","113.78","115.49","113.70","15.56M","0.29%"
"2013-05-31","114.45","114.97","115.02","113.17","18.16M","-0.34%"
"2013-05-30","114.84","115.25","115.37","114.53","10.01M","-0.24%"
"2013-05-29","115.12","114.62","115.18","114.46","11.30M","1.12%"
"2013-05-28","113.84","116.09","116.27","113.82","13.57M","-2.54%"
"2013-05-24","116.80","116.98","117.42","116.71","5.36M","0.14%"
"2013-05-23","116.64","117.15","117.24","115.77","9.21M","0.47%"
"2013-05-22","116.09","118.02","118.55","115.80","18.36M","-1.49%"
"2013-05-21","117.84","116.93","117.87","116.42","7.78M","0.79%"
"2013-05-20","116.92","117.63","117.67","116.79","5.84M","-0.12%"
"2013-05-17","117.06","117.95","118.15","116.98","7.44M","-1.27%"
"2013-05-16","118.56","117.97","118.94","117.93","8.46M","1.04%"
"2013-05-15","117.34","117.53","117.72","116.42","14.61M","0.67%"
"2013-05-14","116.56","118.35","118.44","116.54","9.24M","-1.09%"
"2013-05-13","117.84","117.88","118.19","117.63","8.05M","-0.77%"
"2013-05-10","118.75","119.76","119.79","117.85","11.69M","-15.40%"